# Blender 4.3.2
# www.blender.org
mtllib SalaInicial2.mtl
o AreaPortal
v -5.861557 -1.213517 2.590182
v -5.861705 1.218972 2.587282
v -5.858498 1.215799 -0.074587
v -5.858349 -1.216689 -0.071687
v -10.019989 -1.213777 2.585171
v -10.020138 1.218712 2.582272
v -10.016931 1.215539 -0.079597
v -10.016782 -1.216950 -0.076698
vn 1.0000 0.0001 0.0012
vn -0.0012 0.0012 1.0000
vn 0.0012 -0.0012 -1.0000
vn -0.0001 1.0000 -0.0012
vn 0.0001 -1.0000 0.0012
vt 0.343604 0.656396
vt 0.656396 0.343604
vt 0.343604 0.343604
vt 0.656396 0.656396
s 1
usemtl Material.001
f 5/1/1 7/2/1 6/3/1
f 3/2/2 8/4/2 4/4/2
f 1/1/3 6/3/3 2/3/3
f 4/4/4 5/1/4 1/1/4
f 2/3/5 7/2/5 3/2/5
f 5/1/1 8/4/1 7/2/1
f 3/2/2 7/2/2 8/4/2
f 1/1/3 5/1/3 6/3/3
f 4/4/4 8/4/4 5/1/4
f 2/3/5 6/3/5 7/2/5
o ParedesFT
v 5.054419 5.133658 6.075643
v 5.061831 5.126327 -0.075675
v 5.055046 -5.118542 6.087864
v 5.062458 -5.125874 -0.063453
v -5.069687 5.133025 6.063444
v -5.062275 5.125693 -0.087873
v -5.069061 -5.119175 6.075665
v -5.061649 -5.126507 -0.075652
v -5.065107 -1.213467 2.591142
v -5.065256 1.219022 2.588242
v -5.062048 1.215849 -0.073627
v -5.061899 -1.216640 -0.070727
v -5.861557 -1.213517 2.590182
v -5.861705 1.218972 2.587282
v -5.858498 1.215799 -0.074587
v -5.858349 -1.216689 -0.071687
vn -1.0000 -0.0001 -0.0012
vn -0.0001 1.0000 -0.0012
vn 1.0000 0.0001 0.0012
vn 0.0001 -1.0000 0.0012
vn -0.0012 0.0012 1.0000
vn 0.0012 -0.0012 -1.0000
vt -1.518264 -0.063597
vt 2.530666 2.365762
vt -1.518264 2.365761
vt 0.986536 -0.059811
vt 0.986536 0.991449
vt 0.025866 0.991449
vt -1.518264 2.365762
vt 0.025866 -0.059811
vt 2.530666 -0.063597
s 1
usemtl Concreto
f 10/5/6 11/6/6 9/7/6
f 20/8/7 21/9/7 17/9/7
f 18/10/8 15/6/8 17/9/8
f 18/10/8 14/5/8 13/11/8
f 20/8/8 14/5/8 19/12/8
f 17/9/8 16/13/8 20/8/8
f 18/10/9 23/12/9 19/12/9
f 19/12/10 24/8/10 20/8/10
f 17/9/11 22/10/11 18/10/11
f 10/5/6 12/13/6 11/6/6
f 20/8/7 24/8/7 21/9/7
f 18/10/8 13/11/8 15/6/8
f 18/10/8 19/12/8 14/5/8
f 20/8/8 16/13/8 14/5/8
f 17/9/8 15/6/8 16/13/8
f 18/10/9 22/10/9 23/12/9
f 19/12/10 23/12/10 24/8/10
f 17/9/11 21/9/11 22/10/11
o ParedesLat
v -5.133730 5.068974 6.063444
v -5.126318 5.061643 -0.087873
v 5.118470 5.069615 6.075797
v 5.125882 5.062284 -0.075520
v -5.133111 -5.055131 6.075512
v -5.125700 -5.062463 -0.075805
v 5.119089 -5.054490 6.087865
v 5.126501 -5.061822 -0.063452
vn 0.0001 -1.0000 0.0012
vn -0.0001 1.0000 -0.0012
vt 2.530189 -0.087193
vt -1.505385 2.364555
vt -1.505385 -0.087193
vt 2.530189 2.364555
s 1
usemtl Concreto
f 26/14/12 27/15/12 25/16/12
f 31/15/13 30/14/13 29/16/13
f 26/14/12 28/17/12 27/15/12
f 31/15/13 32/17/13 30/14/13
o Pilares
v -4.710196 4.230146 0.631246
v -4.715714 4.235605 5.211085
v -4.700349 4.130231 0.631377
v -4.705868 4.135690 5.211216
v -4.671199 4.034156 0.631527
v -4.676718 4.039615 5.211366
v -4.623867 3.945615 0.631689
v -4.629385 3.951074 5.211529
v -4.560169 3.868009 0.631859
v -4.565688 3.873468 5.211698
v -4.482554 3.804322 0.632028
v -4.488073 3.809781 5.211867
v -4.394006 3.757000 0.632191
v -4.399525 3.762459 5.212030
v -4.297931 3.727861 0.632342
v -4.303450 3.733320 5.212181
v -4.198013 3.718026 0.632474
v -4.203532 3.723485 5.212313
v -4.098097 3.727873 0.632582
v -4.103616 3.733332 5.212422
v -4.002024 3.757024 0.632663
v -4.007543 3.762483 5.212502
v -3.913482 3.804358 0.632714
v -3.919001 3.809817 5.212553
v -3.835877 3.868054 0.632731
v -3.841396 3.873513 5.212571
v -3.772189 3.945668 0.632716
v -3.777708 3.951127 5.212555
v -3.724866 4.034216 0.632667
v -3.730385 4.039675 5.212506
v -3.695728 4.130293 0.632588
v -3.701247 4.135752 5.212427
v -3.685893 4.230210 0.632480
v -3.691412 4.235669 5.212319
v -3.695740 4.330125 0.632349
v -3.701259 4.335584 5.212189
v -3.724890 4.426199 0.632200
v -3.730409 4.431658 5.212039
v -3.772224 4.514741 0.632037
v -3.777742 4.520200 5.211876
v -3.835921 4.592346 0.631868
v -3.841440 4.597805 5.211707
v -3.913534 4.656034 0.631699
v -3.919053 4.661493 5.211538
v -4.002082 4.703357 0.631535
v -4.007601 4.708816 5.211375
v -4.098158 4.732495 0.631385
v -4.103677 4.737954 5.211224
v -4.198076 4.742329 0.631253
v -4.203595 4.747788 5.211092
v -4.297992 4.732482 0.631144
v -4.303511 4.737941 5.210983
v -4.394064 4.703332 0.631063
v -4.399583 4.708791 5.210902
v -4.482607 4.655999 0.631013
v -4.488126 4.661458 5.210852
v -4.560213 4.592301 0.630995
v -4.565732 4.597760 5.210835
v -4.623901 4.514688 0.631011
v -4.629420 4.520147 5.210850
v -4.671223 4.426140 0.631060
v -4.676742 4.431599 5.210899
v -4.700362 4.330063 0.631139
v -4.705881 4.335522 5.210978
v -4.735062 4.230112 0.604299
v -4.724737 4.125340 0.604437
v -4.694170 4.024594 0.604594
v -4.644536 3.931749 0.604764
v -4.577741 3.850370 0.604941
v -4.496354 3.783587 0.605119
v -4.403502 3.733963 0.605290
v -4.302753 3.703408 0.605448
v -4.197979 3.693095 0.605587
v -4.093206 3.703421 0.605700
v -3.992461 3.733989 0.605785
v -3.899616 3.783624 0.605838
v -3.818238 3.850418 0.605857
v -3.751453 3.931805 0.605840
v -3.701829 4.024657 0.605789
v -3.671274 4.125406 0.605706
v -3.660962 4.230179 0.605593
v -3.671287 4.334952 0.605456
v -3.701854 4.435697 0.605299
v -3.751489 4.528543 0.605129
v -3.818284 4.609921 0.604951
v -3.899670 4.676705 0.604774
v -3.992522 4.726328 0.604603
v -4.093271 4.756884 0.604445
v -4.198045 4.767196 0.604306
v -4.302818 4.756871 0.604192
v -4.403563 4.726303 0.604107
v -4.496408 4.676667 0.604055
v -4.577787 4.609873 0.604036
v -4.644572 4.528487 0.604053
v -4.694194 4.435635 0.604104
v -4.724749 4.334886 0.604187
v -4.735017 4.230067 0.566616
v -4.724691 4.125295 0.566754
v -4.694124 4.024549 0.566911
v -4.644491 3.931704 0.567081
v -4.577695 3.850325 0.567259
v -4.496309 3.783541 0.567436
v -4.403456 3.733918 0.567607
v -4.302708 3.703363 0.567765
v -4.197934 3.693050 0.567904
v -4.093161 3.703376 0.568018
v -3.992416 3.733944 0.568102
v -3.899570 3.783579 0.568155
v -3.818192 3.850373 0.568174
v -3.751407 3.931760 0.568157
v -3.701784 4.024612 0.568106
v -3.671229 4.125361 0.568023
v -3.660917 4.230134 0.567910
v -3.671242 4.334908 0.567773
v -3.701809 4.435652 0.567616
v -3.751444 4.528498 0.567446
v -3.818239 4.609876 0.567268
v -3.899625 4.676660 0.567091
v -3.992476 4.726283 0.566920
v -4.093225 4.756839 0.566762
v -4.198000 4.767151 0.566623
v -4.302773 4.756826 0.566509
v -4.403517 4.726258 0.566424
v -4.496363 4.676622 0.566372
v -4.577742 4.609828 0.566353
v -4.644527 4.528442 0.566370
v -4.694149 4.435590 0.566421
v -4.724704 4.334841 0.566504
v -4.785294 4.230028 0.536050
v -4.774000 4.115439 0.536200
v -4.740570 4.005256 0.536372
v -4.686284 3.903712 0.536558
v -4.613234 3.814710 0.536752
v -4.524222 3.741669 0.536946
v -4.422671 3.687398 0.537133
v -4.312483 3.653980 0.537306
v -4.197895 3.642701 0.537458
v -4.083306 3.653994 0.537582
v -3.973122 3.687426 0.537675
v -3.871579 3.741710 0.537733
v -3.782577 3.814762 0.537753
v -3.709535 3.903773 0.537735
v -3.655263 4.005324 0.537679
v -3.621846 4.115511 0.537588
v -3.610567 4.230102 0.537465
v -3.621860 4.344689 0.537315
v -3.655291 4.454873 0.537143
v -3.709576 4.556417 0.536957
v -3.782627 4.645419 0.536763
v -3.871637 4.718459 0.536569
v -3.973189 4.772732 0.536381
v -4.083377 4.806149 0.536209
v -4.197966 4.817428 0.536057
v -4.312554 4.806135 0.535933
v -4.422738 4.772704 0.535840
v -4.524282 4.718419 0.535782
v -4.613285 4.645367 0.535762
v -4.686324 4.556355 0.535780
v -4.740598 4.454805 0.535836
v -4.774014 4.344617 0.535927
v -4.785233 4.229968 0.485806
v -4.773940 4.115379 0.485956
v -4.740510 4.005196 0.486128
v -4.686224 3.903652 0.486314
v -4.613173 3.814650 0.486508
v -4.524161 3.741609 0.486702
v -4.422611 3.687338 0.486890
v -4.312423 3.653920 0.487062
v -4.197834 3.642641 0.487214
v -4.083246 3.653934 0.487338
v -3.973062 3.687366 0.487431
v -3.871518 3.741650 0.487489
v -3.782516 3.814702 0.487509
v -3.709474 3.903713 0.487491
v -3.655202 4.005264 0.487435
v -3.621785 4.115451 0.487344
v -3.610506 4.230042 0.487221
v -3.621799 4.344629 0.487071
v -3.655230 4.454813 0.486899
v -3.709515 4.556357 0.486713
v -3.782567 4.645359 0.486519
v -3.871577 4.718399 0.486325
v -3.973128 4.772672 0.486138
v -4.083316 4.806089 0.485965
v -4.197906 4.817368 0.485813
v -4.312493 4.806075 0.485689
v -4.422677 4.772644 0.485596
v -4.524221 4.718359 0.485538
v -4.613224 4.645307 0.485518
v -4.686264 4.556295 0.485536
v -4.740537 4.454745 0.485592
v -4.773954 4.344557 0.485683
v -4.749091 4.229955 0.473288
v -4.738492 4.122415 0.473429
v -4.707118 4.019009 0.473590
v -4.656173 3.923710 0.473765
v -4.587615 3.840181 0.473948
v -4.504076 3.771634 0.474130
v -4.408772 3.720700 0.474305
v -4.305364 3.689338 0.474467
v -4.197821 3.678753 0.474610
v -4.090282 3.689352 0.474727
v -3.986875 3.720726 0.474814
v -3.891576 3.771672 0.474868
v -3.808047 3.840230 0.474887
v -3.739498 3.923767 0.474870
v -3.688565 4.019073 0.474818
v -3.657202 4.122482 0.474732
v -3.646617 4.230024 0.474617
v -3.657216 4.337564 0.474476
v -3.688591 4.440971 0.474315
v -3.739536 4.536269 0.474140
v -3.808095 4.619798 0.473958
v -3.891631 4.688345 0.473775
v -3.986936 4.739279 0.473600
v -4.090348 4.770642 0.473438
v -4.197888 4.781227 0.473295
v -4.305429 4.770628 0.473179
v -4.408834 4.739253 0.473091
v -4.504132 4.688307 0.473037
v -4.587662 4.619749 0.473018
v -4.656210 4.536211 0.473035
v -4.707143 4.440907 0.473087
v -4.738506 4.337497 0.473173
v -4.748992 4.229857 0.390744
v -4.738393 4.122317 0.390885
v -4.707018 4.018911 0.391046
v -4.656074 3.923612 0.391221
v -4.587515 3.840083 0.391404
v -4.503977 3.771535 0.391586
v -4.408673 3.720601 0.391762
v -4.305264 3.689240 0.391924
v -4.197721 3.678654 0.392066
v -4.090183 3.689253 0.392183
v -3.986775 3.720628 0.392270
v -3.891476 3.771574 0.392324
v -3.807948 3.840132 0.392343
v -3.739399 3.923669 0.392326
v -3.688466 4.018974 0.392274
v -3.657103 4.122384 0.392188
v -3.646518 4.229926 0.392073
v -3.657116 4.337466 0.391932
v -3.688491 4.440873 0.391771
v -3.739436 4.536171 0.391596
v -3.807995 4.619699 0.391414
v -3.891531 4.688247 0.391231
v -3.986837 4.739181 0.391056
v -4.090249 4.770544 0.390894
v -4.197789 4.781129 0.390752
v -4.305330 4.770530 0.390635
v -4.408735 4.739155 0.390547
v -4.504033 4.688209 0.390493
v -4.587563 4.619650 0.390474
v -4.656111 4.536113 0.390491
v -4.707044 4.440809 0.390544
v -4.738407 4.337399 0.390629
v -4.832099 4.229824 0.367316
v -4.819902 4.106064 0.367479
v -4.783795 3.987063 0.367664
v -4.725167 3.877393 0.367865
v -4.646269 3.781267 0.368075
v -4.550133 3.702381 0.368285
v -4.440455 3.643765 0.368487
v -4.321449 3.607673 0.368673
v -4.197689 3.595492 0.368837
v -4.073929 3.607688 0.368971
v -3.954927 3.643796 0.369072
v -3.845257 3.702425 0.369134
v -3.749131 3.781323 0.369156
v -3.670244 3.877458 0.369136
v -3.611629 3.987136 0.369076
v -3.575536 4.106142 0.368978
v -3.563355 4.229903 0.368845
v -3.575551 4.353662 0.368683
v -3.611658 4.472663 0.368497
v -3.670287 4.582335 0.368296
v -3.749186 4.678460 0.368086
v -3.845321 4.757347 0.367877
v -3.954999 4.815962 0.367675
v -4.074006 4.852054 0.367488
v -4.197766 4.864235 0.367325
v -4.321526 4.852038 0.367190
v -4.440527 4.815932 0.367090
v -4.550198 4.757303 0.367027
v -4.646324 4.678404 0.367006
v -4.725210 4.582269 0.367025
v -4.783825 4.472590 0.367085
v -4.819918 4.353584 0.367184
v -4.831958 4.229685 0.250677
v -4.819762 4.105926 0.250840
v -4.783655 3.986924 0.251025
v -4.725027 3.877254 0.251226
v -4.646128 3.781128 0.251436
v -4.549992 3.702242 0.251646
v -4.440315 3.643626 0.251848
v -4.321309 3.607534 0.252034
v -4.197548 3.595353 0.252198
v -4.073789 3.607549 0.252333
v -3.954787 3.643657 0.252433
v -3.845117 3.702286 0.252495
v -3.748991 3.781184 0.252517
v -3.670104 3.877319 0.252497
v -3.611488 3.986997 0.252437
v -3.575395 4.106003 0.252339
v -3.563215 4.229764 0.252206
v -3.575411 4.353523 0.252044
v -3.611518 4.472525 0.251859
v -3.670146 4.582196 0.251657
v -3.749045 4.678321 0.251448
v -3.845181 4.757208 0.251238
v -3.954859 4.815823 0.251036
v -4.073865 4.851915 0.250849
v -4.197625 4.864097 0.250686
v -4.321385 4.851899 0.250551
v -4.440386 4.815793 0.250451
v -4.550057 4.757164 0.250388
v -4.646183 4.678265 0.250367
v -4.725070 4.582130 0.250386
v -4.783684 4.472452 0.250446
v -4.819777 4.353445 0.250545
v -4.783894 4.229662 0.229202
v -4.772619 4.115275 0.229352
v -4.739248 4.005285 0.229524
v -4.685059 3.903919 0.229710
v -4.612135 3.815073 0.229904
v -4.523279 3.742161 0.230098
v -4.421906 3.687984 0.230284
v -4.311914 3.654626 0.230457
v -4.197525 3.643366 0.230608
v -4.083138 3.654640 0.230732
v -3.973148 3.688012 0.230825
v -3.871782 3.742201 0.230883
v -3.782936 3.815125 0.230903
v -3.710023 3.903980 0.230885
v -3.655846 4.005353 0.230829
v -3.622487 4.115347 0.230738
v -3.611228 4.229735 0.230615
v -3.622501 4.344122 0.230465
v -3.655874 4.454113 0.230294
v -3.710063 4.555479 0.230108
v -3.782986 4.644324 0.229914
v -3.871840 4.717237 0.229720
v -3.973214 4.771413 0.229534
v -4.083208 4.804772 0.229361
v -4.197597 4.816031 0.229210
v -4.311985 4.804758 0.229086
v -4.421972 4.771385 0.228993
v -4.523339 4.717196 0.228935
v -4.612186 4.644273 0.228915
v -4.685099 4.555418 0.228933
v -4.739275 4.454044 0.228989
v -4.772634 4.344050 0.229080
v -4.783870 4.229639 0.209463
v -4.772595 4.115252 0.209613
v -4.739224 4.005261 0.209785
v -4.685035 3.903896 0.209971
v -4.612112 3.815049 0.210165
v -4.523255 3.742137 0.210359
v -4.421883 3.687960 0.210545
v -4.311890 3.654602 0.210718
v -4.197501 3.643342 0.210869
v -4.083114 3.654617 0.210993
v -3.973124 3.687989 0.211086
v -3.871758 3.742178 0.211144
v -3.782912 3.815101 0.211164
v -3.709999 3.903957 0.211146
v -3.655823 4.005330 0.211090
v -3.622463 4.115324 0.210999
v -3.611204 4.229712 0.210876
v -3.622477 4.344099 0.210726
v -3.655850 4.454089 0.210555
v -3.710039 4.555455 0.210369
v -3.782963 4.644301 0.210175
v -3.871817 4.717213 0.209981
v -3.973190 4.771390 0.209795
v -4.083184 4.804749 0.209622
v -4.197573 4.816008 0.209471
v -4.311961 4.804735 0.209347
v -4.421948 4.771362 0.209254
v -4.523315 4.717173 0.209196
v -4.612162 4.644250 0.209176
v -4.685075 4.555395 0.209194
v -4.739252 4.454021 0.209250
v -4.772610 4.344027 0.209341
v -4.940894 4.229603 0.187741
v -4.926600 4.084577 0.187931
v -4.884289 3.945127 0.188149
v -4.815585 3.816610 0.188385
v -4.723130 3.703966 0.188630
v -4.610474 3.611524 0.188876
v -4.481949 3.542836 0.189113
v -4.342493 3.500542 0.189331
v -4.197465 3.486267 0.189523
v -4.052440 3.500560 0.189681
v -3.912989 3.542872 0.189798
v -3.784472 3.611576 0.189871
v -3.671827 3.704032 0.189897
v -3.579385 3.816688 0.189874
v -3.510698 3.945213 0.189804
v -3.468403 4.084668 0.189688
v -3.454128 4.229696 0.189533
v -3.468420 4.374722 0.189343
v -3.510733 4.514172 0.189125
v -3.579436 4.642690 0.188889
v -3.671891 4.755333 0.188644
v -3.784547 4.847775 0.188398
v -3.913072 4.916463 0.188161
v -4.052528 4.958757 0.187943
v -4.197556 4.973032 0.187751
v -4.342582 4.958739 0.187593
v -4.482033 4.916427 0.187476
v -4.610549 4.847724 0.187403
v -4.723194 4.755268 0.187377
v -4.815636 4.642612 0.187400
v -4.884324 4.514086 0.187470
v -4.926618 4.374630 0.187586
v -4.940552 4.229265 -0.095780
v -4.926258 4.084239 -0.095590
v -4.883948 3.944789 -0.095373
v -4.815244 3.816272 -0.095137
v -4.722788 3.703628 -0.094891
v -4.610132 3.611186 -0.094645
v -4.481608 3.542498 -0.094409
v -4.342152 3.500204 -0.094190
v -4.197124 3.485929 -0.093999
v -4.052098 3.500222 -0.093841
v -3.912647 3.542534 -0.093723
v -3.784131 3.611238 -0.093650
v -3.671485 3.703694 -0.093625
v -3.579043 3.816350 -0.093648
v -3.510356 3.944875 -0.093718
v -3.468061 4.084330 -0.093833
v -3.453786 4.229358 -0.093989
v -3.468079 4.374383 -0.094179
v -3.510391 4.513834 -0.094396
v -3.579094 4.642352 -0.094632
v -3.671550 4.754995 -0.094878
v -3.784205 4.847437 -0.095124
v -3.912730 4.916125 -0.095361
v -4.052187 4.958419 -0.095579
v -4.197215 4.972694 -0.095771
v -4.342240 4.958401 -0.095928
v -4.481692 4.916089 -0.096046
v -4.610208 4.847386 -0.096119
v -4.722852 4.754930 -0.096145
v -4.815294 4.642274 -0.096122
v -4.883983 4.513748 -0.096051
v -4.926276 4.374292 -0.095936
v -4.818694 4.235701 5.296524
v -4.806868 4.115715 5.296681
v -4.771863 4.000342 5.296861
v -4.715023 3.894016 5.297056
v -4.638531 3.800822 5.297259
v -4.545326 3.724340 5.297462
v -4.438993 3.667513 5.297658
v -4.323615 3.632521 5.297839
v -4.203629 3.620711 5.297998
v -4.083644 3.632536 5.298128
v -3.968271 3.667542 5.298226
v -3.861945 3.724383 5.298286
v -3.768750 3.800876 5.298307
v -3.692269 3.894079 5.298288
v -3.635441 4.000413 5.298230
v -3.600449 4.115791 5.298135
v -3.588639 4.235777 5.298006
v -3.600464 4.355762 5.297849
v -3.635469 4.471135 5.297669
v -3.692311 4.577462 5.297473
v -3.768803 4.670656 5.297270
v -3.862007 4.747137 5.297067
v -3.968341 4.803965 5.296871
v -4.083718 4.838957 5.296690
v -4.203704 4.850766 5.296532
v -4.323689 4.838942 5.296401
v -4.439062 4.803936 5.296304
v -4.545389 4.747094 5.296244
v -4.638584 4.670601 5.296222
v -4.715065 4.577397 5.296241
v -4.771892 4.471064 5.296299
v -4.806882 4.355687 5.296395
v -4.818842 4.235847 5.419734
v -4.807016 4.115862 5.419891
v -4.772011 4.000489 5.420071
v -4.715171 3.894162 5.420266
v -4.638679 3.800968 5.420469
v -4.545475 3.724487 5.420672
v -4.439141 3.667660 5.420868
v -4.323763 3.632668 5.421049
v -4.203777 3.620858 5.421208
v -4.083793 3.632683 5.421338
v -3.968419 3.667690 5.421435
v -3.862093 3.724530 5.421496
v -3.768898 3.801023 5.421517
v -3.692418 3.894226 5.421498
v -3.635589 4.000560 5.421440
v -3.600597 4.115938 5.421345
v -3.588788 4.235924 5.421216
v -3.600612 4.355909 5.421059
v -3.635618 4.471282 5.420879
v -3.692459 4.577610 5.420683
v -3.768951 4.670803 5.420480
v -3.862155 4.747283 5.420277
v -3.968489 4.804112 5.420081
v -4.083866 4.839104 5.419900
v -4.203853 4.850913 5.419742
v -4.323837 4.839089 5.419611
v -4.439210 4.804083 5.419514
v -4.545537 4.747241 5.419454
v -4.638732 4.670749 5.419432
v -4.715213 4.577545 5.419451
v -4.772040 4.471210 5.419509
v -4.807031 4.355834 5.419605
v -4.743681 4.235872 5.436936
v -4.733302 4.130555 5.437074
v -4.702576 4.029284 5.437232
v -4.652683 3.935955 5.437403
v -4.585541 3.854153 5.437582
v -4.503731 3.787021 5.437760
v -4.410395 3.737140 5.437932
v -4.309122 3.706427 5.438091
v -4.203803 3.696059 5.438230
v -4.098485 3.706440 5.438344
v -3.997215 3.737166 5.438430
v -3.903886 3.787059 5.438483
v -3.822084 3.854201 5.438501
v -3.754951 3.936011 5.438485
v -3.705070 4.029347 5.438434
v -3.674356 4.130621 5.438350
v -3.663989 4.235940 5.438237
v -3.674369 4.341258 5.438099
v -3.705095 4.442527 5.437941
v -3.754987 4.535856 5.437770
v -3.822131 4.617658 5.437592
v -3.903940 4.684791 5.437413
v -3.997276 4.734673 5.437241
v -4.098549 4.765386 5.437082
v -4.203868 4.775752 5.436943
v -4.309187 4.765373 5.436829
v -4.410456 4.734646 5.436743
v -4.503786 4.684753 5.436690
v -4.585588 4.617611 5.436672
v -4.652719 4.535800 5.436688
v -4.702601 4.442465 5.436739
v -4.733315 4.341191 5.436823
v -4.743919 4.236107 5.633729
v -4.733540 4.130788 5.633868
v -4.702813 4.029519 5.634026
v -4.652921 3.936189 5.634197
v -4.585778 3.854388 5.634375
v -4.503969 3.787256 5.634554
v -4.410632 3.737375 5.634726
v -4.309360 3.706660 5.634884
v -4.204040 3.696294 5.635024
v -4.098722 3.706673 5.635138
v -3.997452 3.737401 5.635223
v -3.904123 3.787294 5.635276
v -3.822321 3.854435 5.635295
v -3.755188 3.936246 5.635278
v -3.705307 4.029582 5.635227
v -3.674593 4.130855 5.635144
v -3.664226 4.236174 5.635030
v -3.674606 4.341492 5.634892
v -3.705332 4.442762 5.634735
v -3.755224 4.536091 5.634563
v -3.822368 4.617893 5.634385
v -3.904177 4.685025 5.634206
v -3.997513 4.734907 5.634035
v -4.098787 4.765620 5.633876
v -4.204106 4.775987 5.633737
v -4.309424 4.765607 5.633622
v -4.410693 4.734880 5.633537
v -4.504024 4.684988 5.633483
v -4.585825 4.617845 5.633465
v -4.652957 4.536035 5.633482
v -4.702838 4.442699 5.633533
v -4.733552 4.341426 5.633616
v -4.798364 4.236138 5.662755
v -4.786937 4.120206 5.662907
v -4.753114 4.008729 5.663081
v -4.698193 3.905993 5.663269
v -4.624284 3.815947 5.663465
v -4.534227 3.742050 5.663662
v -4.431486 3.687140 5.663851
v -4.320005 3.653331 5.664026
v -4.204072 3.641919 5.664179
v -4.088138 3.653346 5.664305
v -3.976662 3.687169 5.664399
v -3.873927 3.742091 5.664458
v -3.783880 3.816000 5.664478
v -3.709982 3.906055 5.664460
v -3.655073 4.008798 5.664403
v -3.621263 4.120279 5.664311
v -3.609852 4.236212 5.664187
v -3.621277 4.352145 5.664035
v -3.655101 4.463621 5.663861
v -3.710022 4.566357 5.663673
v -3.783931 4.656403 5.663476
v -3.873987 4.730300 5.663280
v -3.976730 4.785210 5.663091
v -4.088210 4.819019 5.662916
v -4.204144 4.830431 5.662763
v -4.320077 4.819004 5.662636
v -4.431553 4.785182 5.662542
v -4.534287 4.730260 5.662484
v -4.624334 4.656350 5.662464
v -4.698233 4.566295 5.662482
v -4.753142 4.463552 5.662539
v -4.786952 4.352072 5.662631
v -4.798438 4.236212 5.724360
v -4.787012 4.120279 5.724512
v -4.753188 4.008802 5.724686
v -4.698267 3.906067 5.724874
v -4.624358 3.816020 5.725070
v -4.534302 3.742123 5.725267
v -4.431561 3.687213 5.725456
v -4.320080 3.653405 5.725631
v -4.204146 3.641993 5.725784
v -4.088212 3.653419 5.725910
v -3.976737 3.687242 5.726004
v -3.874001 3.742165 5.726063
v -3.783954 3.816073 5.726083
v -3.710056 3.906129 5.726065
v -3.655148 4.008871 5.726008
v -3.621337 4.120352 5.725916
v -3.609927 4.236286 5.725792
v -3.621352 4.352219 5.725640
v -3.655175 4.463695 5.725466
v -3.710097 4.566430 5.725278
v -3.784005 4.656476 5.725081
v -3.874062 4.730374 5.724885
v -3.976804 4.785283 5.724696
v -4.088284 4.819092 5.724521
v -4.204218 4.830504 5.724368
v -4.320151 4.819077 5.724241
v -4.431627 4.785255 5.724147
v -4.534362 4.730333 5.724089
v -4.624409 4.656424 5.724069
v -4.698307 4.566369 5.724087
v -4.753217 4.463625 5.724144
v -4.787026 4.352146 5.724236
v -4.852881 4.236222 5.736272
v -4.840410 4.109671 5.736438
v -4.803488 3.987984 5.736628
v -4.743536 3.875838 5.736834
v -4.662857 3.777544 5.737048
v -4.564552 3.696878 5.737263
v -4.452401 3.636941 5.737469
v -4.330710 3.600034 5.737660
v -4.204157 3.587577 5.737827
v -4.077606 3.600050 5.737965
v -3.955918 3.636972 5.738068
v -3.843773 3.696924 5.738131
v -3.745479 3.777602 5.738153
v -3.664812 3.875906 5.738133
v -3.604874 3.988059 5.738072
v -3.567967 4.109751 5.737971
v -3.555511 4.236304 5.737835
v -3.567983 4.362854 5.737670
v -3.604904 4.484541 5.737480
v -3.664856 4.596686 5.737274
v -3.745535 4.694981 5.737060
v -3.843839 4.775647 5.736845
v -3.955992 4.835585 5.736639
v -4.077684 4.872492 5.736448
v -4.204236 4.884948 5.736281
v -4.330788 4.872477 5.736143
v -4.452474 4.835554 5.736041
v -4.564618 4.775603 5.735977
v -4.662913 4.694923 5.735955
v -4.743580 4.596619 5.735975
v -4.803518 4.484466 5.736036
v -4.840426 4.362774 5.736136
v -4.852947 4.236288 5.791032
v -4.840476 4.109736 5.791198
v -4.803554 3.988050 5.791388
v -4.743602 3.875903 5.791594
v -4.662923 3.777610 5.791808
v -4.564618 3.696944 5.792023
v -4.452466 3.637006 5.792229
v -4.330776 3.600100 5.792420
v -4.204223 3.587642 5.792587
v -4.077672 3.600115 5.792725
v -3.955984 3.637037 5.792828
v -3.843839 3.696989 5.792891
v -3.745545 3.777667 5.792913
v -3.664878 3.875972 5.792893
v -3.604940 3.988125 5.792832
v -3.568033 4.109816 5.792731
v -3.555577 4.236369 5.792595
v -3.568049 4.362919 5.792430
v -3.604970 4.484606 5.792240
v -3.664922 4.596751 5.792034
v -3.745601 4.695046 5.791820
v -3.843905 4.775712 5.791605
v -3.956058 4.835650 5.791399
v -4.077750 4.872558 5.791208
v -4.204302 4.885014 5.791041
v -4.330853 4.872542 5.790903
v -4.452540 4.835619 5.790801
v -4.564684 4.775668 5.790737
v -4.662979 4.694989 5.790715
v -4.743646 4.596684 5.790735
v -4.803584 4.484531 5.790796
v -4.840492 4.362840 5.790896
v -4.891640 4.236310 5.811521
v -4.878424 4.102214 5.811697
v -4.839302 3.973274 5.811897
v -4.775776 3.854444 5.812116
v -4.690288 3.750290 5.812343
v -4.586125 3.664816 5.812570
v -4.467286 3.601304 5.812789
v -4.338341 3.562198 5.812991
v -4.204245 3.549000 5.813169
v -4.070150 3.562215 5.813314
v -3.941210 3.601337 5.813423
v -3.822380 3.664864 5.813490
v -3.718226 3.750351 5.813514
v -3.632751 3.854515 5.813493
v -3.569240 3.973353 5.813428
v -3.530134 4.102299 5.813321
v -3.516934 4.236396 5.813177
v -3.530150 4.370490 5.813002
v -3.569272 4.499431 5.812800
v -3.632797 4.618260 5.812582
v -3.718285 4.722414 5.812355
v -3.822450 4.807889 5.812128
v -3.941287 4.871399 5.811909
v -4.070232 4.910506 5.811707
v -4.204329 4.923705 5.811530
v -4.338423 4.910490 5.811384
v -4.467363 4.871367 5.811275
v -4.586195 4.807841 5.811208
v -4.690347 4.722354 5.811184
v -4.775823 4.618189 5.811205
v -4.839334 4.499351 5.811270
v -4.878440 4.370406 5.811377
v -4.891712 4.236381 5.871415
v -4.878496 4.102286 5.871590
v -4.839374 3.973345 5.871791
v -4.775849 3.854515 5.872009
v -4.690361 3.750362 5.872236
v -4.586197 3.664887 5.872464
v -4.467359 3.601376 5.872683
v -4.338414 3.562270 5.872885
v -4.204318 3.549071 5.873062
v -4.070223 3.562287 5.873208
v -3.941282 3.601409 5.873316
v -3.822452 3.664935 5.873384
v -3.718298 3.750422 5.873407
v -3.632823 3.854587 5.873386
v -3.569312 3.973425 5.873322
v -3.530206 4.102370 5.873215
v -3.517006 4.236467 5.873071
v -3.530222 4.370562 5.872895
v -3.569344 4.499502 5.872694
v -3.632869 4.618332 5.872476
v -3.718357 4.722486 5.872249
v -3.822522 4.807961 5.872022
v -3.941359 4.871471 5.871803
v -4.070305 4.910578 5.871601
v -4.204401 4.923776 5.871423
v -4.338496 4.910561 5.871277
v -4.467436 4.871438 5.871169
v -4.586267 4.807912 5.871101
v -4.690420 4.722425 5.871078
v -4.775896 4.618261 5.871099
v -4.839406 4.499423 5.871164
v -4.878512 4.370477 5.871271
v -4.847716 4.236419 5.900558
v -4.835347 4.110914 5.900723
v -4.798731 3.990232 5.900911
v -4.739274 3.879014 5.901115
v -4.659265 3.781533 5.901328
v -4.561772 3.701534 5.901540
v -4.450546 3.642091 5.901745
v -4.329862 3.605490 5.901935
v -4.204355 3.593137 5.902101
v -4.078850 3.605506 5.902237
v -3.958169 3.642122 5.902339
v -3.846950 3.701578 5.902402
v -3.749469 3.781590 5.902424
v -3.669470 3.879081 5.902404
v -3.610028 3.990307 5.902343
v -3.573425 4.110992 5.902243
v -3.561072 4.236499 5.902109
v -3.573441 4.362004 5.901944
v -3.610058 4.482684 5.901756
v -3.669514 4.593903 5.901552
v -3.749525 4.691385 5.901340
v -3.847015 4.771384 5.901126
v -3.958242 4.830826 5.900922
v -4.078927 4.867427 5.900733
v -4.204433 4.879780 5.900567
v -4.329939 4.867412 5.900430
v -4.450619 4.830795 5.900329
v -4.561837 4.771339 5.900265
v -4.659320 4.691328 5.900243
v -4.739318 4.593836 5.900263
v -4.798761 4.482610 5.900324
v -4.835362 4.361925 5.900424
v -4.847789 4.236490 5.960453
v -4.835419 4.110985 5.960617
v -4.798804 3.990304 5.960805
v -4.739347 3.879086 5.961009
v -4.659337 3.781605 5.961222
v -4.561844 3.701605 5.961434
v -4.450618 3.642163 5.961639
v -4.329935 3.605561 5.961829
v -4.204428 3.593208 5.961995
v -4.078922 3.605577 5.962131
v -3.958241 3.642194 5.962233
v -3.847022 3.701650 5.962296
v -3.749541 3.781662 5.962318
v -3.669542 3.879153 5.962298
v -3.610100 3.990378 5.962237
v -3.573498 4.111063 5.962137
v -3.561144 4.236570 5.962003
v -3.573513 4.362075 5.961838
v -3.610130 4.482755 5.961650
v -3.669586 4.593974 5.961446
v -3.749597 4.691456 5.961234
v -3.847087 4.771455 5.961020
v -3.958314 4.830897 5.960816
v -4.079000 4.867498 5.960627
v -4.204506 4.879851 5.960461
v -4.330012 4.867483 5.960324
v -4.450692 4.830866 5.960223
v -4.561910 4.771410 5.960159
v -4.659392 4.691399 5.960137
v -4.739390 4.593907 5.960157
v -4.798834 4.482681 5.960218
v -4.835434 4.361996 5.960318
v -4.882737 4.236505 5.974101
v -4.869697 4.104184 5.974274
v -4.831092 3.976950 5.974472
v -4.768408 3.859693 5.974687
v -4.684052 3.756917 5.974911
v -4.581265 3.672575 5.975136
v -4.464002 3.609904 5.975352
v -4.336763 3.571316 5.975551
v -4.204442 3.558292 5.975726
v -4.072121 3.571333 5.975870
v -3.944887 3.609937 5.975977
v -3.827630 3.672622 5.976044
v -3.724855 3.756978 5.976067
v -3.640513 3.859764 5.976046
v -3.577842 3.977028 5.975982
v -3.539253 4.104267 5.975877
v -3.526228 4.236589 5.975735
v -3.539270 4.368909 5.975561
v -3.577873 4.496142 5.975363
v -3.640559 4.613399 5.975148
v -3.724914 4.716174 5.974924
v -3.827699 4.800518 5.974699
v -3.944964 4.863189 5.974483
v -4.072202 4.901776 5.974284
v -4.204525 4.914801 5.974109
v -4.336844 4.901760 5.973965
v -4.464078 4.863155 5.973858
v -4.581334 4.800470 5.973791
v -4.684110 4.716115 5.973768
v -4.768454 4.613329 5.973789
v -4.831123 4.496064 5.973853
v -4.869713 4.368825 5.973958
v -4.882848 4.236614 6.066508
v -4.869808 4.104294 6.066681
v -4.831203 3.977060 6.066879
v -4.768519 3.859803 6.067094
v -4.684163 3.757028 6.067318
v -4.581377 3.672685 6.067543
v -4.464113 3.610014 6.067759
v -4.336874 3.571426 6.067958
v -4.204553 3.558402 6.068133
v -4.072232 3.571443 6.068277
v -3.944998 3.610047 6.068385
v -3.827742 3.672732 6.068451
v -3.724967 3.757088 6.068474
v -3.640624 3.859874 6.068453
v -3.577953 3.977139 6.068389
v -3.539365 4.104377 6.068284
v -3.526340 4.236699 6.068142
v -3.539381 4.369019 6.067968
v -3.577985 4.496252 6.067770
v -3.640670 4.613509 6.067555
v -3.725025 4.716284 6.067331
v -3.827811 4.800628 6.067107
v -3.945075 4.863298 6.066891
v -4.072313 4.901886 6.066691
v -4.204636 4.914911 6.066516
v -4.336956 4.901870 6.066372
v -4.464190 4.863265 6.066265
v -4.581446 4.800580 6.066198
v -4.684222 4.716226 6.066175
v -4.768565 4.613439 6.066196
v -4.831235 4.496174 6.066260
v -4.869824 4.368936 6.066366
v -4.709679 -4.229205 0.641330
v -4.715198 -4.223746 5.221169
v -4.699845 -4.129288 0.641223
v -4.705364 -4.123829 5.221062
v -4.670706 -4.033210 0.641143
v -4.676225 -4.027751 5.220983
v -4.623384 -3.944663 0.641095
v -4.628903 -3.939204 5.220934
v -4.559696 -3.867049 0.641079
v -4.565215 -3.861590 5.220918
v -4.482090 -3.803353 0.641096
v -4.487609 -3.797894 5.220936
v -4.393548 -3.756019 0.641147
v -4.399066 -3.750560 5.220986
v -4.297475 -3.726868 0.641228
v -4.302994 -3.721409 5.221067
v -4.197559 -3.717021 0.641336
v -4.203078 -3.711562 5.221176
v -4.097641 -3.726856 0.641469
v -4.103160 -3.721397 5.221308
v -4.001565 -3.755995 0.641619
v -4.007084 -3.750536 5.221458
v -3.913017 -3.803317 0.641782
v -3.918536 -3.797858 5.221622
v -3.835404 -3.867004 0.641952
v -3.840923 -3.861545 5.221791
v -3.771707 -3.944610 0.642121
v -3.777225 -3.939151 5.221960
v -3.724373 -4.033151 0.642283
v -3.729892 -4.027692 5.222123
v -3.695224 -4.129225 0.642433
v -3.700742 -4.123766 5.222272
v -3.685376 -4.229140 0.642564
v -3.690895 -4.223681 5.222403
v -3.695211 -4.329057 0.642671
v -3.700730 -4.323598 5.222510
v -3.724349 -4.425134 0.642751
v -3.729868 -4.419675 5.222590
v -3.771672 -4.513682 0.642799
v -3.777191 -4.508224 5.222638
v -3.835360 -4.591295 0.642815
v -3.840879 -4.585836 5.222654
v -3.912965 -4.654993 0.642797
v -3.918484 -4.649534 5.222637
v -4.001507 -4.702327 0.642747
v -4.007026 -4.696868 5.222586
v -4.097580 -4.731476 0.642666
v -4.103099 -4.726017 5.222505
v -4.197496 -4.741324 0.642557
v -4.203015 -4.735865 5.222396
v -4.297414 -4.731489 0.642425
v -4.302933 -4.726030 5.222264
v -4.393489 -4.702351 0.642275
v -4.399008 -4.696892 5.222114
v -4.482038 -4.655029 0.642112
v -4.487556 -4.649570 5.221951
v -4.559652 -4.591341 0.641942
v -4.565171 -4.585882 5.221781
v -4.623349 -4.513735 0.641773
v -4.628868 -4.508276 5.221612
v -4.670682 -4.425194 0.641610
v -4.676201 -4.419735 5.221449
v -4.699832 -4.329120 0.641461
v -4.705351 -4.323661 5.221300
v -4.734545 -4.229239 0.614383
v -4.724232 -4.124465 0.614270
v -4.693677 -4.023716 0.614187
v -4.644055 -3.930863 0.614136
v -4.577271 -3.849476 0.614120
v -4.495892 -3.782682 0.614138
v -4.403046 -3.733048 0.614191
v -4.302300 -3.702480 0.614276
v -4.197528 -3.692154 0.614390
v -4.092753 -3.702467 0.614528
v -3.992005 -3.733022 0.614686
v -3.899153 -3.782645 0.614857
v -3.817767 -3.849429 0.615035
v -3.750972 -3.930808 0.615212
v -3.701338 -4.023654 0.615383
v -3.670770 -4.124399 0.615540
v -3.660445 -4.229171 0.615677
v -3.670758 -4.333945 0.615789
v -3.701312 -4.434694 0.615873
v -3.750936 -4.527546 0.615924
v -3.817721 -4.608932 0.615940
v -3.899098 -4.675726 0.615922
v -3.991944 -4.725362 0.615869
v -4.092689 -4.755930 0.615784
v -4.197463 -4.766255 0.615670
v -4.302236 -4.755943 0.615532
v -4.402985 -4.725387 0.615374
v -4.495837 -4.675764 0.615203
v -4.577224 -4.608980 0.615025
v -4.644019 -4.527602 0.614848
v -4.693653 -4.434756 0.614677
v -4.724220 -4.334012 0.614520
v -4.734500 -4.229283 0.576700
v -4.724187 -4.124510 0.576587
v -4.693632 -4.023761 0.576504
v -4.644010 -3.930908 0.576453
v -4.577225 -3.849521 0.576437
v -4.495846 -3.782727 0.576455
v -4.403000 -3.733093 0.576508
v -4.302255 -3.702525 0.576593
v -4.197483 -3.692199 0.576707
v -4.092708 -3.702512 0.576845
v -3.991960 -3.733067 0.577003
v -3.899108 -3.782690 0.577174
v -3.817722 -3.849474 0.577352
v -3.750927 -3.930853 0.577529
v -3.701292 -4.023698 0.577700
v -3.670725 -4.124444 0.577857
v -3.660400 -4.229216 0.577994
v -3.670712 -4.333990 0.578107
v -3.701267 -4.434739 0.578190
v -3.750890 -4.527591 0.578241
v -3.817676 -4.608977 0.578257
v -3.899053 -4.675771 0.578239
v -3.991899 -4.725407 0.578186
v -4.092644 -4.755975 0.578101
v -4.197417 -4.766300 0.577987
v -4.302191 -4.755988 0.577849
v -4.402939 -4.725432 0.577691
v -4.495792 -4.675809 0.577520
v -4.577178 -4.609025 0.577342
v -4.643974 -4.527647 0.577165
v -4.693607 -4.434801 0.576994
v -4.724174 -4.334056 0.576837
v -4.784777 -4.229323 0.546133
v -4.773498 -4.114733 0.546010
v -4.740081 -4.004546 0.545919
v -4.685807 -3.902994 0.545864
v -4.612768 -3.813983 0.545846
v -4.523765 -3.740932 0.545866
v -4.422220 -3.686647 0.545923
v -4.312037 -3.653215 0.546016
v -4.197449 -3.641922 0.546141
v -4.082860 -3.653201 0.546292
v -3.972672 -3.686619 0.546465
v -3.871121 -3.740891 0.546652
v -3.782110 -3.813931 0.546846
v -3.709058 -3.902933 0.547041
v -3.654774 -4.004478 0.547227
v -3.621343 -4.114661 0.547399
v -3.610050 -4.229249 0.547549
v -3.621329 -4.343838 0.547672
v -3.654746 -4.454026 0.547763
v -3.709019 -4.555577 0.547818
v -3.782059 -4.644588 0.547837
v -3.871061 -4.717640 0.547816
v -3.972605 -4.771925 0.547759
v -4.082789 -4.805356 0.547666
v -4.197378 -4.816649 0.547541
v -4.311966 -4.805371 0.547390
v -4.422154 -4.771954 0.547217
v -4.523705 -4.717680 0.547030
v -4.612717 -4.644640 0.546836
v -4.685767 -4.555638 0.546642
v -4.740053 -4.454094 0.546455
v -4.773483 -4.343910 0.546284
v -4.784717 -4.229383 0.495889
v -4.773437 -4.114793 0.495766
v -4.740020 -4.004606 0.495675
v -4.685747 -3.903054 0.495620
v -4.612707 -3.814043 0.495602
v -4.523705 -3.740991 0.495622
v -4.422160 -3.686707 0.495679
v -4.311976 -3.653275 0.495772
v -4.197389 -3.641982 0.495897
v -4.082799 -3.653261 0.496048
v -3.972611 -3.686679 0.496221
v -3.871061 -3.740950 0.496408
v -3.782050 -3.813991 0.496602
v -3.708997 -3.902993 0.496797
v -3.654713 -4.004538 0.496983
v -3.621282 -4.114721 0.497155
v -3.609989 -4.229309 0.497305
v -3.621269 -4.343898 0.497428
v -3.654685 -4.454086 0.497519
v -3.708958 -4.555637 0.497575
v -3.781999 -4.644649 0.497593
v -3.871000 -4.717700 0.497572
v -3.972545 -4.771986 0.497515
v -4.082729 -4.805416 0.497422
v -4.197317 -4.816710 0.497297
v -4.311906 -4.805431 0.497146
v -4.422093 -4.772014 0.496973
v -4.523644 -4.717741 0.496786
v -4.612657 -4.644701 0.496592
v -4.685707 -4.555698 0.496398
v -4.739993 -4.454154 0.496211
v -4.773423 -4.343970 0.496040
v -4.748574 -4.229395 0.483372
v -4.737989 -4.121853 0.483257
v -4.706626 -4.018444 0.483171
v -4.655693 -3.923138 0.483119
v -4.587145 -3.839601 0.483102
v -4.503615 -3.771043 0.483121
v -4.408318 -3.720097 0.483175
v -4.304913 -3.688723 0.483262
v -4.197371 -3.678124 0.483379
v -4.089831 -3.688709 0.483521
v -3.986420 -3.720071 0.483683
v -3.891115 -3.771005 0.483859
v -3.807578 -3.839552 0.484041
v -3.739019 -3.923081 0.484223
v -3.688074 -4.018380 0.484398
v -3.656698 -4.121786 0.484559
v -3.646100 -4.229326 0.484700
v -3.656685 -4.336868 0.484816
v -3.688048 -4.440279 0.484901
v -3.738981 -4.535583 0.484953
v -3.807530 -4.619120 0.484970
v -3.891058 -4.687678 0.484951
v -3.986357 -4.738624 0.484897
v -4.089765 -4.770000 0.484810
v -4.197304 -4.780599 0.484693
v -4.304847 -4.770013 0.484551
v -4.408256 -4.738650 0.484389
v -4.503559 -4.687716 0.484213
v -4.587098 -4.619169 0.484031
v -4.655656 -4.535640 0.483849
v -4.706601 -4.440342 0.483674
v -4.737976 -4.336935 0.483513
v -4.748475 -4.229494 0.400828
v -4.737890 -4.121952 0.400713
v -4.706527 -4.018542 0.400627
v -4.655594 -3.923237 0.400575
v -4.587046 -3.839700 0.400558
v -4.503516 -3.771142 0.400577
v -4.408218 -3.720196 0.400631
v -4.304813 -3.688821 0.400718
v -4.197272 -3.678222 0.400835
v -4.089732 -3.688808 0.400977
v -3.986320 -3.720169 0.401139
v -3.891015 -3.771103 0.401315
v -3.807478 -3.839651 0.401497
v -3.738919 -3.923180 0.401679
v -3.687974 -4.018478 0.401854
v -3.656599 -4.121884 0.402016
v -3.646001 -4.229424 0.402156
v -3.656586 -4.336966 0.402272
v -3.687949 -4.440377 0.402357
v -3.738882 -4.535681 0.402410
v -3.807431 -4.619218 0.402427
v -3.890958 -4.687776 0.402408
v -3.986257 -4.738722 0.402353
v -4.089666 -4.770098 0.402266
v -4.197205 -4.780697 0.402149
v -4.304748 -4.770112 0.402007
v -4.408156 -4.738749 0.401845
v -4.503460 -4.687815 0.401670
v -4.586998 -4.619267 0.401487
v -4.655557 -4.535738 0.401305
v -4.706501 -4.440440 0.401130
v -4.737876 -4.337033 0.400969
v -4.831582 -4.229527 0.377400
v -4.819401 -4.105766 0.377267
v -4.783308 -3.986759 0.377169
v -4.724693 -3.877082 0.377109
v -4.645806 -3.780946 0.377089
v -4.549681 -3.702048 0.377111
v -4.440010 -3.643419 0.377173
v -4.321009 -3.607312 0.377274
v -4.197249 -3.595115 0.377408
v -4.073489 -3.607296 0.377572
v -3.954482 -3.643389 0.377758
v -3.844805 -3.702004 0.377960
v -3.748669 -3.780890 0.378170
v -3.669770 -3.877016 0.378380
v -3.611141 -3.986686 0.378581
v -3.575034 -4.105688 0.378766
v -3.562839 -4.229447 0.378929
v -3.575019 -4.353208 0.379061
v -3.611112 -4.472214 0.379160
v -3.669727 -4.581892 0.379220
v -3.748614 -4.678028 0.379239
v -3.844740 -4.756927 0.379218
v -3.954411 -4.815556 0.379155
v -4.073412 -4.851662 0.379055
v -4.197172 -4.863860 0.378920
v -4.320932 -4.851677 0.378757
v -4.439939 -4.815586 0.378570
v -4.549616 -4.756971 0.378368
v -4.645751 -4.678083 0.378159
v -4.724650 -4.581959 0.377949
v -4.783278 -4.472287 0.377747
v -4.819386 -4.353285 0.377562
v -4.831441 -4.229666 0.260761
v -4.819260 -4.105905 0.260628
v -4.783167 -3.986898 0.260530
v -4.724553 -3.877221 0.260470
v -4.645666 -3.781085 0.260450
v -4.549540 -3.702187 0.260472
v -4.439869 -3.643558 0.260534
v -4.320868 -3.607451 0.260635
v -4.197108 -3.595254 0.260769
v -4.073348 -3.607435 0.260933
v -3.954342 -3.643528 0.261119
v -3.844664 -3.702143 0.261321
v -3.748528 -3.781029 0.261531
v -3.669630 -3.877155 0.261741
v -3.611001 -3.986825 0.261942
v -3.574894 -4.105827 0.262128
v -3.562698 -4.229586 0.262290
v -3.574878 -4.353346 0.262423
v -3.610971 -4.472353 0.262521
v -3.669587 -4.582031 0.262581
v -3.748474 -4.678166 0.262601
v -3.844600 -4.757065 0.262579
v -3.954270 -4.815694 0.262517
v -4.073272 -4.851800 0.262416
v -4.197031 -4.863998 0.262282
v -4.320792 -4.851816 0.262118
v -4.439798 -4.815724 0.261932
v -4.549475 -4.757110 0.261730
v -4.645611 -4.678222 0.261520
v -4.724510 -4.582098 0.261310
v -4.783138 -4.472426 0.261109
v -4.819245 -4.353424 0.260923
v -4.783377 -4.229688 0.239286
v -4.772117 -4.115300 0.239163
v -4.738759 -4.005306 0.239072
v -4.684582 -3.903933 0.239017
v -4.611669 -3.815078 0.238999
v -4.522821 -3.742154 0.239019
v -4.421455 -3.687965 0.239076
v -4.311468 -3.654593 0.239169
v -4.197080 -3.643319 0.239294
v -4.082691 -3.654579 0.239445
v -3.972697 -3.687937 0.239617
v -3.871325 -3.742114 0.239804
v -3.782470 -3.815026 0.239998
v -3.709546 -3.903872 0.240192
v -3.655357 -4.005238 0.240378
v -3.621984 -4.115228 0.240549
v -3.610711 -4.229615 0.240699
v -3.621970 -4.344003 0.240822
v -3.655329 -4.453997 0.240913
v -3.709506 -4.555371 0.240968
v -3.782419 -4.644225 0.240986
v -3.871264 -4.717149 0.240966
v -3.972631 -4.771338 0.240909
v -4.082621 -4.804711 0.240816
v -4.197008 -4.815984 0.240691
v -4.311397 -4.804726 0.240540
v -4.421390 -4.771366 0.240368
v -4.522762 -4.717189 0.240181
v -4.611619 -4.644278 0.239987
v -4.684542 -4.555431 0.239793
v -4.738731 -4.454065 0.239607
v -4.772102 -4.344075 0.239436
v -4.783353 -4.229712 0.219547
v -4.772093 -4.115323 0.219424
v -4.738735 -4.005329 0.219333
v -4.684558 -3.903957 0.219278
v -4.611645 -3.815101 0.219260
v -4.522798 -3.742178 0.219280
v -4.421432 -3.687989 0.219337
v -4.311444 -3.654617 0.219430
v -4.197056 -3.643342 0.219555
v -4.082667 -3.654602 0.219706
v -3.972673 -3.687960 0.219878
v -3.871301 -3.742137 0.220065
v -3.782446 -3.815049 0.220259
v -3.709522 -3.903896 0.220453
v -3.655333 -4.005261 0.220639
v -3.621960 -4.115251 0.220810
v -3.610687 -4.229639 0.220960
v -3.621946 -4.344027 0.221083
v -3.655305 -4.454021 0.221174
v -3.709482 -4.555394 0.221229
v -3.782395 -4.644248 0.221247
v -3.871240 -4.717172 0.221227
v -3.972607 -4.771361 0.221170
v -4.082597 -4.804735 0.221077
v -4.196984 -4.816008 0.220952
v -4.311373 -4.804749 0.220801
v -4.421366 -4.771389 0.220629
v -4.522738 -4.717213 0.220442
v -4.611595 -4.644301 0.220248
v -4.684518 -4.555455 0.220054
v -4.738707 -4.454089 0.219868
v -4.772079 -4.344099 0.219697
v -4.940377 -4.229747 0.197825
v -4.926101 -4.084719 0.197669
v -4.883807 -3.945264 0.197554
v -4.815119 -3.816739 0.197483
v -4.722677 -3.704083 0.197461
v -4.610032 -3.611627 0.197486
v -4.481516 -3.542923 0.197559
v -4.342065 -3.500611 0.197677
v -4.197039 -3.486318 0.197834
v -4.052011 -3.500593 0.198026
v -3.912556 -3.542887 0.198245
v -3.784031 -3.611575 0.198481
v -3.671375 -3.704017 0.198727
v -3.578919 -3.816661 0.198973
v -3.510216 -3.945178 0.199209
v -3.467903 -4.084628 0.199426
v -3.453611 -4.229654 0.199616
v -3.467886 -4.374681 0.199772
v -3.510181 -4.514137 0.199887
v -3.578868 -4.642663 0.199958
v -3.671310 -4.755319 0.199980
v -3.783954 -4.847774 0.199955
v -3.912471 -4.916478 0.199882
v -4.051923 -4.958790 0.199764
v -4.196949 -4.973083 0.199607
v -4.341976 -4.958808 0.199415
v -4.481432 -4.916514 0.199196
v -4.609957 -4.847827 0.198960
v -4.722613 -4.755384 0.198714
v -4.815068 -4.642741 0.198468
v -4.883772 -4.514223 0.198232
v -4.926083 -4.374773 0.198015
v -4.940035 -4.230085 -0.085697
v -4.925759 -4.085057 -0.085852
v -4.883465 -3.945602 -0.085968
v -4.814777 -3.817077 -0.086038
v -4.722335 -3.704421 -0.086061
v -4.609691 -3.611965 -0.086035
v -4.481175 -3.543261 -0.085962
v -4.341723 -3.500949 -0.085845
v -4.196698 -3.486656 -0.085687
v -4.051670 -3.500931 -0.085495
v -3.912214 -3.543225 -0.085277
v -3.783689 -3.611913 -0.085040
v -3.671033 -3.704355 -0.084794
v -3.578577 -3.816999 -0.084549
v -3.509874 -3.945516 -0.084313
v -3.467562 -4.084966 -0.084095
v -3.453269 -4.229992 -0.083905
v -3.467544 -4.375020 -0.083750
v -3.509839 -4.514475 -0.083634
v -3.578526 -4.643002 -0.083564
v -3.670969 -4.755657 -0.083541
v -3.783613 -4.848112 -0.083567
v -3.912129 -4.916816 -0.083640
v -4.051581 -4.959128 -0.083757
v -4.196607 -4.973422 -0.083915
v -4.341635 -4.959146 -0.084107
v -4.481091 -4.916852 -0.084325
v -4.609615 -4.848165 -0.084562
v -4.722271 -4.755722 -0.084808
v -4.814727 -4.643079 -0.085054
v -4.883430 -4.514561 -0.085289
v -4.925741 -4.375111 -0.085507
v -4.818177 -4.223650 5.306607
v -4.806365 -4.103663 5.306479
v -4.771375 -3.988286 5.306383
v -4.714548 -3.881953 5.306325
v -4.638067 -3.788749 5.306306
v -4.544871 -3.712256 5.306327
v -4.438545 -3.655416 5.306387
v -4.323172 -3.620409 5.306485
v -4.203187 -3.608584 5.306615
v -4.083201 -3.620394 5.306774
v -3.967824 -3.655385 5.306954
v -3.861490 -3.712214 5.307150
v -3.768286 -3.788695 5.307354
v -3.691794 -3.881889 5.307557
v -3.634953 -3.988215 5.307753
v -3.599947 -4.103588 5.307932
v -3.588122 -4.223573 5.308089
v -3.599932 -4.343559 5.308218
v -3.634924 -4.458936 5.308313
v -3.691752 -4.565270 5.308372
v -3.768233 -4.658473 5.308391
v -3.861428 -4.734967 5.308370
v -3.967754 -4.791809 5.308309
v -4.083127 -4.826815 5.308212
v -4.203112 -4.838639 5.308082
v -4.323098 -4.826829 5.307923
v -4.438476 -4.791838 5.307742
v -4.544809 -4.735009 5.307546
v -4.638014 -4.658528 5.307343
v -4.714506 -4.565334 5.307139
v -4.771346 -4.459007 5.306944
v -4.806351 -4.343635 5.306765
v -4.818325 -4.223503 5.429817
v -4.806514 -4.103517 5.429688
v -4.771523 -3.988139 5.429593
v -4.714696 -3.881806 5.429535
v -4.638216 -3.788602 5.429516
v -4.545020 -3.712110 5.429537
v -4.438694 -3.655269 5.429597
v -4.323320 -3.620262 5.429695
v -4.203336 -3.608437 5.429825
v -4.083349 -3.620248 5.429984
v -3.967972 -3.655239 5.430164
v -3.861639 -3.712067 5.430360
v -3.768434 -3.788548 5.430564
v -3.691942 -3.881742 5.430767
v -3.635101 -3.988068 5.430963
v -3.600095 -4.103441 5.431142
v -3.588271 -4.223426 5.431299
v -3.600080 -4.343412 5.431428
v -3.635072 -4.458789 5.431523
v -3.691900 -4.565124 5.431582
v -3.768381 -4.658327 5.431601
v -3.861576 -4.734820 5.431580
v -3.967902 -4.791662 5.431519
v -4.083276 -4.826668 5.431422
v -4.203260 -4.838492 5.431292
v -4.323246 -4.826683 5.431133
v -4.438624 -4.791691 5.430952
v -4.544957 -4.734862 5.430756
v -4.638162 -4.658382 5.430552
v -4.714654 -4.565188 5.430349
v -4.771494 -4.458860 5.430154
v -4.806499 -4.343488 5.429975
v -4.743165 -4.223478 5.447020
v -4.732798 -4.118160 5.446907
v -4.702084 -4.016886 5.446823
v -4.652203 -3.923549 5.446772
v -4.585071 -3.841739 5.446755
v -4.503269 -3.774597 5.446774
v -4.409939 -3.724705 5.446826
v -4.308670 -3.693978 5.446912
v -4.203351 -3.683598 5.447027
v -4.098032 -3.693965 5.447166
v -3.996759 -3.724679 5.447324
v -3.903424 -3.774560 5.447496
v -3.821614 -3.841691 5.447675
v -3.754471 -3.923493 5.447854
v -3.704578 -4.016823 5.448025
v -3.673852 -4.118093 5.448183
v -3.663472 -4.223411 5.448320
v -3.673839 -4.328730 5.448433
v -3.704553 -4.430004 5.448517
v -3.754434 -4.523339 5.448568
v -3.821567 -4.605149 5.448585
v -3.903369 -4.672292 5.448566
v -3.996698 -4.722185 5.448514
v -4.097968 -4.752912 5.448428
v -4.203286 -4.763291 5.448314
v -4.308605 -4.752924 5.448174
v -4.409878 -4.722211 5.448016
v -4.503214 -4.672330 5.447844
v -4.585024 -4.605198 5.447665
v -4.652166 -4.523395 5.447487
v -4.702058 -4.430066 5.447315
v -4.732785 -4.328796 5.447158
v -4.743402 -4.223244 5.643813
v -4.733035 -4.117924 5.643700
v -4.702321 -4.016651 5.643616
v -4.652440 -3.923315 5.643565
v -4.585308 -3.841505 5.643548
v -4.503506 -3.774363 5.643567
v -4.410176 -3.724470 5.643620
v -4.308908 -3.693743 5.643705
v -4.203589 -3.683363 5.643820
v -4.098270 -3.693729 5.643960
v -3.996996 -3.724444 5.644118
v -3.903661 -3.774325 5.644290
v -3.821851 -3.841457 5.644468
v -3.754708 -3.923259 5.644647
v -3.704815 -4.016589 5.644818
v -3.674089 -4.117858 5.644976
v -3.663709 -4.223176 5.645114
v -3.674076 -4.328496 5.645227
v -3.704790 -4.429769 5.645311
v -3.754671 -4.523105 5.645362
v -3.821804 -4.604914 5.645379
v -3.903606 -4.672057 5.645360
v -3.996935 -4.721951 5.645307
v -4.098205 -4.752677 5.645222
v -4.203523 -4.763057 5.645107
v -4.308843 -4.752690 5.644968
v -4.410115 -4.721976 5.644809
v -4.503451 -4.672095 5.644637
v -4.585261 -4.604962 5.644459
v -4.652404 -4.523160 5.644280
v -4.702296 -4.429832 5.644109
v -4.733022 -4.328562 5.643951
v -4.797847 -4.223212 5.672839
v -4.786435 -4.107279 5.672714
v -4.752625 -3.995798 5.672622
v -4.697716 -3.893055 5.672565
v -4.623818 -3.802999 5.672547
v -4.533771 -3.729091 5.672568
v -4.431036 -3.674169 5.672626
v -4.319560 -3.640346 5.672720
v -4.203627 -3.628919 5.672846
v -4.087693 -3.640331 5.672999
v -3.976213 -3.674140 5.673174
v -3.873470 -3.729050 5.673363
v -3.783414 -3.802947 5.673560
v -3.709506 -3.892993 5.673756
v -3.654584 -3.995728 5.673945
v -3.620760 -4.107206 5.674119
v -3.609335 -4.223138 5.674271
v -3.620746 -4.339072 5.674395
v -3.654557 -4.450552 5.674487
v -3.709465 -4.553295 5.674543
v -3.783363 -4.643350 5.674562
v -3.873410 -4.717259 5.674541
v -3.976146 -4.772182 5.674483
v -4.087621 -4.806004 5.674389
v -4.203555 -4.817431 5.674263
v -4.319489 -4.806019 5.674109
v -4.430969 -4.772210 5.673935
v -4.533710 -4.717301 5.673746
v -4.623766 -4.643403 5.673549
v -4.697676 -4.553357 5.673353
v -4.752598 -4.450621 5.673164
v -4.786420 -4.339145 5.672990
v -4.797921 -4.223139 5.734444
v -4.786509 -4.107205 5.734319
v -4.752699 -3.995724 5.734227
v -4.697790 -3.892982 5.734170
v -4.623893 -3.802926 5.734152
v -4.533845 -3.729018 5.734173
v -4.431110 -3.674095 5.734231
v -4.319634 -3.640272 5.734325
v -4.203701 -3.628846 5.734451
v -4.087767 -3.640258 5.734604
v -3.976287 -3.674067 5.734779
v -3.873545 -3.728976 5.734968
v -3.783489 -3.802874 5.735165
v -3.709580 -3.892920 5.735361
v -3.654659 -3.995655 5.735550
v -3.620835 -4.107132 5.735723
v -3.609410 -4.223065 5.735876
v -3.620821 -4.338999 5.736000
v -3.654631 -4.450479 5.736092
v -3.709539 -4.553222 5.736148
v -3.783437 -4.643277 5.736166
v -3.873484 -4.717185 5.736146
v -3.976220 -4.772108 5.736088
v -4.087696 -4.805931 5.735994
v -4.203629 -4.817358 5.735868
v -4.319563 -4.805945 5.735714
v -4.431044 -4.772136 5.735540
v -4.533785 -4.717228 5.735351
v -4.623840 -4.643330 5.735154
v -4.697750 -4.553283 5.734958
v -4.752672 -4.450548 5.734769
v -4.786495 -4.339072 5.734595
v -4.852365 -4.223128 5.746356
v -4.839908 -4.096575 5.746220
v -4.803001 -3.974884 5.746119
v -4.743063 -3.862730 5.746058
v -4.662396 -3.764426 5.746038
v -4.564101 -3.683748 5.746060
v -4.451957 -3.623796 5.746124
v -4.330270 -3.586874 5.746227
v -4.203719 -3.574402 5.746365
v -4.077167 -3.586859 5.746532
v -3.955474 -3.623765 5.746722
v -3.843322 -3.683703 5.746929
v -3.745018 -3.764369 5.747144
v -3.664339 -3.862664 5.747358
v -3.604387 -3.974809 5.747564
v -3.567466 -4.096496 5.747753
v -3.554994 -4.223047 5.747919
v -3.567450 -4.349599 5.748055
v -3.604357 -4.471291 5.748156
v -3.664295 -4.583443 5.748217
v -3.744962 -4.681748 5.748237
v -3.843256 -4.762426 5.748215
v -3.955401 -4.822379 5.748151
v -4.077089 -4.859301 5.748048
v -4.203640 -4.871773 5.747911
v -4.330193 -4.859317 5.747744
v -4.451884 -4.822410 5.747553
v -4.564035 -4.762473 5.747346
v -4.662340 -4.681806 5.747132
v -4.743020 -4.583510 5.746917
v -4.802971 -4.471365 5.746711
v -4.839894 -4.349679 5.746522
v -4.852430 -4.223063 5.801116
v -4.839974 -4.096510 5.800980
v -4.803067 -3.974818 5.800879
v -4.743129 -3.862665 5.800818
v -4.662462 -3.764361 5.800798
v -4.564167 -3.683683 5.800820
v -4.452023 -3.623731 5.800884
v -4.330336 -3.586809 5.800987
v -4.203785 -3.574336 5.801125
v -4.077232 -3.586793 5.801292
v -3.955540 -3.623700 5.801482
v -3.843388 -3.683638 5.801689
v -3.745084 -3.764304 5.801904
v -3.664405 -3.862598 5.802118
v -3.604453 -3.974744 5.802324
v -3.567532 -4.096430 5.802513
v -3.555060 -4.222981 5.802679
v -3.567516 -4.349534 5.802815
v -3.604423 -4.471225 5.802916
v -3.664361 -4.583378 5.802977
v -3.745028 -4.681683 5.802997
v -3.843322 -4.762361 5.802975
v -3.955467 -4.822313 5.802911
v -4.077155 -4.859236 5.802808
v -4.203706 -4.871708 5.802671
v -4.330258 -4.859251 5.802504
v -4.451950 -4.822344 5.802313
v -4.564101 -4.762407 5.802106
v -4.662406 -4.681740 5.801892
v -4.743085 -4.583445 5.801677
v -4.803037 -4.471300 5.801471
v -4.839960 -4.349613 5.801282
v -4.891123 -4.223041 5.821604
v -4.877923 -4.088944 5.821460
v -4.838817 -3.959999 5.821354
v -4.775306 -3.841161 5.821289
v -4.689830 -3.736996 5.821268
v -4.585678 -3.651509 5.821291
v -4.466846 -3.587982 5.821359
v -4.337906 -3.548860 5.821467
v -4.203812 -3.535645 5.821613
v -4.069715 -3.548844 5.821791
v -3.940770 -3.587950 5.821992
v -3.821933 -3.651461 5.822211
v -3.717768 -3.736936 5.822439
v -3.632280 -3.841089 5.822666
v -3.568755 -3.959919 5.822884
v -3.529633 -4.088860 5.823085
v -3.516417 -4.222955 5.823261
v -3.529617 -4.357051 5.823405
v -3.568723 -4.485996 5.823511
v -3.632234 -4.604835 5.823576
v -3.717708 -4.708999 5.823597
v -3.821863 -4.794486 5.823574
v -3.940693 -4.858012 5.823506
v -4.069633 -4.897135 5.823398
v -4.203728 -4.910350 5.823252
v -4.337824 -4.897151 5.823075
v -4.466769 -4.858045 5.822873
v -4.585608 -4.794534 5.822654
v -4.689771 -4.709060 5.822426
v -4.775259 -4.604906 5.822199
v -4.838785 -4.486076 5.821981
v -4.877907 -4.357135 5.821780
v -4.891195 -4.222970 5.881498
v -4.877995 -4.088872 5.881354
v -4.838890 -3.959927 5.881248
v -4.775379 -3.841089 5.881182
v -4.689903 -3.736925 5.881161
v -4.585750 -3.651437 5.881185
v -4.466919 -3.587911 5.881252
v -4.337979 -3.548789 5.881361
v -4.203885 -3.535573 5.881507
v -4.069788 -3.548772 5.881684
v -3.940842 -3.587878 5.881886
v -3.822005 -3.651390 5.882105
v -3.717840 -3.736864 5.882332
v -3.632352 -3.841017 5.882560
v -3.568827 -3.959847 5.882778
v -3.529705 -4.088788 5.882978
v -3.516489 -4.222883 5.883154
v -3.529689 -4.356979 5.883298
v -3.568795 -4.485925 5.883405
v -3.632306 -4.604763 5.883470
v -3.717780 -4.708928 5.883491
v -3.821935 -4.794415 5.883468
v -3.940765 -4.857940 5.883400
v -4.069706 -4.897063 5.883291
v -4.203801 -4.910279 5.883145
v -4.337897 -4.897080 5.882968
v -4.466842 -4.857973 5.882766
v -4.585680 -4.794463 5.882547
v -4.689844 -4.708988 5.882320
v -4.775332 -4.604834 5.882093
v -4.838857 -4.486004 5.881875
v -4.877979 -4.357064 5.881674
v -4.847199 -4.222932 5.910642
v -4.834845 -4.097425 5.910507
v -4.798244 -3.976740 5.910408
v -4.738801 -3.865514 5.910347
v -4.658803 -3.768023 5.910327
v -4.561320 -3.688011 5.910349
v -4.450101 -3.628555 5.910412
v -4.329422 -3.591939 5.910514
v -4.203917 -3.579570 5.910650
v -4.078410 -3.591923 5.910816
v -3.957725 -3.628524 5.911005
v -3.846498 -3.687967 5.911210
v -3.749007 -3.767967 5.911423
v -3.668997 -3.865447 5.911635
v -3.609541 -3.976665 5.911840
v -3.572924 -4.097346 5.912028
v -3.560555 -4.222851 5.912192
v -3.572908 -4.348358 5.912327
v -3.609511 -4.469043 5.912426
v -3.668953 -4.580268 5.912488
v -3.748952 -4.677761 5.912508
v -3.846433 -4.757772 5.912485
v -3.957652 -4.817227 5.912422
v -4.078333 -4.853844 5.912321
v -4.203838 -4.866213 5.912184
v -4.329345 -4.853860 5.912018
v -4.450030 -4.817258 5.911829
v -4.561255 -4.757816 5.911624
v -4.658748 -4.677817 5.911411
v -4.738757 -4.580336 5.911199
v -4.798214 -4.469117 5.910995
v -4.834830 -4.348436 5.910807
v -4.847272 -4.222861 5.970536
v -4.834918 -4.097354 5.970401
v -4.798316 -3.976668 5.970302
v -4.738873 -3.865443 5.970241
v -4.658875 -3.767952 5.970221
v -4.561392 -3.687940 5.970243
v -4.450174 -3.628484 5.970306
v -4.329495 -3.591867 5.970408
v -4.203989 -3.579498 5.970544
v -4.078483 -3.591851 5.970710
v -3.957797 -3.628453 5.970899
v -3.846570 -3.687895 5.971104
v -3.749080 -3.767895 5.971317
v -3.669069 -3.865376 5.971529
v -3.609613 -3.976594 5.971734
v -3.572996 -4.097275 5.971922
v -3.560627 -4.222780 5.972086
v -3.572981 -4.348287 5.972221
v -3.609583 -4.468972 5.972321
v -3.669025 -4.580197 5.972382
v -3.749024 -4.677690 5.972402
v -3.846505 -4.757701 5.972379
v -3.957725 -4.817156 5.972316
v -4.078405 -4.853773 5.972215
v -4.203911 -4.866142 5.972078
v -4.329418 -4.853789 5.971912
v -4.450102 -4.817187 5.971723
v -4.561327 -4.757745 5.971518
v -4.658820 -4.677746 5.971305
v -4.738830 -4.580265 5.971093
v -4.798286 -4.469046 5.970889
v -4.834902 -4.348365 5.970701
v -4.882220 -4.222846 5.984184
v -4.869196 -4.090524 5.984042
v -4.830606 -3.963286 5.983937
v -4.767937 -3.846021 5.983872
v -4.683593 -3.743235 5.983851
v -4.580817 -3.658880 5.983875
v -4.463561 -3.596194 5.983942
v -4.336327 -3.557590 5.984049
v -4.204008 -3.544549 5.984193
v -4.071685 -3.557574 5.984368
v -3.944447 -3.596162 5.984567
v -3.827182 -3.658833 5.984783
v -3.724397 -3.743175 5.985007
v -3.640042 -3.845951 5.985231
v -3.577356 -3.963208 5.985447
v -3.538753 -4.090441 5.985645
v -3.525712 -4.222762 5.985818
v -3.538737 -4.355083 5.985960
v -3.577325 -4.482321 5.986065
v -3.639996 -4.599586 5.986130
v -3.724338 -4.702372 5.986151
v -3.827113 -4.786727 5.986127
v -3.944370 -4.849413 5.986061
v -4.071604 -4.888017 5.985953
v -4.203925 -4.901059 5.985810
v -4.336246 -4.888033 5.985635
v -4.463485 -4.849445 5.985435
v -4.580749 -4.786775 5.985219
v -4.683534 -4.702432 5.984995
v -4.767891 -4.599656 5.984771
v -4.830575 -4.482399 5.984556
v -4.869180 -4.355166 5.984357
v -4.882331 -4.222736 6.076591
v -4.869308 -4.090414 6.076449
v -4.830718 -3.963176 6.076344
v -4.768048 -3.845911 6.076280
v -4.683704 -3.743125 6.076259
v -4.580929 -3.658770 6.076282
v -4.463673 -3.596084 6.076349
v -4.336439 -3.557480 6.076456
v -4.204119 -3.544439 6.076600
v -4.071796 -3.557464 6.076775
v -3.944558 -3.596052 6.076974
v -3.827293 -3.658722 6.077190
v -3.724508 -3.743065 6.077415
v -3.640153 -3.845840 6.077639
v -3.577468 -3.963098 6.077854
v -3.538864 -4.090331 6.078052
v -3.525823 -4.222651 6.078226
v -3.538848 -4.354973 6.078368
v -3.577436 -4.482211 6.078473
v -3.640107 -4.599476 6.078537
v -3.724450 -4.702262 6.078558
v -3.827224 -4.786617 6.078535
v -3.944481 -4.849303 6.078468
v -4.071715 -4.887907 6.078361
v -4.204036 -4.900949 6.078217
v -4.336358 -4.887923 6.078042
v -4.463596 -4.849335 6.077843
v -4.580860 -4.786665 6.077627
v -4.683646 -4.702322 6.077402
v -4.768003 -4.599546 6.077178
v -4.830687 -4.482289 6.076963
v -4.869291 -4.355056 6.076765
v 4.708132 4.230735 0.642594
v 4.702613 4.236194 5.222434
v 4.698298 4.130818 0.642702
v 4.692779 4.136277 5.222541
v 4.669159 4.034741 0.642781
v 4.663640 4.040200 5.222620
v 4.621837 3.946193 0.642830
v 4.616318 3.951652 5.222669
v 4.558149 3.868579 0.642845
v 4.552630 3.874038 5.222684
v 4.480543 3.804883 0.642828
v 4.475024 3.810342 5.222667
v 4.392001 3.757549 0.642777
v 4.386482 3.763008 5.222617
v 4.295928 3.728398 0.642696
v 4.290409 3.733857 5.222536
v 4.196012 3.718551 0.642588
v 4.190494 3.724010 5.222427
v 4.096095 3.728386 0.642456
v 4.090576 3.733845 5.222295
v 4.000018 3.757525 0.642305
v 3.994499 3.762984 5.222144
v 3.911470 3.804847 0.642142
v 3.905951 3.810306 5.221981
v 3.833858 3.868534 0.641973
v 3.828339 3.873993 5.221812
v 3.770160 3.946140 0.641803
v 3.764641 3.951599 5.221642
v 3.722826 4.034681 0.641641
v 3.717308 4.040140 5.221480
v 3.693677 4.130756 0.641491
v 3.688158 4.136215 5.221330
v 3.683830 4.230671 0.641360
v 3.678311 4.236130 5.221200
v 3.693664 4.330588 0.641253
v 3.688146 4.336047 5.221092
v 3.722803 4.426665 0.641174
v 3.717284 4.432124 5.221013
v 3.770125 4.515213 0.641125
v 3.764606 4.520672 5.220964
v 3.833813 4.592826 0.641109
v 3.828295 4.598285 5.220948
v 3.911418 4.656524 0.641127
v 3.905900 4.661983 5.220966
v 3.999960 4.703857 0.641177
v 3.994441 4.709316 5.221016
v 4.096034 4.733007 0.641258
v 4.090515 4.738466 5.221097
v 4.195950 4.742855 0.641367
v 4.190431 4.748313 5.221206
v 4.295867 4.733020 0.641499
v 4.290348 4.738479 5.221338
v 4.391943 4.703882 0.641649
v 4.386424 4.709341 5.221488
v 4.480491 4.656559 0.641813
v 4.474972 4.662018 5.221652
v 4.558105 4.592871 0.641982
v 4.552586 4.598330 5.221821
v 4.621802 4.515266 0.642151
v 4.616283 4.520725 5.221991
v 4.669135 4.426724 0.642314
v 4.663616 4.432183 5.222153
v 4.698286 4.330650 0.642463
v 4.692767 4.336109 5.222302
v 4.733063 4.230704 0.615707
v 4.722750 4.125931 0.615820
v 4.692195 4.025182 0.615903
v 4.642573 3.932330 0.615954
v 4.575788 3.850943 0.615971
v 4.494410 3.784149 0.615952
v 4.401564 3.734514 0.615899
v 4.300818 3.703947 0.615814
v 4.196046 3.693620 0.615700
v 4.091271 3.703933 0.615562
v 3.990523 3.734488 0.615404
v 3.897671 3.784111 0.615233
v 3.816285 3.850895 0.615055
v 3.749490 3.932274 0.614878
v 3.699856 4.025119 0.614707
v 3.669288 4.125865 0.614551
v 3.658963 4.230637 0.614413
v 3.669276 4.335411 0.614301
v 3.699830 4.436160 0.614218
v 3.749454 4.529012 0.614167
v 3.816239 4.610398 0.614150
v 3.897616 4.677192 0.614169
v 3.990462 4.726828 0.614221
v 4.091207 4.757396 0.614306
v 4.195981 4.767721 0.614420
v 4.300754 4.757409 0.614559
v 4.401503 4.726853 0.614717
v 4.494355 4.677230 0.614888
v 4.575742 4.610445 0.615065
v 4.642537 4.529068 0.615243
v 4.692171 4.436222 0.615413
v 4.722738 4.335477 0.615570
v 4.733109 4.230659 0.578024
v 4.722795 4.125886 0.578137
v 4.692241 4.025137 0.578220
v 4.642619 3.932285 0.578271
v 4.575834 3.850898 0.578288
v 4.494455 3.784104 0.578269
v 4.401609 3.734469 0.578216
v 4.300864 3.703902 0.578131
v 4.196092 3.693575 0.578018
v 4.091317 3.703888 0.577879
v 3.990568 3.734443 0.577721
v 3.897716 3.784066 0.577550
v 3.816330 3.850850 0.577372
v 3.749535 3.932229 0.577195
v 3.699901 4.025074 0.577025
v 3.669334 4.125820 0.576868
v 3.659008 4.230592 0.576730
v 3.669321 4.335366 0.576618
v 3.699876 4.436115 0.576535
v 3.749499 4.528967 0.576484
v 3.816284 4.610353 0.576467
v 3.897662 4.677147 0.576486
v 3.990508 4.726783 0.576538
v 4.091252 4.757351 0.576623
v 4.196026 4.767676 0.576737
v 4.300799 4.757364 0.576876
v 4.401548 4.726808 0.577034
v 4.494401 4.677185 0.577205
v 4.575787 4.610401 0.577382
v 4.642582 4.529023 0.577560
v 4.692216 4.436177 0.577730
v 4.722783 4.335433 0.577887
v 4.783459 4.230627 0.547579
v 4.772180 4.116036 0.547702
v 4.738763 4.005849 0.547793
v 4.684489 3.904298 0.547849
v 4.611450 3.815287 0.547867
v 4.522447 3.742235 0.547847
v 4.420902 3.687951 0.547789
v 4.310719 3.654519 0.547696
v 4.196131 3.643226 0.547572
v 4.081542 3.654505 0.547420
v 3.971354 3.687923 0.547247
v 3.869803 3.742194 0.547060
v 3.780792 3.815235 0.546866
v 3.707740 3.904237 0.546672
v 3.653456 4.005781 0.546485
v 3.620025 4.115964 0.546314
v 3.608732 4.230553 0.546164
v 3.620011 4.345142 0.546041
v 3.653428 4.455330 0.545950
v 3.707701 4.556880 0.545894
v 3.780741 4.645892 0.545876
v 3.869743 4.718944 0.545896
v 3.971287 4.773229 0.545954
v 4.081471 4.806660 0.546047
v 4.196060 4.817953 0.546171
v 4.310648 4.806674 0.546323
v 4.420836 4.773257 0.546495
v 4.522387 4.718984 0.546682
v 4.611399 4.645944 0.546877
v 4.684449 4.556942 0.547071
v 4.738735 4.455398 0.547257
v 4.772165 4.345214 0.547429
v 4.783520 4.230567 0.497335
v 4.772240 4.115976 0.497458
v 4.738823 4.005789 0.497549
v 4.684550 3.904238 0.497605
v 4.611510 3.815227 0.497623
v 4.522508 3.742175 0.497603
v 4.420963 3.687891 0.497545
v 4.310780 3.654459 0.497452
v 4.196192 3.643166 0.497328
v 4.081603 3.654445 0.497176
v 3.971414 3.687863 0.497003
v 3.869864 3.742134 0.496816
v 3.780853 3.815175 0.496622
v 3.707801 3.904177 0.496428
v 3.653516 4.005721 0.496242
v 3.620085 4.115904 0.496070
v 3.608793 4.230493 0.495920
v 3.620072 4.345082 0.495797
v 3.653489 4.455270 0.495706
v 3.707762 4.556820 0.495650
v 3.780802 4.645832 0.495632
v 3.869803 4.718884 0.495652
v 3.971348 4.773169 0.495710
v 4.081532 4.806600 0.495803
v 4.196120 4.817893 0.495927
v 4.310709 4.806614 0.496079
v 4.420897 4.773197 0.496251
v 4.522448 4.718924 0.496439
v 4.611460 4.645884 0.496633
v 4.684510 4.556882 0.496827
v 4.738796 4.455338 0.497013
v 4.772226 4.345154 0.497185
v 4.747408 4.230549 0.484731
v 4.736823 4.123007 0.484846
v 4.705460 4.019598 0.484932
v 4.654527 3.924292 0.484984
v 4.585979 3.840755 0.485001
v 4.502449 3.772197 0.484982
v 4.407151 3.721251 0.484928
v 4.303746 3.689877 0.484841
v 4.196205 3.679278 0.484724
v 4.088665 3.689863 0.484581
v 3.985254 3.721225 0.484419
v 3.889948 3.772159 0.484244
v 3.806412 3.840706 0.484061
v 3.737852 3.924235 0.483879
v 3.686908 4.019534 0.483704
v 3.655532 4.122940 0.483543
v 3.644934 4.230480 0.483402
v 3.655519 4.338022 0.483287
v 3.686882 4.441432 0.483201
v 3.737815 4.536736 0.483149
v 3.806364 4.620274 0.483132
v 3.889891 4.688832 0.483151
v 3.985190 4.739778 0.483205
v 4.088599 4.771153 0.483292
v 4.196137 4.781753 0.483409
v 4.303680 4.771167 0.483552
v 4.407089 4.739804 0.483714
v 4.502393 4.688870 0.483889
v 4.585931 4.620323 0.484072
v 4.654490 4.536794 0.484254
v 4.705434 4.441496 0.484429
v 4.736809 4.338089 0.484590
v 4.747507 4.230451 0.402187
v 4.736922 4.122909 0.402302
v 4.705559 4.019499 0.402388
v 4.654626 3.924194 0.402440
v 4.586078 3.840657 0.402457
v 4.502548 3.772099 0.402438
v 4.407250 3.721153 0.402384
v 4.303845 3.689778 0.402297
v 4.196304 3.679179 0.402180
v 4.088764 3.689765 0.402038
v 3.985353 3.721126 0.401875
v 3.890048 3.772060 0.401700
v 3.806511 3.840608 0.401518
v 3.737952 3.924137 0.401335
v 3.687007 4.019436 0.401160
v 3.655632 4.122842 0.400999
v 3.645033 4.230382 0.400858
v 3.655618 4.337924 0.400743
v 3.686981 4.441334 0.400658
v 3.737914 4.536638 0.400605
v 3.806463 4.620175 0.400588
v 3.889991 4.688734 0.400607
v 3.985290 4.739680 0.400661
v 4.088698 4.771055 0.400749
v 4.196237 4.781654 0.400866
v 4.303780 4.771069 0.401008
v 4.407188 4.739706 0.401170
v 4.502492 4.688772 0.401345
v 4.586030 4.620224 0.401528
v 4.654589 4.536696 0.401710
v 4.705534 4.441398 0.401885
v 4.736908 4.337991 0.402046
v 4.830670 4.230428 0.378959
v 4.818489 4.106667 0.379092
v 4.782396 3.987661 0.379190
v 4.723782 3.877983 0.379250
v 4.644895 3.781848 0.379270
v 4.548769 3.702950 0.379248
v 4.439098 3.644321 0.379186
v 4.320097 3.608213 0.379085
v 4.196337 3.596017 0.378951
v 4.072577 3.608198 0.378787
v 3.953571 3.644290 0.378601
v 3.843893 3.702906 0.378399
v 3.747758 3.781792 0.378189
v 3.668859 3.877918 0.377979
v 3.610230 3.987588 0.377778
v 3.574123 4.106589 0.377593
v 3.561927 4.230349 0.377430
v 3.574108 4.354109 0.377297
v 3.610201 4.473115 0.377199
v 3.668816 4.582794 0.377139
v 3.747703 4.678929 0.377119
v 3.843829 4.757828 0.377141
v 3.953499 4.816457 0.377204
v 4.072501 4.852563 0.377304
v 4.196260 4.864761 0.377438
v 4.320021 4.852579 0.377602
v 4.439027 4.816487 0.377789
v 4.548704 4.757872 0.377991
v 4.644840 4.678985 0.378200
v 4.723739 4.582860 0.378410
v 4.782367 4.473188 0.378611
v 4.818474 4.354187 0.378797
v 4.830811 4.230289 0.262320
v 4.818630 4.106528 0.262453
v 4.782537 3.987522 0.262551
v 4.723922 3.877844 0.262611
v 4.645035 3.781709 0.262631
v 4.548910 3.702811 0.262609
v 4.439239 3.644182 0.262547
v 4.320238 3.608074 0.262447
v 4.196478 3.595878 0.262312
v 4.072718 3.608059 0.262148
v 3.953711 3.644151 0.261962
v 3.844034 3.702767 0.261760
v 3.747898 3.781653 0.261550
v 3.668999 3.877779 0.261340
v 3.610371 3.987449 0.261139
v 3.574263 4.106451 0.260954
v 3.562068 4.230210 0.260791
v 3.574248 4.353970 0.260659
v 3.610341 4.472977 0.260560
v 3.668956 4.582655 0.260500
v 3.747843 4.678790 0.260481
v 3.843969 4.757689 0.260502
v 3.953640 4.816318 0.260565
v 4.072641 4.852424 0.260665
v 4.196401 4.864622 0.260800
v 4.320161 4.852440 0.260963
v 4.439167 4.816348 0.261150
v 4.548845 4.757733 0.261352
v 4.644980 4.678846 0.261562
v 4.723879 4.582721 0.261771
v 4.782507 4.473050 0.261973
v 4.818614 4.354048 0.262158
v 4.782798 4.230260 0.240729
v 4.771538 4.115872 0.240852
v 4.738180 4.005878 0.240943
v 4.684003 3.904505 0.240999
v 4.611090 3.815650 0.241017
v 4.522243 3.742726 0.240996
v 4.420877 3.688537 0.240939
v 4.310889 3.655165 0.240846
v 4.196501 3.643891 0.240722
v 4.082112 3.655151 0.240570
v 3.972119 3.688509 0.240398
v 3.870746 3.742686 0.240211
v 3.781891 3.815598 0.240017
v 3.708967 3.904444 0.239824
v 3.654778 4.005810 0.239638
v 3.621406 4.115800 0.239466
v 3.610133 4.230187 0.239316
v 3.621392 4.344575 0.239194
v 3.654751 4.454569 0.239103
v 3.708928 4.555943 0.239047
v 3.781841 4.644797 0.239029
v 3.870686 4.717721 0.239049
v 3.972052 4.771910 0.239107
v 4.082042 4.805284 0.239200
v 4.196429 4.816556 0.239324
v 4.310818 4.805298 0.239475
v 4.420811 4.771938 0.239647
v 4.522183 4.717762 0.239834
v 4.611040 4.644850 0.240028
v 4.683963 4.556004 0.240222
v 4.738152 4.454638 0.240408
v 4.771523 4.344647 0.240579
v 4.782822 4.230237 0.220990
v 4.771562 4.115849 0.221113
v 4.738204 4.005855 0.221204
v 4.684027 3.904482 0.221260
v 4.611114 3.815626 0.221278
v 4.522266 3.742703 0.221257
v 4.420900 3.688514 0.221200
v 4.310913 3.655142 0.221107
v 4.196525 3.643867 0.220983
v 4.082136 3.655127 0.220832
v 3.972142 3.688485 0.220659
v 3.870770 3.742662 0.220472
v 3.781915 3.815574 0.220279
v 3.708991 3.904421 0.220085
v 3.654802 4.005786 0.219899
v 3.621429 4.115777 0.219727
v 3.610157 4.230164 0.219577
v 3.621416 4.344552 0.219455
v 3.654775 4.454546 0.219364
v 3.708951 4.555920 0.219308
v 3.781864 4.644774 0.219290
v 3.870709 4.717698 0.219310
v 3.972076 4.771887 0.219368
v 4.082066 4.805260 0.219461
v 4.196453 4.816533 0.219585
v 4.310842 4.805274 0.219736
v 4.420835 4.771915 0.219909
v 4.522207 4.717738 0.220095
v 4.611063 4.644827 0.220289
v 4.683987 4.555980 0.220483
v 4.738176 4.454614 0.220669
v 4.771547 4.344624 0.220840
v 4.939898 4.230221 0.199647
v 4.925622 4.085193 0.199802
v 4.883328 3.945738 0.199918
v 4.814640 3.817213 0.199988
v 4.722198 3.704557 0.200011
v 4.609553 3.612101 0.199985
v 4.481038 3.543397 0.199912
v 4.341586 3.501085 0.199795
v 4.196560 3.486792 0.199637
v 4.051533 3.501067 0.199445
v 3.912077 3.543361 0.199227
v 3.783552 3.612049 0.198990
v 3.670896 3.704491 0.198744
v 3.578440 3.817135 0.198498
v 3.509737 3.945652 0.198262
v 3.467425 4.085102 0.198045
v 3.453132 4.230128 0.197855
v 3.467407 4.375155 0.197700
v 3.509702 4.514611 0.197584
v 3.578389 4.643137 0.197514
v 3.670831 4.755793 0.197491
v 3.783476 4.848248 0.197516
v 3.911992 4.916952 0.197589
v 4.051444 4.959264 0.197707
v 4.196470 4.973557 0.197865
v 4.341497 4.959282 0.198057
v 4.480954 4.916988 0.198275
v 4.609478 4.848301 0.198512
v 4.722134 4.755858 0.198758
v 4.814590 4.643215 0.199003
v 4.883293 4.514697 0.199239
v 4.925604 4.375247 0.199457
v 4.940239 4.229883 -0.083875
v 4.925963 4.084855 -0.083719
v 4.883669 3.945400 -0.083604
v 4.814981 3.816875 -0.083534
v 4.722539 3.704219 -0.083511
v 4.609895 3.611763 -0.083536
v 4.481379 3.543059 -0.083609
v 4.341928 3.500747 -0.083727
v 4.196902 3.486454 -0.083885
v 4.051874 3.500729 -0.084076
v 3.912419 3.543023 -0.084295
v 3.783894 3.611711 -0.084532
v 3.671237 3.704153 -0.084777
v 3.578782 3.816797 -0.085023
v 3.510079 3.945314 -0.085259
v 3.467766 4.084764 -0.085476
v 3.453474 4.229790 -0.085666
v 3.467749 4.374817 -0.085822
v 3.510044 4.514273 -0.085937
v 3.578731 4.642799 -0.086008
v 3.671173 4.755455 -0.086031
v 3.783817 4.847910 -0.086005
v 3.912334 4.916614 -0.085932
v 4.051785 4.958926 -0.085815
v 4.196811 4.973219 -0.085657
v 4.341839 4.958944 -0.085465
v 4.481295 4.916650 -0.085247
v 4.609819 4.847963 -0.085010
v 4.722476 4.755520 -0.084764
v 4.814931 4.642877 -0.084518
v 4.883635 4.514359 -0.084282
v 4.925945 4.374908 -0.084065
v 4.805386 4.236302 5.308120
v 4.793575 4.116316 5.308249
v 4.758584 4.000938 5.308344
v 4.701757 3.894604 5.308402
v 4.625277 3.801401 5.308421
v 4.532081 3.724908 5.308400
v 4.425755 3.668068 5.308340
v 4.310381 3.633061 5.308242
v 4.190397 3.621236 5.308112
v 4.070410 3.633046 5.307953
v 3.955033 3.668037 5.307773
v 3.848700 3.724865 5.307577
v 3.755495 3.801347 5.307373
v 3.679003 3.894541 5.307170
v 3.622162 4.000867 5.306974
v 3.587156 4.116240 5.306795
v 3.575332 4.236226 5.306638
v 3.587141 4.356212 5.306509
v 3.622133 4.471589 5.306414
v 3.678962 4.577922 5.306355
v 3.755442 4.671126 5.306336
v 3.848637 4.747619 5.306357
v 3.954963 4.804461 5.306418
v 4.070337 4.839467 5.306515
v 4.190321 4.851292 5.306645
v 4.310308 4.839482 5.306804
v 4.425685 4.804490 5.306985
v 4.532018 4.747662 5.307181
v 4.625223 4.671181 5.307384
v 4.701715 4.577987 5.307588
v 4.758555 4.471660 5.307783
v 4.793561 4.356287 5.307962
v 4.805238 4.236449 5.431330
v 4.793427 4.116463 5.431458
v 4.758436 4.001085 5.431554
v 4.701609 3.894751 5.431612
v 4.625128 3.801548 5.431631
v 4.531932 3.725055 5.431610
v 4.425606 3.668215 5.431550
v 4.310233 3.633208 5.431452
v 4.190248 3.621383 5.431322
v 4.070262 3.633193 5.431163
v 3.954885 3.668185 5.430983
v 3.848551 3.725012 5.430787
v 3.755347 3.801493 5.430583
v 3.678855 3.894687 5.430380
v 3.622014 4.001014 5.430184
v 3.587008 4.116387 5.430005
v 3.575183 4.236372 5.429848
v 3.586993 4.356359 5.429719
v 3.621985 4.471735 5.429624
v 3.678813 4.578070 5.429565
v 3.755294 4.671273 5.429546
v 3.848489 4.747766 5.429567
v 3.954815 4.804608 5.429628
v 4.070189 4.839614 5.429725
v 4.190173 4.851439 5.429855
v 4.310159 4.839629 5.430014
v 4.425537 4.804637 5.430195
v 4.531870 4.747808 5.430391
v 4.625075 4.671329 5.430594
v 4.701567 4.578135 5.430798
v 4.758407 4.471807 5.430993
v 4.793412 4.356434 5.431172
v 4.730036 4.236465 5.448351
v 4.719669 4.131146 5.448464
v 4.688955 4.029872 5.448548
v 4.639074 3.936536 5.448599
v 4.571942 3.854726 5.448616
v 4.490140 3.787584 5.448597
v 4.396811 3.737691 5.448544
v 4.295542 3.706965 5.448459
v 4.190223 3.696584 5.448344
v 4.084904 3.706952 5.448205
v 3.983630 3.737665 5.448046
v 3.890295 3.787546 5.447874
v 3.808485 3.854678 5.447696
v 3.741342 3.936480 5.447517
v 3.691449 4.029809 5.447346
v 3.660723 4.131080 5.447188
v 3.650344 4.236397 5.447050
v 3.660710 4.341716 5.446937
v 3.691424 4.442990 5.446853
v 3.741305 4.536325 5.446802
v 3.808438 4.618135 5.446785
v 3.890240 4.685278 5.446804
v 3.983569 4.735171 5.446857
v 4.084839 4.765898 5.446942
v 4.190157 4.776278 5.447057
v 4.295477 4.765911 5.447196
v 4.396749 4.735198 5.447355
v 4.490086 4.685316 5.447527
v 4.571896 4.618185 5.447705
v 4.639038 4.536381 5.447884
v 4.688930 4.443052 5.448055
v 4.719656 4.341783 5.448213
v 4.729799 4.236699 5.645144
v 4.719432 4.131380 5.645257
v 4.688718 4.030107 5.645341
v 4.638837 3.936771 5.645392
v 4.571705 3.854960 5.645409
v 4.489903 3.787819 5.645391
v 4.396573 3.737926 5.645338
v 4.295304 3.707198 5.645252
v 4.189986 3.696819 5.645137
v 4.084667 3.707185 5.644998
v 3.983393 3.737900 5.644840
v 3.890058 3.787781 5.644668
v 3.808248 3.854913 5.644489
v 3.741105 3.936714 5.644310
v 3.691212 4.030044 5.644139
v 3.660486 4.131313 5.643981
v 3.650107 4.236632 5.643844
v 3.660473 4.341951 5.643731
v 3.691187 4.443224 5.643647
v 3.741068 4.536560 5.643596
v 3.808201 4.618370 5.643579
v 3.890003 4.685512 5.643598
v 3.983332 4.735406 5.643651
v 4.084602 4.766132 5.643736
v 4.189920 4.776512 5.643850
v 4.295239 4.766145 5.643990
v 4.396512 4.735431 5.644148
v 4.489848 4.685551 5.644320
v 4.571658 4.618418 5.644499
v 4.638801 4.536616 5.644677
v 4.688693 4.443287 5.644849
v 4.719419 4.342017 5.645006
v 4.784174 4.236737 5.674301
v 4.772762 4.120804 5.674425
v 4.738952 4.009323 5.674518
v 4.684043 3.906580 5.674574
v 4.610146 3.816525 5.674592
v 4.520098 3.742616 5.674572
v 4.417363 3.687694 5.674513
v 4.305887 3.653871 5.674419
v 4.189954 3.642444 5.674293
v 4.074020 3.653856 5.674140
v 3.962540 3.687665 5.673965
v 3.859797 3.742575 5.673776
v 3.769741 3.816472 5.673579
v 3.695833 3.906518 5.673383
v 3.640911 4.009254 5.673194
v 3.607088 4.120731 5.673021
v 3.595663 4.236663 5.672869
v 3.607073 4.352597 5.672744
v 3.640884 4.464077 5.672652
v 3.695792 4.566820 5.672596
v 3.769690 4.656875 5.672578
v 3.859737 4.730784 5.672598
v 3.962473 4.785707 5.672657
v 4.073948 4.819529 5.672750
v 4.189882 4.830956 5.672876
v 4.305816 4.819544 5.673030
v 4.417296 4.785735 5.673204
v 4.520038 4.730826 5.673394
v 4.610093 4.656928 5.673590
v 4.684003 4.566882 5.673787
v 4.738925 4.464146 5.673975
v 4.772748 4.352670 5.674149
v 4.784100 4.236811 5.735906
v 4.772687 4.120877 5.736030
v 4.738877 4.009396 5.736123
v 4.683969 3.906654 5.736179
v 4.610071 3.816598 5.736197
v 4.520023 3.742690 5.736176
v 4.417289 3.687767 5.736118
v 4.305813 3.653944 5.736024
v 4.189880 3.642518 5.735898
v 4.073946 3.653930 5.735745
v 3.962466 3.687738 5.735570
v 3.859723 3.742648 5.735381
v 3.769667 3.816545 5.735184
v 3.695758 3.906592 5.734988
v 3.640837 4.009327 5.734799
v 3.607013 4.120804 5.734626
v 3.595588 4.236737 5.734474
v 3.606999 4.352671 5.734349
v 3.640809 4.464150 5.734257
v 3.695718 4.566894 5.734201
v 3.769615 4.656949 5.734183
v 3.859663 4.730857 5.734203
v 3.962398 4.785780 5.734262
v 4.073874 4.819602 5.734355
v 4.189807 4.831029 5.734481
v 4.305741 4.819617 5.734635
v 4.417222 4.785808 5.734809
v 4.519963 4.730900 5.734999
v 4.610019 4.657001 5.735195
v 4.683928 4.566955 5.735392
v 4.738851 4.464220 5.735580
v 4.772673 4.352744 5.735754
v 4.838514 4.236829 5.747950
v 4.826058 4.110276 5.748085
v 4.789151 3.988584 5.748186
v 4.729213 3.876431 5.748248
v 4.648546 3.778127 5.748268
v 4.550251 3.697449 5.748245
v 4.438107 3.637497 5.748181
v 4.316420 3.600575 5.748079
v 4.189869 3.588102 5.747941
v 4.063316 3.600559 5.747774
v 3.941624 3.637466 5.747583
v 3.829472 3.697403 5.747376
v 3.731168 3.778069 5.747162
v 3.650489 3.876364 5.746948
v 3.590537 3.988509 5.746742
v 3.553616 4.110196 5.746552
v 3.541144 4.236747 5.746387
v 3.553600 4.363299 5.746251
v 3.590507 4.484991 5.746150
v 3.650445 4.597144 5.746089
v 3.731112 4.695448 5.746068
v 3.829406 4.776127 5.746091
v 3.941551 4.836079 5.746154
v 4.063239 4.873002 5.746257
v 4.189790 4.885474 5.746395
v 4.316342 4.873017 5.746562
v 4.438034 4.836110 5.746753
v 4.550185 4.776173 5.746959
v 4.648490 4.695506 5.747174
v 4.729169 4.597211 5.747388
v 4.789121 4.485066 5.747594
v 4.826044 4.363379 5.747784
v 4.838449 4.236894 5.802710
v 4.825992 4.110341 5.802845
v 4.789085 3.988650 5.802946
v 4.729147 3.876496 5.803008
v 4.648480 3.778192 5.803028
v 4.550185 3.697514 5.803005
v 4.438041 3.637562 5.802941
v 4.316354 3.600640 5.802839
v 4.189803 3.588167 5.802701
v 4.063251 3.600625 5.802534
v 3.941558 3.637531 5.802343
v 3.829406 3.697469 5.802136
v 3.731102 3.778135 5.801922
v 3.650423 3.876430 5.801708
v 3.590471 3.988575 5.801502
v 3.553550 4.110261 5.801312
v 3.541078 4.236813 5.801147
v 3.553534 4.363365 5.801011
v 3.590441 4.485056 5.800910
v 3.650379 4.597209 5.800848
v 3.731046 4.695514 5.800828
v 3.829340 4.776192 5.800851
v 3.941485 4.836144 5.800914
v 4.063173 4.873067 5.801017
v 4.189724 4.885539 5.801155
v 4.316277 4.873083 5.801322
v 4.437968 4.836175 5.801513
v 4.550119 4.776238 5.801719
v 4.648424 4.695571 5.801934
v 4.729104 4.597276 5.802148
v 4.789055 4.485131 5.802354
v 4.825978 4.363444 5.802544
v 4.877091 4.236921 5.823291
v 4.863892 4.102824 5.823435
v 4.824786 3.973878 5.823542
v 4.761275 3.855040 5.823607
v 4.675799 3.750876 5.823628
v 4.571646 3.665389 5.823604
v 4.452815 3.601862 5.823537
v 4.323875 3.562740 5.823428
v 4.189781 3.549525 5.823282
v 4.055684 3.562723 5.823105
v 3.926739 3.601829 5.822903
v 3.807901 3.665341 5.822684
v 3.703737 3.750815 5.822457
v 3.618248 3.854969 5.822229
v 3.554723 3.973799 5.822011
v 3.515601 4.102739 5.821811
v 3.502385 4.236835 5.821635
v 3.515585 4.370931 5.821491
v 3.554691 4.499876 5.821384
v 3.618202 4.618714 5.821319
v 3.703676 4.722879 5.821298
v 3.807831 4.808366 5.821321
v 3.926661 4.871891 5.821389
v 4.055602 4.911015 5.821498
v 4.189697 4.924230 5.821644
v 4.323793 4.911031 5.821821
v 4.452738 4.871924 5.822023
v 4.571577 4.808414 5.822242
v 4.675740 4.722939 5.822469
v 4.761228 4.618785 5.822696
v 4.824753 4.499956 5.822915
v 4.863875 4.371015 5.823115
v 4.877019 4.236992 5.883185
v 4.863819 4.102895 5.883329
v 4.824713 3.973950 5.883435
v 4.761202 3.855112 5.883501
v 4.675726 3.750948 5.883522
v 4.571574 3.665460 5.883498
v 4.452743 3.601934 5.883430
v 4.323802 3.562812 5.883322
v 4.189708 3.549596 5.883176
v 4.055612 3.562795 5.882998
v 3.926666 3.601901 5.882797
v 3.807829 3.665412 5.882578
v 3.703665 3.750887 5.882350
v 3.618176 3.855040 5.882123
v 3.554651 3.973870 5.881905
v 3.515529 4.102811 5.881704
v 3.502313 4.236906 5.881528
v 3.515513 4.371002 5.881384
v 3.554619 4.499948 5.881278
v 3.618130 4.618786 5.881213
v 3.703604 4.722950 5.881192
v 3.807759 4.808437 5.881215
v 3.926589 4.871963 5.881283
v 4.055530 4.911086 5.881392
v 4.189624 4.924302 5.881537
v 4.323720 4.911103 5.881714
v 4.452665 4.871996 5.881917
v 4.571504 4.808486 5.882135
v 4.675667 4.723011 5.882363
v 4.761156 4.618857 5.882590
v 4.824681 4.500027 5.882808
v 4.863803 4.371087 5.883009
v 4.832953 4.237024 5.912222
v 4.820599 4.111517 5.912357
v 4.783998 3.990832 5.912457
v 4.724555 3.879606 5.912518
v 4.644557 3.782115 5.912538
v 4.547074 3.702103 5.912516
v 4.435855 3.642647 5.912453
v 4.315176 3.606031 5.912351
v 4.189671 3.593662 5.912214
v 4.064164 3.606015 5.912048
v 3.943479 3.642616 5.911860
v 3.832252 3.702059 5.911654
v 3.734761 3.782058 5.911442
v 3.654751 3.879539 5.911229
v 3.595295 3.990757 5.911025
v 3.558678 4.111439 5.910837
v 3.546309 4.236944 5.910672
v 3.558662 4.362450 5.910538
v 3.595265 4.483135 5.910438
v 3.654707 4.594361 5.910377
v 3.734706 4.691853 5.910357
v 3.832187 4.771864 5.910379
v 3.943406 4.831320 5.910442
v 4.064087 4.867937 5.910544
v 4.189592 4.880306 5.910681
v 4.315099 4.867952 5.910847
v 4.435784 4.831351 5.911036
v 4.547009 4.771909 5.911241
v 4.644502 4.691910 5.911453
v 4.724511 4.594428 5.911666
v 4.783968 4.483209 5.911870
v 4.820584 4.362529 5.912058
v 4.832881 4.237095 5.972116
v 4.820527 4.111588 5.972251
v 4.783926 3.990903 5.972351
v 4.724483 3.879678 5.972412
v 4.644485 3.782187 5.972432
v 4.547001 3.702175 5.972410
v 4.435783 3.642719 5.972347
v 4.315104 3.606102 5.972245
v 4.189598 3.593733 5.972108
v 4.064092 3.606086 5.971942
v 3.943407 3.642688 5.971754
v 3.832180 3.702130 5.971549
v 3.734689 3.782130 5.971336
v 3.654678 3.879611 5.971123
v 3.595223 3.990829 5.970919
v 3.558605 4.111510 5.970731
v 3.546237 4.237015 5.970566
v 3.558590 4.362521 5.970432
v 3.595193 4.483206 5.970332
v 3.654635 4.594432 5.970271
v 3.734634 4.691924 5.970251
v 3.832115 4.771935 5.970273
v 3.943334 4.831391 5.970336
v 4.064014 4.868008 5.970438
v 4.189520 4.880377 5.970575
v 4.315027 4.868023 5.970741
v 4.435711 4.831422 5.970930
v 4.546936 4.771980 5.971135
v 4.644429 4.691981 5.971347
v 4.724439 4.594499 5.971560
v 4.783895 4.483280 5.971764
v 4.820511 4.362600 5.971952
v 4.867796 4.237114 5.985849
v 4.854773 4.104792 5.985991
v 4.816183 3.977553 5.986096
v 4.753513 3.860289 5.986160
v 4.669169 3.757503 5.986181
v 4.566394 3.673147 5.986158
v 4.449138 3.610462 5.986091
v 4.321904 3.571858 5.985984
v 4.189584 3.558817 5.985840
v 4.057261 3.571841 5.985665
v 3.930023 3.610429 5.985466
v 3.812759 3.673100 5.985250
v 3.709974 3.757442 5.985025
v 3.625618 3.860218 5.984801
v 3.562933 3.977475 5.984586
v 3.524329 4.104709 5.984388
v 3.511288 4.237030 5.984214
v 3.524313 4.369350 5.984072
v 3.562901 4.496589 5.983967
v 3.625572 4.613854 5.983903
v 3.709915 4.716640 5.983882
v 3.812690 4.800995 5.983905
v 3.929947 4.863681 5.983972
v 4.057180 4.902285 5.984079
v 4.189501 4.915327 5.984223
v 4.321823 4.902301 5.984398
v 4.449061 4.863713 5.984597
v 4.566325 4.801043 5.984813
v 4.669111 4.716700 5.985038
v 4.753468 4.613924 5.985262
v 4.816152 4.496667 5.985477
v 4.854756 4.369434 5.985675
v 4.867685 4.237224 6.078256
v 4.854661 4.104902 6.078398
v 4.816072 3.977664 6.078503
v 4.753402 3.860399 6.078568
v 4.669058 3.757613 6.078588
v 4.566282 3.673257 6.078565
v 4.449026 3.610572 6.078498
v 4.321792 3.571968 6.078391
v 4.189473 3.558927 6.078247
v 4.057150 3.571951 6.078072
v 3.929912 3.610539 6.077873
v 3.812647 3.673210 6.077657
v 3.709862 3.757553 6.077433
v 3.625507 3.860328 6.077209
v 3.562822 3.977585 6.076993
v 3.524218 4.104818 6.076795
v 3.511177 4.237140 6.076622
v 3.524202 4.369460 6.076479
v 3.562790 4.496698 6.076375
v 3.625461 4.613964 6.076310
v 3.709804 4.716749 6.076289
v 3.812578 4.801105 6.076313
v 3.929835 4.863791 6.076379
v 4.057069 4.902394 6.076487
v 4.189390 4.915437 6.076630
v 4.321711 4.902411 6.076805
v 4.448950 4.863823 6.077004
v 4.566214 4.801152 6.077220
v 4.668999 4.716810 6.077445
v 4.753356 4.614034 6.077669
v 4.816040 4.496778 6.077884
v 4.854645 4.369544 6.078083
v 4.708649 -4.228615 0.652678
v 4.703130 -4.223156 5.232517
v 4.698802 -4.128700 0.652547
v 4.693284 -4.123241 5.232386
v 4.669652 -4.032626 0.652397
v 4.664133 -4.027167 5.232236
v 4.622320 -3.944085 0.652235
v 4.616801 -3.938626 5.232074
v 4.558622 -3.866479 0.652066
v 4.553103 -3.861020 5.231905
v 4.481008 -3.802792 0.651896
v 4.475489 -3.797333 5.231735
v 4.392459 -3.755470 0.651733
v 4.386940 -3.750011 5.231572
v 4.296384 -3.726331 0.651582
v 4.290865 -3.720872 5.231421
v 4.196466 -3.716496 0.651450
v 4.190948 -3.711037 5.231289
v 4.096550 -3.726343 0.651342
v 4.091032 -3.720884 5.231181
v 4.000477 -3.755494 0.651261
v 3.994958 -3.750035 5.231100
v 3.911935 -3.802828 0.651210
v 3.906416 -3.797369 5.231050
v 3.834330 -3.866524 0.651193
v 3.828811 -3.861065 5.231032
v 3.770642 -3.944138 0.651209
v 3.765123 -3.938679 5.231048
v 3.723320 -4.032685 0.651257
v 3.717801 -4.027226 5.231096
v 3.694181 -4.128763 0.651337
v 3.688663 -4.123304 5.231176
v 3.684346 -4.228680 0.651444
v 3.678828 -4.223221 5.231283
v 3.694194 -4.328595 0.651575
v 3.688675 -4.323136 5.231414
v 3.723343 -4.424669 0.651724
v 3.717825 -4.419210 5.231564
v 3.770677 -4.513210 0.651887
v 3.765158 -4.507751 5.231726
v 3.834374 -4.590816 0.652056
v 3.828856 -4.585357 5.231895
v 3.911987 -4.654504 0.652226
v 3.906468 -4.649045 5.232065
v 4.000535 -4.701826 0.652389
v 3.995016 -4.696367 5.232228
v 4.096611 -4.730964 0.652539
v 4.091093 -4.725505 5.232378
v 4.196529 -4.740798 0.652671
v 4.191010 -4.735340 5.232511
v 4.296445 -4.730951 0.652780
v 4.290926 -4.725492 5.232619
v 4.392518 -4.701802 0.652861
v 4.386999 -4.696343 5.232700
v 4.481060 -4.654468 0.652911
v 4.475541 -4.649009 5.232750
v 4.558666 -4.590770 0.652929
v 4.553147 -4.585311 5.232768
v 4.622355 -4.513157 0.652913
v 4.616836 -4.507699 5.232752
v 4.669676 -4.424609 0.652865
v 4.664157 -4.419150 5.232704
v 4.698815 -4.328532 0.652785
v 4.693296 -4.323073 5.232625
v 4.733580 -4.228646 0.625791
v 4.723255 -4.123874 0.625654
v 4.692688 -4.023129 0.625497
v 4.643054 -3.930283 0.625326
v 4.576259 -3.848904 0.625149
v 4.494872 -3.782120 0.624971
v 4.402020 -3.732497 0.624800
v 4.301271 -3.701942 0.624642
v 4.196497 -3.691629 0.624504
v 4.091724 -3.701955 0.624390
v 3.990979 -3.732523 0.624305
v 3.898134 -3.782157 0.624252
v 3.816756 -3.848951 0.624234
v 3.749971 -3.930338 0.624250
v 3.700347 -4.023191 0.624301
v 3.669792 -4.123940 0.624384
v 3.659480 -4.228714 0.624497
v 3.669805 -4.333487 0.624634
v 3.700372 -4.434231 0.624791
v 3.750007 -4.527077 0.624961
v 3.816802 -4.608455 0.625139
v 3.898188 -4.675239 0.625317
v 3.991040 -4.724862 0.625488
v 4.091789 -4.755418 0.625646
v 4.196563 -4.765730 0.625784
v 4.301336 -4.755405 0.625898
v 4.402081 -4.724837 0.625983
v 4.494926 -4.675201 0.626036
v 4.576305 -4.608407 0.626054
v 4.643090 -4.527021 0.626038
v 4.692712 -4.434169 0.625987
v 4.723267 -4.333420 0.625903
v 4.733625 -4.228691 0.588108
v 4.723300 -4.123919 0.587971
v 4.692733 -4.023173 0.587814
v 4.643099 -3.930328 0.587643
v 4.576304 -3.848949 0.587466
v 4.494917 -3.782165 0.587288
v 4.402065 -3.732542 0.587117
v 4.301317 -3.701987 0.586959
v 4.196543 -3.691674 0.586821
v 4.091770 -3.702000 0.586707
v 3.991024 -3.732568 0.586622
v 3.898179 -3.782202 0.586569
v 3.816801 -3.848996 0.586551
v 3.750016 -3.930383 0.586567
v 3.700392 -4.023236 0.586618
v 3.669838 -4.123985 0.586701
v 3.659525 -4.228758 0.586814
v 3.669851 -4.333531 0.586951
v 3.700418 -4.434276 0.587108
v 3.750052 -4.527122 0.587279
v 3.816847 -4.608500 0.587456
v 3.898233 -4.675284 0.587634
v 3.991085 -4.724907 0.587805
v 4.091834 -4.755463 0.587963
v 4.196609 -4.765775 0.588101
v 4.301381 -4.755450 0.588215
v 4.402126 -4.724882 0.588300
v 4.494972 -4.675246 0.588353
v 4.576351 -4.608452 0.588371
v 4.643136 -4.527066 0.588355
v 4.692758 -4.434214 0.588304
v 4.723312 -4.333465 0.588220
v 4.783976 -4.228724 0.557663
v 4.772682 -4.114136 0.557513
v 4.739252 -4.003953 0.557341
v 4.684966 -3.902408 0.557154
v 4.611916 -3.813406 0.556960
v 4.522904 -3.740366 0.556766
v 4.421353 -3.686094 0.556579
v 4.311165 -3.652676 0.556406
v 4.196577 -3.641397 0.556255
v 4.081988 -3.652690 0.556130
v 3.971804 -3.686122 0.556037
v 3.870261 -3.740407 0.555980
v 3.781259 -3.813458 0.555959
v 3.708217 -3.902469 0.555978
v 3.653945 -4.004021 0.556033
v 3.620528 -4.114208 0.556124
v 3.609249 -4.228798 0.556247
v 3.620542 -4.343385 0.556397
v 3.653973 -4.453569 0.556569
v 3.708258 -4.555113 0.556756
v 3.781309 -4.644115 0.556950
v 3.870319 -4.717155 0.557144
v 3.971871 -4.771429 0.557331
v 4.082059 -4.804846 0.557504
v 4.196648 -4.816124 0.557655
v 4.311236 -4.804831 0.557780
v 4.421420 -4.771400 0.557873
v 4.522964 -4.717115 0.557930
v 4.611967 -4.644063 0.557950
v 4.685006 -4.555052 0.557932
v 4.739280 -4.453501 0.557877
v 4.772696 -4.343313 0.557786
v 4.784037 -4.228784 0.507419
v 4.772743 -4.114196 0.507269
v 4.739313 -4.004013 0.507097
v 4.685027 -3.902468 0.506911
v 4.611977 -3.813466 0.506716
v 4.522964 -3.740425 0.506522
v 4.421414 -3.686154 0.506335
v 4.311226 -3.652736 0.506162
v 4.196637 -3.641457 0.506011
v 4.082049 -3.652750 0.505886
v 3.971865 -3.686182 0.505793
v 3.870321 -3.740466 0.505736
v 3.781319 -3.813518 0.505716
v 3.708277 -3.902529 0.505734
v 3.654006 -4.004081 0.505789
v 3.620589 -4.114268 0.505880
v 3.609309 -4.228858 0.506003
v 3.620602 -4.343445 0.506154
v 3.654033 -4.453629 0.506325
v 3.708318 -4.555173 0.506512
v 3.781370 -4.644176 0.506706
v 3.870380 -4.717216 0.506900
v 3.971931 -4.771489 0.507087
v 4.082119 -4.804906 0.507260
v 4.196709 -4.816184 0.507411
v 4.311296 -4.804891 0.507536
v 4.421480 -4.771461 0.507629
v 4.523025 -4.717175 0.507686
v 4.612027 -4.644124 0.507707
v 4.685067 -4.555112 0.507688
v 4.739340 -4.453561 0.507633
v 4.772757 -4.343373 0.507542
v 4.747925 -4.228801 0.494814
v 4.737326 -4.121261 0.494673
v 4.705951 -4.017855 0.494512
v 4.655006 -3.922556 0.494337
v 4.586448 -3.839027 0.494155
v 4.502910 -3.770480 0.493973
v 4.407606 -3.719546 0.493797
v 4.304197 -3.688184 0.493635
v 4.196654 -3.677599 0.493493
v 4.089116 -3.688198 0.493376
v 3.985708 -3.719572 0.493289
v 3.890409 -3.770518 0.493235
v 3.806881 -3.839076 0.493216
v 3.738332 -3.922613 0.493233
v 3.687399 -4.017919 0.493285
v 3.656036 -4.121328 0.493370
v 3.645451 -4.228870 0.493486
v 3.656049 -4.336410 0.493627
v 3.687424 -4.439817 0.493788
v 3.738369 -4.535115 0.493963
v 3.806928 -4.618644 0.494145
v 3.890465 -4.687191 0.494327
v 3.985770 -4.738125 0.494503
v 4.089181 -4.769488 0.494665
v 4.196722 -4.780073 0.494807
v 4.304263 -4.769475 0.494924
v 4.407668 -4.738099 0.495011
v 4.502966 -4.687153 0.495065
v 4.586496 -4.618595 0.495084
v 4.655044 -4.535058 0.495067
v 4.705977 -4.439754 0.495015
v 4.737339 -4.336343 0.494930
v 4.748024 -4.228899 0.412270
v 4.737425 -4.121359 0.412129
v 4.706050 -4.017953 0.411968
v 4.655106 -3.922655 0.411793
v 4.586547 -3.839126 0.411611
v 4.503009 -3.770578 0.411429
v 4.407705 -3.719644 0.411253
v 4.304296 -3.688283 0.411091
v 4.196754 -3.677697 0.410949
v 4.089215 -3.688296 0.410832
v 3.985808 -3.719671 0.410745
v 3.890509 -3.770617 0.410691
v 3.806980 -3.839175 0.410672
v 3.738431 -3.922712 0.410689
v 3.687498 -4.018017 0.410741
v 3.656136 -4.121427 0.410827
v 3.645550 -4.228969 0.410942
v 3.656149 -4.336508 0.411083
v 3.687524 -4.439915 0.411244
v 3.738469 -4.535213 0.411419
v 3.807028 -4.618742 0.411601
v 3.890564 -4.687290 0.411784
v 3.985869 -4.738224 0.411959
v 4.089281 -4.769587 0.412121
v 4.196821 -4.780171 0.412263
v 4.304362 -4.769573 0.412380
v 4.407767 -4.738197 0.412467
v 4.503065 -4.687251 0.412522
v 4.586595 -4.618693 0.412540
v 4.655143 -4.535156 0.412524
v 4.706076 -4.439852 0.412471
v 4.737439 -4.336441 0.412386
v 4.831187 -4.228922 0.389043
v 4.818991 -4.105163 0.388880
v 4.782884 -3.986161 0.388695
v 4.724256 -3.876491 0.388494
v 4.645357 -3.780365 0.388284
v 4.549221 -3.701479 0.388074
v 4.439544 -3.642864 0.387872
v 4.320538 -3.606771 0.387686
v 4.196777 -3.594590 0.387522
v 4.073018 -3.606787 0.387387
v 3.954016 -3.642894 0.387287
v 3.844346 -3.701523 0.387225
v 3.748220 -3.780421 0.387203
v 3.669333 -3.876557 0.387223
v 3.610718 -3.986234 0.387283
v 3.574625 -4.105241 0.387381
v 3.562444 -4.229002 0.387514
v 3.574640 -4.352760 0.387676
v 3.610747 -4.471762 0.387861
v 3.669376 -4.581434 0.388063
v 3.748275 -4.677558 0.388272
v 3.844410 -4.756446 0.388482
v 3.954088 -4.815061 0.388684
v 4.073094 -4.851152 0.388871
v 4.196854 -4.863334 0.389034
v 4.320614 -4.851137 0.389169
v 4.439615 -4.815031 0.389269
v 4.549286 -4.756402 0.389332
v 4.645412 -4.677503 0.389353
v 4.724298 -4.581367 0.389334
v 4.782913 -4.471689 0.389274
v 4.819006 -4.352683 0.389175
v 4.831328 -4.229061 0.272404
v 4.819131 -4.105302 0.272242
v 4.783024 -3.986300 0.272056
v 4.724396 -3.876630 0.271855
v 4.645498 -3.780504 0.271645
v 4.549362 -3.701618 0.271435
v 4.439684 -3.643003 0.271233
v 4.320678 -3.606910 0.271047
v 4.196918 -3.594729 0.270883
v 4.073158 -3.606926 0.270749
v 3.954157 -3.643033 0.270648
v 3.844486 -3.701662 0.270586
v 3.748360 -3.780560 0.270564
v 3.669473 -3.876696 0.270584
v 3.610858 -3.986373 0.270644
v 3.574765 -4.105380 0.270742
v 3.562585 -4.229141 0.270875
v 3.574780 -4.352899 0.271037
v 3.610888 -4.471901 0.271223
v 3.669516 -4.581573 0.271424
v 3.748415 -4.677697 0.271634
v 3.844551 -4.756585 0.271843
v 3.954228 -4.815199 0.272045
v 4.073235 -4.851291 0.272232
v 4.196995 -4.863473 0.272396
v 4.320755 -4.851275 0.272530
v 4.439756 -4.815169 0.272631
v 4.549427 -4.756540 0.272693
v 4.645553 -4.677641 0.272715
v 4.724439 -4.581506 0.272695
v 4.783054 -4.471828 0.272635
v 4.819147 -4.352821 0.272537
v 4.783315 -4.229090 0.250813
v 4.772040 -4.114703 0.250663
v 4.738669 -4.004713 0.250492
v 4.684480 -3.903347 0.250306
v 4.611557 -3.814501 0.250112
v 4.522700 -3.741589 0.249918
v 4.421328 -3.687412 0.249731
v 4.311335 -3.654054 0.249559
v 4.196946 -3.642794 0.249408
v 4.082559 -3.654068 0.249283
v 3.972569 -3.687440 0.249190
v 3.871204 -3.741629 0.249133
v 3.782357 -3.814553 0.249113
v 3.709445 -3.903408 0.249131
v 3.655268 -4.004781 0.249186
v 3.621909 -4.114775 0.249277
v 3.610650 -4.229163 0.249400
v 3.621922 -4.343550 0.249550
v 3.655295 -4.453540 0.249721
v 3.709485 -4.554906 0.249907
v 3.782408 -4.643752 0.250101
v 3.871262 -4.716664 0.250295
v 3.972636 -4.770841 0.250482
v 4.082629 -4.804200 0.250654
v 4.197018 -4.815459 0.250805
v 4.311406 -4.804186 0.250930
v 4.421393 -4.770813 0.251022
v 4.522760 -4.716624 0.251080
v 4.611607 -4.643701 0.251100
v 4.684520 -4.554846 0.251082
v 4.738697 -4.453472 0.251027
v 4.772055 -4.343478 0.250936
v 4.783339 -4.229114 0.231074
v 4.772064 -4.114726 0.230924
v 4.738693 -4.004736 0.230753
v 4.684504 -3.903371 0.230567
v 4.611580 -3.814524 0.230373
v 4.522724 -3.741612 0.230179
v 4.421351 -3.687435 0.229992
v 4.311359 -3.654077 0.229820
v 4.196970 -3.642817 0.229669
v 4.082582 -3.654092 0.229544
v 3.972593 -3.687464 0.229451
v 3.871228 -3.741653 0.229394
v 3.782381 -3.814576 0.229374
v 3.709469 -3.903432 0.229392
v 3.655292 -4.004804 0.229447
v 3.621933 -4.114798 0.229538
v 3.610673 -4.229187 0.229661
v 3.621946 -4.343574 0.229811
v 3.655319 -4.453564 0.229982
v 3.709508 -4.554930 0.230168
v 3.782432 -4.643775 0.230362
v 3.871286 -4.716688 0.230556
v 3.972659 -4.770864 0.230743
v 4.082653 -4.804224 0.230915
v 4.197042 -4.815482 0.231066
v 4.311430 -4.804209 0.231191
v 4.421417 -4.770836 0.231284
v 4.522784 -4.716647 0.231341
v 4.611631 -4.643724 0.231361
v 4.684544 -4.554869 0.231343
v 4.738720 -4.453496 0.231288
v 4.772079 -4.343502 0.231197
v 4.940415 -4.229129 0.209730
v 4.926121 -4.084103 0.209540
v 4.883811 -3.944653 0.209323
v 4.815106 -3.816136 0.209087
v 4.722651 -3.703492 0.208841
v 4.609995 -3.611050 0.208595
v 4.481471 -3.542362 0.208359
v 4.342014 -3.500068 0.208140
v 4.196987 -3.485793 0.207948
v 4.051961 -3.500086 0.207791
v 3.912510 -3.542398 0.207673
v 3.783994 -3.611102 0.207600
v 3.671348 -3.703558 0.207575
v 3.578906 -3.816214 0.207597
v 3.510219 -3.944739 0.207668
v 3.467924 -4.084194 0.207783
v 3.453649 -4.229222 0.207939
v 3.467942 -4.374248 0.208129
v 3.510254 -4.513698 0.208346
v 3.578957 -4.642216 0.208582
v 3.671413 -4.754859 0.208828
v 3.784068 -4.847301 0.209074
v 3.912593 -4.915989 0.209310
v 4.052050 -4.958283 0.209529
v 4.197077 -4.972558 0.209721
v 4.342103 -4.958265 0.209878
v 4.481555 -4.915953 0.209996
v 4.610070 -4.847250 0.210069
v 4.722715 -4.754794 0.210094
v 4.815157 -4.642138 0.210072
v 4.883845 -4.513612 0.210001
v 4.926139 -4.374156 0.209886
v 4.940756 -4.229467 -0.073791
v 4.926462 -4.084441 -0.073982
v 4.884152 -3.944991 -0.074199
v 4.815448 -3.816474 -0.074435
v 4.722992 -3.703830 -0.074680
v 4.610336 -3.611388 -0.074926
v 4.481812 -3.542700 -0.075163
v 4.342356 -3.500406 -0.075381
v 4.197328 -3.486131 -0.075573
v 4.052302 -3.500424 -0.075731
v 3.912852 -3.542736 -0.075849
v 3.784335 -3.611440 -0.075922
v 3.671690 -3.703896 -0.075947
v 3.579248 -3.816552 -0.075924
v 3.510561 -3.945077 -0.075854
v 3.468266 -4.084532 -0.075738
v 3.453990 -4.229560 -0.075583
v 3.468283 -4.374586 -0.075393
v 3.510596 -4.514036 -0.075176
v 3.579298 -4.642554 -0.074940
v 3.671754 -4.755197 -0.074694
v 3.784410 -4.847639 -0.074448
v 3.912935 -4.916327 -0.074211
v 4.052391 -4.958622 -0.073993
v 4.197419 -4.972896 -0.073801
v 4.342444 -4.958603 -0.073643
v 4.481896 -4.916291 -0.073526
v 4.610412 -4.847588 -0.073453
v 4.723056 -4.755132 -0.073427
v 4.815498 -4.642477 -0.073450
v 4.884187 -4.513950 -0.073520
v 4.926480 -4.374495 -0.073636
v 4.805903 -4.223048 5.318203
v 4.794077 -4.103063 5.318046
v 4.759072 -3.987690 5.317866
v 4.702232 -3.881364 5.317671
v 4.625740 -3.788170 5.317468
v 4.532536 -3.711689 5.317265
v 4.426202 -3.654861 5.317069
v 4.310824 -3.619869 5.316888
v 4.190838 -3.608059 5.316729
v 4.070854 -3.619884 5.316599
v 3.955480 -3.654890 5.316501
v 3.849154 -3.711731 5.316441
v 3.755959 -3.788224 5.316420
v 3.679479 -3.881428 5.316439
v 3.622650 -3.987761 5.316497
v 3.587658 -4.103138 5.316592
v 3.575849 -4.223125 5.316721
v 3.587673 -4.343110 5.316878
v 3.622679 -4.458482 5.317058
v 3.679520 -4.564809 5.317254
v 3.756012 -4.658003 5.317457
v 3.849216 -4.734484 5.317660
v 3.955550 -4.791313 5.317856
v 4.070927 -4.826304 5.318037
v 4.190914 -4.838114 5.318195
v 4.310898 -4.826290 5.318326
v 4.426271 -4.791284 5.318423
v 4.532598 -4.734442 5.318483
v 4.625793 -4.657948 5.318505
v 4.702274 -4.564745 5.318486
v 4.759101 -4.458411 5.318428
v 4.794092 -4.343034 5.318332
v 4.805755 -4.222901 5.441413
v 4.793929 -4.102916 5.441256
v 4.758924 -3.987543 5.441076
v 4.702084 -3.881217 5.440881
v 4.625592 -3.788023 5.440678
v 4.532387 -3.711542 5.440475
v 4.426054 -3.654714 5.440279
v 4.310676 -3.619723 5.440098
v 4.190690 -3.607912 5.439939
v 4.070705 -3.619737 5.439809
v 3.955332 -3.654744 5.439712
v 3.849006 -3.711585 5.439651
v 3.755811 -3.788077 5.439630
v 3.679330 -3.881281 5.439649
v 3.622502 -3.987614 5.439707
v 3.587510 -4.102992 5.439802
v 3.575700 -4.222978 5.439931
v 3.587525 -4.342963 5.440088
v 3.622530 -4.458335 5.440268
v 3.679372 -4.564663 5.440464
v 3.755864 -4.657856 5.440667
v 3.849068 -4.734337 5.440870
v 3.955402 -4.791166 5.441066
v 4.070779 -4.826158 5.441247
v 4.190765 -4.837967 5.441405
v 4.310750 -4.826143 5.441536
v 4.426123 -4.791137 5.441633
v 4.532450 -4.734295 5.441693
v 4.625645 -4.657803 5.441715
v 4.702126 -4.564599 5.441696
v 4.758953 -4.458264 5.441638
v 4.793943 -4.342887 5.441542
v 4.730553 -4.222886 5.458435
v 4.720174 -4.117568 5.458296
v 4.689447 -4.016298 5.458138
v 4.639555 -3.922968 5.457967
v 4.572412 -3.841166 5.457789
v 4.490603 -3.774035 5.457610
v 4.397266 -3.724154 5.457438
v 4.295994 -3.693440 5.457280
v 4.190674 -3.683073 5.457140
v 4.085356 -3.693453 5.457026
v 3.984086 -3.724180 5.456941
v 3.890757 -3.774072 5.456888
v 3.808955 -3.841214 5.456869
v 3.741822 -3.923024 5.456886
v 3.691941 -4.016361 5.456937
v 3.661227 -4.117635 5.457020
v 3.650861 -4.222953 5.457134
v 3.661240 -4.328271 5.457272
v 3.691966 -4.429541 5.457429
v 3.741859 -4.522870 5.457601
v 3.809002 -4.604672 5.457779
v 3.890812 -4.671805 5.457958
v 3.984147 -4.721686 5.458129
v 4.085421 -4.752399 5.458288
v 4.190740 -4.762766 5.458427
v 4.296059 -4.752387 5.458542
v 4.397327 -4.721660 5.458627
v 4.490658 -4.671767 5.458681
v 4.572459 -4.604625 5.458699
v 4.639591 -4.522814 5.458683
v 4.689473 -4.429479 5.458631
v 4.720187 -4.328205 5.458548
v 4.730316 -4.222651 5.655228
v 4.719936 -4.117333 5.655090
v 4.689210 -4.016064 5.654932
v 4.639318 -3.922734 5.654761
v 4.572175 -3.840932 5.654583
v 4.490366 -3.773800 5.654404
v 4.397029 -3.723919 5.654232
v 4.295756 -3.693204 5.654073
v 4.190437 -3.682838 5.653934
v 4.085119 -3.693218 5.653820
v 3.983849 -3.723945 5.653734
v 3.890520 -3.773838 5.653681
v 3.808718 -3.840980 5.653663
v 3.741585 -3.922790 5.653679
v 3.691704 -4.016126 5.653730
v 3.660990 -4.117399 5.653814
v 3.650624 -4.222719 5.653927
v 3.661003 -4.328037 5.654065
v 3.691729 -4.429307 5.654223
v 3.741622 -4.522635 5.654394
v 3.808765 -4.604437 5.654572
v 3.890575 -4.671569 5.654751
v 3.983910 -4.721452 5.654923
v 4.085184 -4.752165 5.655082
v 4.190503 -4.762531 5.655221
v 4.295821 -4.752152 5.655335
v 4.397090 -4.721425 5.655421
v 4.490420 -4.671533 5.655474
v 4.572222 -4.604389 5.655492
v 4.639354 -4.522580 5.655476
v 4.689235 -4.429244 5.655425
v 4.719949 -4.327971 5.655341
v 4.784691 -4.222613 5.684384
v 4.773264 -4.106681 5.684233
v 4.739441 -3.995203 5.684059
v 4.684520 -3.892468 5.683870
v 4.610611 -3.802422 5.683674
v 4.520555 -3.728525 5.683477
v 4.417813 -3.673615 5.683288
v 4.306333 -3.639806 5.683114
v 4.190399 -3.628394 5.682960
v 4.074465 -3.639821 5.682834
v 3.962990 -3.673644 5.682740
v 3.860254 -3.728566 5.682682
v 3.770207 -3.802474 5.682661
v 3.696309 -3.892530 5.682680
v 3.641401 -3.995273 5.682736
v 3.607590 -4.106754 5.682828
v 3.596179 -4.222687 5.682952
v 3.607605 -4.338620 5.683105
v 3.641428 -4.450096 5.683278
v 3.696350 -4.552832 5.683466
v 3.770258 -4.642878 5.683663
v 3.860314 -4.716775 5.683860
v 3.963057 -4.771685 5.684049
v 4.074537 -4.805494 5.684224
v 4.190471 -4.816905 5.684377
v 4.306404 -4.805479 5.684503
v 4.417880 -4.771657 5.684597
v 4.520615 -4.716735 5.684655
v 4.610662 -4.642825 5.684676
v 4.684560 -4.552770 5.684657
v 4.739470 -4.450027 5.684601
v 4.773279 -4.338547 5.684509
v 4.784616 -4.222540 5.745989
v 4.773190 -4.106607 5.745838
v 4.739367 -3.995130 5.745664
v 4.684445 -3.892395 5.745475
v 4.610537 -3.802349 5.745279
v 4.520480 -3.728451 5.745082
v 4.417739 -3.673542 5.744893
v 4.306258 -3.639733 5.744719
v 4.190324 -3.628321 5.744565
v 4.074391 -3.639747 5.744439
v 3.962915 -3.673570 5.744345
v 3.860179 -3.728493 5.744287
v 3.770132 -3.802401 5.744266
v 3.696235 -3.892457 5.744285
v 3.641326 -3.995199 5.744341
v 3.607516 -4.106680 5.744433
v 3.596105 -4.222614 5.744557
v 3.607530 -4.338547 5.744709
v 3.641354 -4.450023 5.744883
v 3.696275 -4.552758 5.745071
v 3.770184 -4.642805 5.745268
v 3.860240 -4.716702 5.745465
v 3.962982 -4.771611 5.745654
v 4.074462 -4.805420 5.745829
v 4.190397 -4.816832 5.745982
v 4.306330 -4.805406 5.746108
v 4.417806 -4.771583 5.746202
v 4.520540 -4.716661 5.746260
v 4.610587 -4.642752 5.746281
v 4.684485 -4.552697 5.746262
v 4.739395 -4.449954 5.746206
v 4.773204 -4.338474 5.746114
v 4.839031 -4.222522 5.758033
v 4.826560 -4.095971 5.757867
v 4.789638 -3.974284 5.757678
v 4.729686 -3.862138 5.757472
v 4.649007 -3.763844 5.757257
v 4.550702 -3.683178 5.757043
v 4.438550 -3.623240 5.756836
v 4.316860 -3.586334 5.756646
v 4.190307 -3.573877 5.756478
v 4.063756 -3.586349 5.756341
v 3.942068 -3.623271 5.756238
v 3.829923 -3.683223 5.756175
v 3.731629 -3.763901 5.756152
v 3.650962 -3.862206 5.756172
v 3.591023 -3.974359 5.756234
v 3.554117 -4.096050 5.756334
v 3.541661 -4.222603 5.756470
v 3.554133 -4.349154 5.756636
v 3.591054 -4.470840 5.756825
v 3.651006 -4.582985 5.757031
v 3.731685 -4.681281 5.757246
v 3.829988 -4.761947 5.757460
v 3.942141 -4.821885 5.757667
v 4.063834 -4.858792 5.757857
v 4.190386 -4.871248 5.758025
v 4.316937 -4.858776 5.758162
v 4.438624 -4.821854 5.758265
v 4.550768 -4.761902 5.758329
v 4.649063 -4.681223 5.758351
v 4.729730 -4.582918 5.758331
v 4.789668 -4.470766 5.758270
v 4.826576 -4.349074 5.758169
v 4.838965 -4.222456 5.812793
v 4.826494 -4.095905 5.812627
v 4.789572 -3.974219 5.812438
v 4.729620 -3.862072 5.812232
v 4.648941 -3.763779 5.812017
v 4.550636 -3.683113 5.811803
v 4.438485 -3.623175 5.811596
v 4.316794 -3.586268 5.811406
v 4.190241 -3.573811 5.811238
v 4.063690 -3.586284 5.811100
v 3.942002 -3.623206 5.810998
v 3.829857 -3.683158 5.810935
v 3.731563 -3.763836 5.810912
v 3.650896 -3.862141 5.810932
v 3.590957 -3.974293 5.810994
v 3.554051 -4.095985 5.811094
v 3.541595 -4.222538 5.811230
v 3.554067 -4.349088 5.811396
v 3.590988 -4.470775 5.811585
v 3.650940 -4.582920 5.811791
v 3.731619 -4.681215 5.812006
v 3.829922 -4.761881 5.812220
v 3.942075 -4.821819 5.812427
v 4.063768 -4.858727 5.812617
v 4.190320 -4.871182 5.812785
v 4.316872 -4.858711 5.812922
v 4.438558 -4.821788 5.813025
v 4.550702 -4.761837 5.813089
v 4.648997 -4.681158 5.813111
v 4.729664 -4.582853 5.813091
v 4.789602 -4.470700 5.813030
v 4.826510 -4.349009 5.812929
v 4.877608 -4.222430 5.833375
v 4.864392 -4.088335 5.833199
v 4.825270 -3.959394 5.832998
v 4.761745 -3.840564 5.832780
v 4.676257 -3.736410 5.832553
v 4.572093 -3.650936 5.832325
v 4.453255 -3.587425 5.832107
v 4.324310 -3.548319 5.831904
v 4.190214 -3.535120 5.831727
v 4.056119 -3.548335 5.831582
v 3.927178 -3.587457 5.831473
v 3.808348 -3.650984 5.831405
v 3.704194 -3.736471 5.831382
v 3.618719 -3.840636 5.831403
v 3.555208 -3.959474 5.831468
v 3.516102 -4.088419 5.831574
v 3.502902 -4.222516 5.831718
v 3.516118 -4.356610 5.831894
v 3.555240 -4.485551 5.832095
v 3.618765 -4.604381 5.832313
v 3.704253 -4.708535 5.832541
v 3.808418 -4.794009 5.832767
v 3.927255 -4.857520 5.832986
v 4.056201 -4.896626 5.833189
v 4.190298 -4.909825 5.833366
v 4.324392 -4.896610 5.833512
v 4.453332 -4.857487 5.833621
v 4.572163 -4.793961 5.833688
v 4.676316 -4.708474 5.833712
v 4.761792 -4.604310 5.833690
v 4.825303 -4.485471 5.833625
v 4.864408 -4.356526 5.833519
v 4.877536 -4.222358 5.893268
v 4.864320 -4.088263 5.893093
v 4.825198 -3.959322 5.892892
v 4.761672 -3.840492 5.892673
v 4.676184 -3.736339 5.892447
v 4.572021 -3.650865 5.892219
v 4.453182 -3.587353 5.892000
v 4.324237 -3.548247 5.891798
v 4.190141 -3.535048 5.891621
v 4.056046 -3.548264 5.891475
v 3.927106 -3.587386 5.891366
v 3.808276 -3.650912 5.891299
v 3.704122 -3.736400 5.891275
v 3.618647 -3.840564 5.891296
v 3.555136 -3.959402 5.891361
v 3.516030 -4.088347 5.891468
v 3.502830 -4.222445 5.891612
v 3.516046 -4.356539 5.891788
v 3.555168 -4.485479 5.891989
v 3.618693 -4.604309 5.892207
v 3.704181 -4.708463 5.892434
v 3.808346 -4.793938 5.892661
v 3.927183 -4.857448 5.892880
v 4.056129 -4.896555 5.893082
v 4.190225 -4.909753 5.893260
v 4.324319 -4.896538 5.893405
v 4.453259 -4.857415 5.893514
v 4.572091 -4.793890 5.893581
v 4.676243 -4.708403 5.893605
v 4.761719 -4.604238 5.893584
v 4.825230 -4.485400 5.893519
v 4.864336 -4.356454 5.893412
v 4.833470 -4.222326 5.922306
v 4.821101 -4.096821 5.922142
v 4.784485 -3.976140 5.921954
v 4.725028 -3.864922 5.921750
v 4.645019 -3.767442 5.921537
v 4.547526 -3.687442 5.921324
v 4.436300 -3.627999 5.921119
v 4.315616 -3.591398 5.920930
v 4.190109 -3.579045 5.920764
v 4.064604 -3.591414 5.920628
v 3.943923 -3.628030 5.920526
v 3.832704 -3.687486 5.920463
v 3.735223 -3.767498 5.920441
v 3.655224 -3.864989 5.920461
v 3.595782 -3.976215 5.920521
v 3.559179 -4.096900 5.920621
v 3.546826 -4.222407 5.920756
v 3.559195 -4.347911 5.920920
v 3.595812 -4.468592 5.921108
v 3.655268 -4.579811 5.921312
v 3.735279 -4.677292 5.921525
v 3.832769 -4.757291 5.921738
v 3.943996 -4.816733 5.921943
v 4.064681 -4.853335 5.922132
v 4.190187 -4.865688 5.922298
v 4.315693 -4.853319 5.922434
v 4.436373 -4.816702 5.922536
v 4.547591 -4.757247 5.922599
v 4.645074 -4.677236 5.922621
v 4.725072 -4.579743 5.922602
v 4.784515 -4.468518 5.922541
v 4.821116 -4.347833 5.922441
v 4.833398 -4.222255 5.982200
v 4.821028 -4.096750 5.982036
v 4.784413 -3.976069 5.981848
v 4.724956 -3.864851 5.981644
v 4.644946 -3.767370 5.981431
v 4.547453 -3.687370 5.981218
v 4.436227 -3.627928 5.981013
v 4.315544 -3.591326 5.980824
v 4.190037 -3.578973 5.980658
v 4.064531 -3.591342 5.980522
v 3.943851 -3.627959 5.980420
v 3.832632 -3.687415 5.980357
v 3.735151 -3.767427 5.980335
v 3.655152 -3.864918 5.980355
v 3.595710 -3.976143 5.980415
v 3.559107 -4.096829 5.980515
v 3.546754 -4.222336 5.980650
v 3.559122 -4.347840 5.980814
v 3.595740 -4.468521 5.981002
v 3.655195 -4.579740 5.981206
v 3.735206 -4.677221 5.981419
v 3.832697 -4.757220 5.981632
v 3.943923 -4.816662 5.981837
v 4.064609 -4.853264 5.982026
v 4.190115 -4.865617 5.982192
v 4.315621 -4.853248 5.982328
v 4.436301 -4.816631 5.982430
v 4.547519 -4.757176 5.982493
v 4.645001 -4.677165 5.982515
v 4.724999 -4.579672 5.982496
v 4.784443 -4.468447 5.982435
v 4.821043 -4.347762 5.982335
v 4.868313 -4.222237 5.995932
v 4.855273 -4.089916 5.995759
v 4.816669 -3.962683 5.995561
v 4.753984 -3.845426 5.995346
v 4.669628 -3.742650 5.995121
v 4.566842 -3.658308 5.994897
v 4.449578 -3.595637 5.994681
v 4.322340 -3.557049 5.994482
v 4.190018 -3.544024 5.994307
v 4.057697 -3.557065 5.994163
v 3.930464 -3.595669 5.994055
v 3.813207 -3.658355 5.993989
v 3.710432 -3.742710 5.993966
v 3.626089 -3.845496 5.993987
v 3.563418 -3.962761 5.994051
v 3.524830 -4.089999 5.994156
v 3.511805 -4.222321 5.994298
v 3.524846 -4.354641 5.994472
v 3.563450 -4.481874 5.994669
v 3.626135 -4.599131 5.994885
v 3.710490 -4.701906 5.995109
v 3.813276 -4.786250 5.995333
v 3.930540 -4.848921 5.995549
v 4.057778 -4.887508 5.995749
v 4.190101 -4.900533 5.995924
v 4.322421 -4.887492 5.996068
v 4.449655 -4.848887 5.996175
v 4.566911 -4.786202 5.996242
v 4.669687 -4.701848 5.996264
v 4.754030 -4.599061 5.996244
v 4.816700 -4.481796 5.996180
v 4.855289 -4.354558 5.996074
v 4.868202 -4.222127 6.088339
v 4.855162 -4.089806 6.088166
v 4.816557 -3.962573 6.087968
v 4.753873 -3.845315 6.087753
v 4.669517 -3.742540 6.087529
v 4.566730 -3.658197 6.087304
v 4.449467 -3.595527 6.087088
v 4.322228 -3.556939 6.086889
v 4.189907 -3.543914 6.086714
v 4.057586 -3.556955 6.086570
v 3.930352 -3.595559 6.086462
v 3.813096 -3.658245 6.086396
v 3.710320 -3.742600 6.086373
v 3.625978 -3.845386 6.086394
v 3.563307 -3.962651 6.086458
v 3.524719 -4.089890 6.086563
v 3.511694 -4.222211 6.086705
v 3.524735 -4.354531 6.086879
v 3.563339 -4.481765 6.087077
v 3.626024 -4.599021 6.087292
v 3.710379 -4.701797 6.087516
v 3.813164 -4.786139 6.087740
v 3.930429 -4.848811 6.087956
v 4.057667 -4.887399 6.088156
v 4.189990 -4.900423 6.088331
v 4.322309 -4.887382 6.088475
v 4.449543 -4.848777 6.088582
v 4.566799 -4.786093 6.088649
v 4.669575 -4.701737 6.088672
v 4.753919 -4.598951 6.088651
v 4.816588 -4.481686 6.088587
v 4.855178 -4.354447 6.088481
vn -0.9952 -0.0981 -0.0011
vn -0.9569 -0.2903 -0.0008
vn -0.8819 -0.4714 -0.0005
vn -0.7730 -0.6344 -0.0002
vn -0.6343 -0.7731 0.0002
vn -0.4713 -0.8820 0.0005
vn -0.2902 -0.9570 0.0008
vn -0.0980 -0.9952 0.0011
vn 0.0981 -0.9952 0.0013
vn 0.2904 -0.9569 0.0015
vn 0.2903 -0.9569 0.0015
vn 0.4715 -0.8819 0.0016
vn 0.4714 -0.8819 0.0016
vn 0.6344 -0.7730 0.0017
vn 0.7731 -0.6343 0.0017
vn 0.7730 -0.6343 0.0017
vn 0.8820 -0.4713 0.0016
vn 0.8819 -0.4713 0.0016
vn 0.9570 -0.2902 0.0015
vn 0.9952 -0.0980 0.0013
vn 0.9952 0.0981 0.0011
vn 0.9569 0.2903 0.0008
vn 0.8819 0.4715 0.0005
vn 0.7730 0.6344 0.0002
vn 0.6343 0.7730 -0.0002
vn 0.6344 0.7730 -0.0002
vn 0.4713 0.8820 -0.0005
vn 0.2902 0.9570 -0.0008
vn 0.0980 0.9952 -0.0011
vn -0.0981 0.9952 -0.0013
vn -0.2903 0.9569 -0.0015
vn -0.4714 0.8819 -0.0016
vn -0.6344 0.7730 -0.0017
vn -0.7730 0.6344 -0.0017
vn -0.8820 0.4713 -0.0016
vn -0.5646 0.3013 -0.7684
vn -0.9570 0.2902 -0.0015
vn -0.9952 0.0979 -0.0013
vn -0.0729 -0.7314 0.6781
vn 0.7314 0.0730 0.6781
vn -0.2144 0.7048 0.6762
vn -0.5695 -0.4660 0.6771
vn 0.5679 -0.4659 0.6785
vn 0.3460 0.6497 0.6769
vn -0.7049 0.2143 0.6762
vn 0.0713 -0.7314 0.6782
vn 0.7032 0.2144 0.6779
vn -0.3477 0.6496 0.6761
vn -0.4675 -0.5679 0.6774
vn 0.6481 -0.3460 0.6785
vn 0.6480 -0.3460 0.6785
vn 0.2127 0.7049 0.6767
vn -0.7330 -0.0713 0.6765
vn -0.7330 0.0729 0.6763
vn 0.2128 -0.7032 0.6784
vn 0.6480 0.3477 0.6777
vn -0.4676 0.5695 0.6760
vn -0.3476 -0.6481 0.6776
vn -0.3476 -0.6481 0.6777
vn 0.7032 -0.2127 0.6784
vn 0.0712 0.7330 0.6765
vn 0.0713 0.7330 0.6765
vn -0.7048 -0.2128 0.6767
vn 0.3460 -0.6480 0.6785
vn 0.5679 0.4676 0.6774
vn -0.5696 0.4675 0.6760
vn -0.2143 -0.7032 0.6779
vn -0.2144 -0.7032 0.6779
vn -0.2144 -0.7033 0.6779
vn 0.7314 -0.0713 0.6783
vn 0.7314 -0.0713 0.6782
vn -0.0730 0.7330 0.6763
vn -0.6496 -0.3460 0.6769
vn 0.4660 -0.5679 0.6785
vn 0.4659 0.5696 0.6772
vn -0.6497 0.3476 0.6761
vn 0.0499 0.5188 0.8534
vn 0.4713 0.8819 -0.0005
vn 0.0979 0.9952 -0.0011
vn -0.4715 0.8819 -0.0016
vn -0.6343 -0.7730 0.0002
vn -0.9952 0.0980 -0.0013
vn -0.4713 -0.8819 0.0005
vn 0.7730 0.6345 0.0002
vn 0.2443 -0.4578 0.8548
vn -0.0521 0.5188 0.8533
vn 0.3291 -0.4012 0.8549
vn -0.1521 0.4989 0.8532
vn 0.4012 -0.3290 0.8549
vn -0.2463 0.4599 0.8531
vn 0.4578 -0.2442 0.8548
vn -0.5188 -0.0500 0.8534
vn -0.3311 0.4032 0.8531
vn 0.4969 -0.1500 0.8548
vn -0.4989 -0.1500 0.8536
vn -0.4032 0.3311 0.8531
vn -0.4033 0.3311 0.8531
vn 0.5168 -0.0499 0.8547
vn -0.4599 -0.2443 0.8537
vn -0.4599 0.2463 0.8531
vn -0.4599 0.2462 0.8531
vn 0.5168 0.0520 0.8545
vn -0.4032 -0.3291 0.8539
vn -0.4989 0.1520 0.8532
vn 0.4969 0.1521 0.8544
vn -0.3311 -0.4012 0.8541
vn -0.5188 0.0520 0.8533
vn 0.4578 0.2463 0.8542
vn -0.2463 -0.4579 0.8542
vn 0.4011 0.3311 0.8541
vn -0.1520 -0.4969 0.8544
vn 0.3290 0.4032 0.8539
vn -0.0520 -0.5168 0.8545
vn 0.2442 0.4599 0.8537
vn 0.0500 -0.5168 0.8547
vn 0.1500 0.4989 0.8536
vn 0.1500 -0.4969 0.8548
vn -0.2897 -0.1566 -0.9442
vn -0.7731 0.6343 -0.0017
vn -0.8819 -0.4715 -0.0005
vn -0.8819 0.4714 -0.0016
vn 0.4714 0.8819 -0.0005
vn -0.2898 0.1543 -0.9446
vn -0.2897 0.1543 -0.9446
vn 0.3294 0.0312 -0.9437
vn -0.2538 -0.2104 -0.9441
vn -0.3145 0.0946 -0.9445
vn 0.3168 0.0946 -0.9438
vn -0.2081 -0.2561 -0.9440
vn -0.3271 0.0312 -0.9445
vn 0.2920 0.1544 -0.9439
vn -0.1543 -0.2920 -0.9439
vn 0.2561 0.2081 -0.9440
vn -0.0946 -0.3168 -0.9438
vn 0.2104 0.2539 -0.9441
vn 0.2104 0.2538 -0.9441
vn -0.0312 -0.3294 -0.9437
vn 0.1566 0.2898 -0.9442
vn 0.0335 -0.3294 -0.9436
vn 0.0969 0.3145 -0.9443
vn 0.0969 -0.3167 -0.9436
vn 0.0969 -0.3167 -0.9435
vn 0.0334 0.3271 -0.9444
vn 0.1566 -0.2920 -0.9435
vn -0.0312 0.3271 -0.9445
vn 0.2104 -0.2561 -0.9435
vn -0.0946 0.3145 -0.9445
vn 0.2561 -0.2104 -0.9435
vn 0.2561 -0.2103 -0.9435
vn -0.1544 0.2897 -0.9446
vn 0.2920 -0.1566 -0.9435
vn -0.3271 -0.0335 -0.9444
vn -0.2081 0.2538 -0.9446
vn 0.3168 -0.0968 -0.9435
vn 0.3168 -0.0969 -0.9435
vn -0.3145 -0.0969 -0.9443
vn -0.2538 0.2081 -0.9446
vn 0.3294 -0.0334 -0.9436
vn 0.0255 -0.2689 0.9628
vn 0.6343 0.7731 -0.0002
vn -0.2904 0.9569 -0.0015
vn 0.8819 0.4714 0.0005
vn 0.0776 0.2608 0.9623
vn 0.0776 0.2609 0.9623
vn 0.0776 -0.2585 0.9629
vn 0.0254 0.2712 0.9622
vn 0.1268 -0.2382 0.9629
vn -0.0278 0.2712 0.9621
vn 0.1710 -0.2086 0.9629
vn -0.0800 0.2608 0.9621
vn 0.2086 -0.1710 0.9629
vn -0.1291 0.2405 0.9620
vn 0.2382 -0.1268 0.9629
vn -0.2712 -0.0255 0.9622
vn -0.1733 0.2109 0.9620
vn 0.2585 -0.0776 0.9629
vn -0.2608 -0.0776 0.9623
vn -0.2109 0.1733 0.9620
vn -0.2110 0.1733 0.9620
vn 0.2689 -0.0254 0.9628
vn -0.2405 -0.1268 0.9623
vn -0.2405 0.1291 0.9620
vn 0.2689 0.0278 0.9628
vn -0.2109 -0.1710 0.9624
vn -0.2609 0.0799 0.9621
vn 0.2585 0.0799 0.9627
vn -0.1733 -0.2086 0.9625
vn -0.2712 0.0277 0.9621
vn 0.2382 0.1291 0.9626
vn -0.1291 -0.2382 0.9626
vn 0.2086 0.1733 0.9625
vn -0.0799 -0.2586 0.9627
vn 0.1710 0.2109 0.9624
vn -0.0277 -0.2689 0.9628
vn 0.1268 0.2405 0.9623
vn 0.3941 -0.1203 -0.9112
vn -0.7730 0.6343 -0.0017
vn 0.9952 -0.0979 0.0013
vn 0.9569 0.2904 0.0008
vn -0.3919 -0.1203 -0.9121
vn -0.3164 0.2594 -0.9125
vn 0.4098 -0.0413 -0.9112
vn -0.3611 -0.1947 -0.9120
vn -0.3611 0.1925 -0.9124
vn 0.4098 0.0392 -0.9113
vn -0.3163 -0.2616 -0.9119
vn -0.3919 0.1181 -0.9124
vn 0.3941 0.1182 -0.9115
vn 0.3941 0.1181 -0.9115
vn -0.2594 -0.3186 -0.9117
vn -0.4076 0.0391 -0.9123
vn 0.3633 0.1925 -0.9116
vn -0.1925 -0.3633 -0.9116
vn 0.3185 0.2595 -0.9117
vn -0.1181 -0.3941 -0.9115
vn 0.2616 0.3164 -0.9118
vn -0.0391 -0.4098 -0.9113
vn 0.1947 0.3611 -0.9120
vn 0.0414 -0.4098 -0.9112
vn 0.1203 0.3919 -0.9121
vn 0.1203 -0.3941 -0.9112
vn 0.0413 0.4076 -0.9122
vn 0.1947 -0.3633 -0.9111
vn -0.0392 0.4076 -0.9123
vn 0.2616 -0.3185 -0.9111
vn -0.1181 0.3919 -0.9124
vn 0.3186 -0.2616 -0.9111
vn -0.1925 0.3611 -0.9125
vn -0.1925 0.3611 -0.9124
vn 0.3633 -0.1947 -0.9111
vn -0.4076 -0.0414 -0.9122
vn -0.2594 0.3164 -0.9125
vn -0.2595 0.3164 -0.9125
vn 0.0854 0.1067 0.9906
vn -0.6343 -0.7731 0.0001
vn 0.6343 0.7730 -0.0001
vn -0.7730 0.6343 -0.0016
vn -0.8819 -0.4715 -0.0006
vn -0.8820 0.4713 -0.0017
vn -0.7730 -0.6344 -0.0001
vn -0.0146 -0.1346 0.9908
vn 0.0631 0.1216 0.9906
vn 0.0122 -0.1346 0.9908
vn 0.0384 0.1318 0.9905
vn 0.0384 -0.1294 0.9908
vn 0.0122 0.1370 0.9905
vn 0.0632 -0.1192 0.9909
vn -0.0146 0.1370 0.9905
vn 0.0854 -0.1043 0.9909
vn -0.0408 0.1318 0.9904
vn 0.1043 -0.0854 0.9909
vn -0.0655 0.1215 0.9904
vn 0.1192 -0.0631 0.9909
vn -0.1370 -0.0122 0.9905
vn -0.0878 0.1067 0.9904
vn 0.1294 -0.0384 0.9908
vn -0.1318 -0.0384 0.9905
vn -0.1067 0.0878 0.9904
vn 0.1346 -0.0122 0.9908
vn -0.1216 -0.0632 0.9906
vn -0.1216 0.0655 0.9904
vn 0.1346 0.0146 0.9908
vn -0.1067 -0.0854 0.9906
vn -0.1318 0.0408 0.9904
vn 0.1294 0.0408 0.9908
vn -0.0878 -0.1043 0.9907
vn -0.1370 0.0146 0.9905
vn 0.1192 0.0655 0.9907
vn -0.0655 -0.1192 0.9907
vn 0.1043 0.0878 0.9907
vn -0.0408 -0.1294 0.9907
vn 0.0012 -0.0012 -1.0000
vn -0.0619 -0.6391 -0.7666
vn 0.6391 0.0620 -0.7666
vn -0.1853 0.6127 -0.7683
vn -0.4948 -0.4078 -0.7674
vn 0.4967 -0.4077 -0.7662
vn 0.3032 0.5647 -0.7676
vn 0.3032 0.5646 -0.7676
vn -0.6127 0.1852 -0.7683
vn 0.0638 -0.6391 -0.7665
vn 0.6146 0.1853 -0.7668
vn -0.3014 0.5646 -0.7684
vn -0.4059 -0.4967 -0.7672
vn 0.5665 -0.3032 -0.7663
vn 0.1870 0.6128 -0.7678
vn 0.1870 0.6127 -0.7678
vn -0.6373 -0.0638 -0.7680
vn -0.6373 0.0619 -0.7682
vn 0.1871 -0.6146 -0.7664
vn 0.5665 0.3014 -0.7670
vn -0.4059 0.4948 -0.7684
vn -0.3013 -0.5665 -0.7670
vn 0.6146 -0.1870 -0.7664
vn 0.0637 0.6373 -0.7680
vn -0.6127 -0.1871 -0.7678
vn 0.3033 -0.5664 -0.7663
vn 0.3032 -0.5664 -0.7663
vn 0.4966 0.4059 -0.7672
vn -0.4948 0.4059 -0.7684
vn -0.1852 -0.6146 -0.7668
vn 0.6391 -0.0637 -0.7665
vn -0.0620 0.6373 -0.7682
vn -0.5646 -0.3032 -0.7676
vn 0.4078 -0.4966 -0.7662
vn 0.4077 0.4948 -0.7674
vn 0.1712 0.1426 0.9749
vn -0.0659 -0.2122 0.9750
vn 0.1403 0.1735 0.9748
vn -0.0230 -0.2207 0.9751
vn 0.1039 0.1978 0.9747
vn 0.0207 -0.2207 0.9751
vn 0.0635 0.2145 0.9747
vn 0.0635 0.2145 0.9746
vn 0.0636 -0.2122 0.9752
vn 0.0207 0.2230 0.9746
vn 0.0207 0.2231 0.9746
vn 0.1039 -0.1955 0.9752
vn -0.0230 0.2230 0.9745
vn 0.1403 -0.1712 0.9752
vn -0.0659 0.2145 0.9745
vn 0.1712 -0.1403 0.9752
vn -0.1063 0.1978 0.9745
vn 0.1955 -0.1039 0.9752
vn -0.2231 -0.0207 0.9746
vn -0.1426 0.1735 0.9745
vn 0.2122 -0.0635 0.9752
vn -0.2145 -0.0636 0.9746
vn -0.1735 0.1426 0.9745
vn 0.2207 -0.0207 0.9751
vn -0.1978 -0.1040 0.9747
vn -0.1978 -0.1039 0.9747
vn -0.1978 0.1063 0.9745
vn -0.1978 0.1062 0.9745
vn 0.2207 0.0230 0.9751
vn -0.1735 -0.1403 0.9748
vn -0.2145 0.0659 0.9745
vn 0.2122 0.0659 0.9750
vn -0.1426 -0.1712 0.9749
vn -0.2231 0.0230 0.9745
vn 0.1954 0.1063 0.9749
vn -0.1063 -0.1955 0.9749
vn -0.1364 0.4518 -0.8816
vn 0.7730 -0.6344 0.0017
vn -0.8819 0.4713 -0.0016
vn -0.6344 -0.7730 0.0002
vn 0.3669 -0.3013 -0.8801
vn -0.2221 0.4163 -0.8817
vn 0.4185 -0.2241 -0.8801
vn -0.4699 -0.0475 -0.8814
vn -0.2992 0.3648 -0.8817
vn 0.4540 -0.1384 -0.8802
vn -0.4518 -0.1385 -0.8813
vn -0.3648 0.2992 -0.8817
vn 0.4721 -0.0474 -0.8803
vn -0.4163 -0.2242 -0.8811
vn -0.4163 0.2220 -0.8817
vn -0.4164 0.2220 -0.8817
vn 0.4721 0.0454 -0.8804
vn -0.3648 -0.3013 -0.8810
vn -0.4518 0.1363 -0.8816
vn 0.4540 0.1364 -0.8805
vn 0.4539 0.1364 -0.8805
vn -0.2992 -0.3669 -0.8808
vn -0.4699 0.0453 -0.8815
vn -0.4700 0.0453 -0.8815
vn 0.4184 0.2221 -0.8807
vn -0.2220 -0.4184 -0.8807
vn -0.2220 -0.4185 -0.8807
vn 0.3669 0.2992 -0.8808
vn -0.1363 -0.4540 -0.8805
vn 0.3013 0.3648 -0.8810
vn -0.0453 -0.4720 -0.8804
vn -0.0453 -0.4721 -0.8804
vn 0.2241 0.4164 -0.8811
vn 0.0475 -0.4720 -0.8803
vn 0.1384 0.4519 -0.8813
vn 0.1385 -0.4539 -0.8802
vn 0.1385 -0.4540 -0.8802
vn 0.0474 0.4700 -0.8814
vn 0.0474 0.4699 -0.8814
vn 0.2242 -0.4184 -0.8801
vn -0.0454 0.4699 -0.8815
vn -0.0454 0.4700 -0.8815
vn 0.3013 -0.3669 -0.8801
vn -0.1358 -0.1681 -0.9764
vn -0.4714 -0.8819 0.0005
vn -0.2137 0.0200 -0.9767
vn 0.1916 0.1006 -0.9763
vn -0.1006 -0.1916 -0.9763
vn 0.1681 0.1358 -0.9764
vn -0.0615 -0.2078 -0.9762
vn 0.1381 0.1658 -0.9764
vn -0.0200 -0.2160 -0.9762
vn 0.1029 0.1893 -0.9765
vn 0.0224 -0.2160 -0.9761
vn 0.0638 0.2055 -0.9766
vn 0.0638 0.2054 -0.9766
vn 0.0639 -0.2078 -0.9761
vn 0.0223 0.2137 -0.9766
vn 0.1030 -0.1916 -0.9761
vn -0.0200 0.2137 -0.9767
vn 0.1382 -0.1681 -0.9760
vn 0.1382 -0.1680 -0.9760
vn -0.0615 0.2054 -0.9767
vn -0.0615 0.2055 -0.9767
vn 0.1681 -0.1381 -0.9760
vn 0.1681 -0.1381 -0.9761
vn -0.1006 0.1893 -0.9768
vn 0.1916 -0.1029 -0.9761
vn -0.2137 -0.0223 -0.9766
vn -0.1358 0.1657 -0.9768
vn 0.2078 -0.0638 -0.9761
vn -0.2054 -0.0639 -0.9766
vn -0.1657 0.1358 -0.9768
vn 0.2160 -0.0223 -0.9761
vn -0.1892 -0.1029 -0.9765
vn -0.1892 -0.1030 -0.9765
vn -0.1892 0.1006 -0.9768
vn 0.2161 0.0200 -0.9762
vn 0.2160 0.0200 -0.9762
vn -0.1657 -0.1382 -0.9764
vn -0.1657 -0.1381 -0.9764
vn -0.2054 0.0615 -0.9767
vn 0.2078 0.0615 -0.9762
vn 0.2230 -0.4162 -0.8815
vn -0.6345 0.7730 -0.0017
vn -0.7730 -0.6345 -0.0002
vn -0.0451 0.4675 -0.8829
vn -0.0451 0.4675 -0.8828
vn 0.2998 -0.3650 -0.8814
vn -0.1356 0.4495 -0.8829
vn 0.3650 -0.2997 -0.8815
vn 0.3650 -0.2997 -0.8814
vn -0.2209 0.4141 -0.8830
vn 0.4163 -0.2230 -0.8815
vn 0.4163 -0.2229 -0.8815
vn -0.4675 -0.0472 -0.8827
vn -0.2976 0.3629 -0.8830
vn 0.4516 -0.1377 -0.8815
vn -0.4494 -0.1377 -0.8826
vn -0.4495 -0.1377 -0.8826
vn -0.3629 0.2976 -0.8830
vn 0.4696 -0.0472 -0.8816
vn -0.4141 -0.2230 -0.8825
vn -0.4141 0.2209 -0.8830
vn -0.4142 0.2209 -0.8830
vn -0.4141 0.2208 -0.8830
vn 0.4696 0.0451 -0.8817
vn -0.3628 -0.2997 -0.8823
vn -0.3629 -0.2997 -0.8823
vn -0.4495 0.1356 -0.8829
vn 0.4516 0.1356 -0.8819
vn -0.2976 -0.3650 -0.8822
vn -0.4675 0.0451 -0.8829
vn -0.4675 0.0451 -0.8828
vn 0.4163 0.2209 -0.8820
vn 0.4162 0.2209 -0.8820
vn -0.2208 -0.4163 -0.8820
vn 0.3650 0.2976 -0.8822
vn -0.1356 -0.4516 -0.8819
vn 0.2997 0.3629 -0.8823
vn -0.0451 -0.4696 -0.8817
vn 0.2230 0.4142 -0.8825
vn 0.0472 -0.4696 -0.8816
vn 0.1377 0.4495 -0.8826
vn 0.1378 -0.4515 -0.8816
vn 0.1377 -0.4516 -0.8815
vn 0.0472 0.4675 -0.8827
vn 0.5494 0.0552 0.8337
vn -0.4285 -0.3499 0.8330
vn -0.5303 0.1615 0.8323
vn 0.5283 0.1616 0.8336
vn -0.3519 -0.4266 0.8332
vn -0.5514 0.0552 0.8324
vn 0.4868 0.2617 0.8334
vn -0.2617 -0.4868 0.8334
vn 0.4265 0.3519 0.8332
vn -0.1615 -0.5283 0.8335
vn -0.1615 -0.5283 0.8336
vn 0.3499 0.4286 0.8330
vn -0.0552 -0.5494 0.8337
vn 0.2597 0.4888 0.8328
vn 0.0532 -0.5494 0.8338
vn 0.1595 0.5303 0.8327
vn 0.1596 -0.5283 0.8339
vn 0.0532 0.5514 0.8325
vn 0.2598 -0.4868 0.8340
vn -0.0552 0.5514 0.8324
vn 0.3499 -0.4265 0.8340
vn -0.1616 0.5303 0.8323
vn 0.4266 -0.3499 0.8340
vn -0.2618 0.4888 0.8322
vn 0.4868 -0.2597 0.8340
vn -0.5514 -0.0533 0.8325
vn -0.3519 0.4285 0.8322
vn 0.5283 -0.1595 0.8339
vn -0.5303 -0.1596 0.8327
vn -0.4286 0.3519 0.8322
vn 0.5494 -0.0532 0.8338
vn -0.4888 -0.2598 0.8328
vn -0.4888 0.2617 0.8322
vn 0.1075 0.3495 -0.9307
vn 0.1075 0.3495 -0.9308
vn 0.1075 0.3496 -0.9307
vn 0.6343 0.7731 -0.0001
vn 0.6345 -0.7730 0.0017
vn 0.1075 -0.3517 -0.9299
vn 0.0370 0.3635 -0.9308
vn 0.0370 0.3635 -0.9309
vn 0.1739 -0.3242 -0.9299
vn -0.0348 0.3635 -0.9309
vn 0.2336 -0.2843 -0.9298
vn -0.1053 0.3495 -0.9310
vn 0.2844 -0.2335 -0.9298
vn -0.1716 0.3220 -0.9310
vn 0.3243 -0.1738 -0.9299
vn -0.3635 -0.0370 -0.9309
vn -0.3635 -0.0370 -0.9308
vn -0.2313 0.2821 -0.9311
vn 0.3518 -0.1075 -0.9299
vn 0.3518 -0.1074 -0.9299
vn -0.3495 -0.1075 -0.9307
vn -0.2821 0.2313 -0.9311
vn -0.2821 0.2314 -0.9311
vn 0.3658 -0.0370 -0.9300
vn -0.3220 -0.1739 -0.9306
vn -0.3220 0.1716 -0.9310
vn -0.3220 0.1716 -0.9311
vn 0.3658 0.0348 -0.9301
vn -0.2821 -0.2336 -0.9305
vn -0.3495 0.1052 -0.9310
vn 0.3517 0.1053 -0.9302
vn -0.2313 -0.2844 -0.9304
vn -0.3635 0.0348 -0.9309
vn 0.3243 0.1716 -0.9303
vn 0.3242 0.1716 -0.9303
vn -0.1716 -0.3243 -0.9303
vn -0.1716 -0.3242 -0.9303
vn 0.2843 0.2314 -0.9304
vn 0.2843 0.2313 -0.9304
vn -0.1052 -0.3517 -0.9302
vn -0.1052 -0.3518 -0.9302
vn 0.2336 0.2821 -0.9305
vn 0.2335 0.2821 -0.9305
vn -0.0348 -0.3657 -0.9301
vn -0.0348 -0.3658 -0.9301
vn 0.1738 0.3220 -0.9306
vn 0.0371 -0.3657 -0.9300
vn -0.0012 0.0012 1.0000
vn 0.3461 -0.6480 0.6785
vn -0.7330 -0.0714 0.6765
vn 0.0713 -0.7314 0.6783
vn 0.0713 -0.7313 0.6783
vn -0.5695 -0.4660 0.6772
vn 0.7313 0.0730 0.6781
vn -0.6343 -0.7730 0.0001
vn 0.3291 -0.4011 0.8549
vn 0.8819 -0.4714 0.0016
vn -0.0979 -0.9952 0.0011
vn -0.6344 -0.7730 0.0001
vn -0.3611 0.1925 -0.9125
vn -0.2594 0.3163 -0.9125
vn -0.9570 0.2902 -0.0014
vn -0.9570 0.2902 -0.0016
vn -0.9569 -0.2903 -0.0009
vn -0.4059 -0.4966 -0.7672
vn -0.1363 -0.4539 -0.8805
vn -0.4163 -0.2242 -0.8812
vn 0.1384 0.4518 -0.8813
vn 0.0475 -0.4721 -0.8803
vn 0.2241 0.4163 -0.8811
vn 0.1030 0.1893 -0.9765
vn 0.1381 0.1657 -0.9764
vn -0.9569 -0.2904 -0.0008
vn 0.3650 0.2977 -0.8822
vn -0.4142 0.2208 -0.8830
vn -0.4675 -0.0472 -0.8828
vn -0.2209 0.4142 -0.8830
vn -0.1356 0.4494 -0.8830
vn 0.2998 -0.3650 -0.8815
vn 0.2997 -0.3649 -0.8815
vn 0.0472 0.4675 -0.8828
vn 0.1378 -0.4516 -0.8815
vn -0.4286 0.3518 0.8322
vn -0.2618 0.4887 0.8322
vn 0.4266 -0.3499 0.8341
vn 0.3499 -0.4266 0.8340
vn 0.0532 -0.5495 0.8338
vn 0.3499 0.4285 0.8330
vn 0.4868 0.2618 0.8334
vn -0.5515 0.0552 0.8324
vn 0.5494 0.0553 0.8337
vn 0.0371 -0.3658 -0.9300
vn 0.1738 0.3221 -0.9306
vn 0.2336 0.2822 -0.9305
vn -0.2821 -0.2335 -0.9305
vn -0.3220 -0.1738 -0.9306
vn -0.3495 -0.1075 -0.9308
vn -0.3635 -0.0371 -0.9308
vn 0.2336 -0.2844 -0.9298
vn -0.0348 0.3636 -0.9309
vn 0.1739 -0.3243 -0.9299
vn 0.0370 0.3636 -0.9308
vn 0.6480 0.3477 0.6776
vn 0.4579 -0.2442 0.8548
vn 0.4968 0.1521 0.8544
vn 0.5168 0.0521 0.8545
vn 0.0969 -0.3168 -0.9435
vn -0.0946 -0.3167 -0.9438
vn -0.2595 0.3163 -0.9125
vn 0.2616 0.3164 -0.9119
vn 0.4713 0.8819 -0.0004
vn 0.9952 -0.0980 0.0014
vn 0.9570 -0.2902 0.0016
vn 0.9570 -0.2902 0.0014
vn 0.8819 -0.4713 0.0017
vn 0.7730 -0.6343 0.0016
vn 0.9569 0.2903 0.0009
vn -0.1370 0.0145 0.9905
vn -0.6372 -0.0638 -0.7680
vn -0.2230 -0.0207 0.9746
vn 0.4720 -0.0474 -0.8803
vn 0.4720 0.0454 -0.8804
vn -0.1364 0.4519 -0.8816
vn -0.1363 0.4519 -0.8816
vn -0.2991 -0.3669 -0.8808
vn -0.1893 0.1006 -0.9768
vn -0.1006 0.1892 -0.9768
vn 0.2161 -0.0223 -0.9761
vn -0.2054 -0.0638 -0.9766
vn -0.0553 0.5514 0.8324
vn -0.5514 -0.0532 0.8325
vn -0.2313 -0.2843 -0.9304
vn 0.2844 -0.2336 -0.9298
vn -0.2314 0.2821 -0.9311
vn 0.5168 0.0521 0.8546
vn 0.2103 0.2538 -0.9441
vn 0.3167 0.0946 -0.9438
vn -0.0799 0.2608 0.9621
vn 0.3633 -0.1946 -0.9111
vn 0.1947 -0.3632 -0.9111
vn 0.2617 -0.3185 -0.9111
vn 0.9569 0.2903 0.0007
vn 0.7731 -0.6343 0.0016
vn 0.8820 -0.4713 0.0017
vn 0.7730 0.6344 0.0001
vn 0.6146 -0.1870 -0.7663
vn -0.0620 0.6373 -0.7681
vn -0.0230 0.2231 0.9745
vn -0.4519 0.1363 -0.8816
vn -0.2976 0.3628 -0.8830
vn 0.2230 -0.4163 -0.8815
vn 0.2997 -0.3650 -0.8815
vn -0.3628 -0.2998 -0.8823
vn 0.2597 0.4888 0.8329
vn -0.1716 0.3220 -0.9311
vn 0.1075 -0.3518 -0.9299
vn 0.2844 0.2313 -0.9304
vn 0.1039 -0.1954 0.9752
vn -0.1363 0.4518 -0.8816
vn -0.0200 -0.2161 -0.9762
vn 0.1916 -0.1030 -0.9761
vn -0.2208 -0.4162 -0.8820
vn 0.3518 0.1053 -0.9302
vn -0.0012 0.0011 1.0000
vn -0.0012 0.0013 1.0000
vn -0.9569 -0.2903 -0.0007
vn 0.2241 0.4163 -0.8812
vn 0.1030 -0.1915 -0.9761
vn -0.0552 -0.5495 0.8337
vn 0.1739 -0.3243 -0.9298
vn 0.0714 -0.7314 0.6782
vn 0.4012 0.3311 0.8541
vn 0.1192 -0.0632 0.9909
vn -0.3014 0.5646 -0.7683
vn -0.3647 -0.3013 -0.8810
vn -0.2055 0.0615 -0.9767
vn 0.5283 -0.1595 0.8340
vn 0.3517 -0.1075 -0.9299
vn 0.5167 0.0521 0.8546
vn 0.3941 0.1181 -0.9114
vn 0.4266 -0.3498 0.8341
vn -0.2314 0.2822 -0.9311
vt 0.968750 0.042177
vt 1.000000 0.997921
vt 1.000000 0.042177
vt 0.937500 0.042177
vt 0.968750 0.997921
vt 0.906250 0.042177
vt 0.937500 0.997921
vt 0.875000 0.042177
vt 0.906250 0.997921
vt 0.843750 0.042177
vt 0.875000 0.997921
vt 0.812500 0.042177
vt 0.843750 0.997921
vt 0.781250 0.042177
vt 0.812500 0.997921
vt 0.750000 0.042177
vt 0.781250 0.997921
vt 0.718750 0.042177
vt 0.750000 0.997921
vt 0.687500 0.042177
vt 0.718750 0.997921
vt 0.656250 0.042177
vt 0.687500 0.997921
vt 0.625000 0.042177
vt 0.656250 0.997921
vt 0.593750 0.042177
vt 0.625000 0.997921
vt 0.562500 0.042177
vt 0.593750 0.997921
vt 0.531250 0.042177
vt 0.562500 0.997921
vt 0.500000 0.042177
vt 0.531250 0.997921
vt 0.468750 0.042177
vt 0.500000 0.997921
vt 0.437500 0.042177
vt 0.468750 0.997921
vt 0.406250 0.042177
vt 0.437500 0.997921
vt 0.375000 0.042177
vt 0.406250 0.997921
vt 0.343750 0.042177
vt 0.375000 0.997921
vt 0.312500 0.042177
vt 0.343750 0.997921
vt 0.281250 0.042177
vt 0.312500 0.997921
vt 0.250000 0.042177
vt 0.281250 0.997921
vt 0.218750 0.042177
vt 0.250000 0.997921
vt 0.187500 0.042177
vt 0.218750 0.997921
vt 0.156250 0.042177
vt 0.187500 0.997921
vt 0.125000 0.042177
vt 0.156250 0.997921
vt 0.093750 0.042177
vt 0.125000 0.997921
vt 0.062500 0.042177
vt 0.093750 0.997921
vt 0.062500 0.997921
vt 0.031250 0.042177
vt 0.000000 0.042177
vt 0.031250 0.997921
vt 0.742177 0.160223
vt 0.789328 0.232142
vt 0.757823 0.339777
vt 0.000000 0.997921
vt 0.751370 0.146402
vt 0.710445 0.243769
vt 0.751370 0.341137
vt 0.757823 0.160223
vt 0.710672 0.232142
vt 0.742177 0.339777
vt 0.735708 0.153813
vt 0.789180 0.206508
vt 0.767031 0.333726
vt 0.750000 0.341536
vt 0.734655 0.334568
vt 0.727722 0.326109
vt 0.721646 0.314726
vt 0.716659 0.300855
vt 0.712953 0.285029
vt 0.710672 0.267858
vt 0.709901 0.250000
vt 0.712953 0.214971
vt 0.716659 0.199145
vt 0.721646 0.185274
vt 0.727722 0.173891
vt 0.734655 0.165432
vt 0.750000 0.158464
vt 0.765345 0.165432
vt 0.772278 0.173891
vt 0.778354 0.185274
vt 0.783341 0.199145
vt 0.787047 0.214971
vt 0.790099 0.250000
vt 0.789328 0.267858
vt 0.787047 0.285029
vt 0.783341 0.300855
vt 0.778354 0.314726
vt 0.772278 0.326109
vt 0.765345 0.334568
vt 0.759354 0.339266
vt 0.774107 0.324728
vt 0.780308 0.312619
vt 0.785398 0.297864
vt 0.789180 0.281031
vt 0.791509 0.262765
vt 0.792295 0.243769
vt 0.791509 0.224774
vt 0.785398 0.189675
vt 0.780308 0.174920
vt 0.774107 0.162811
vt 0.767031 0.153813
vt 0.759354 0.148272
vt 0.743386 0.148272
vt 0.728633 0.162811
vt 0.722431 0.174920
vt 0.717342 0.189675
vt 0.713560 0.206508
vt 0.711231 0.224774
vt 0.711231 0.262765
vt 0.713560 0.281031
vt 0.717342 0.297864
vt 0.722431 0.312619
vt 0.728633 0.324728
vt 0.735708 0.333726
vt 0.743386 0.339266
s 1
usemtl Marmor
f 35/18/14 34/19/14 33/20/14
f 37/21/15 36/22/15 35/18/15
f 39/23/16 38/24/16 37/21/16
f 41/25/17 40/26/17 39/23/17
f 43/27/18 42/28/18 41/25/18
f 45/29/19 44/30/19 43/27/19
f 47/31/20 46/32/20 45/29/20
f 49/33/21 48/34/21 47/31/21
f 51/35/22 50/36/22 49/33/22
f 53/37/23 52/38/24 51/35/23
f 55/39/25 54/40/26 53/37/25
f 57/41/27 56/42/27 55/39/27
f 59/43/28 58/44/29 57/41/28
f 61/45/30 60/46/31 59/43/30
f 63/47/32 62/48/32 61/45/32
f 65/49/33 64/50/33 63/47/33
f 67/51/34 66/52/34 65/49/34
f 69/53/35 68/54/35 67/51/35
f 71/55/36 70/56/36 69/53/36
f 73/57/37 72/58/37 71/55/37
f 75/59/38 74/60/39 73/57/38
f 77/61/40 76/62/40 75/59/40
f 79/63/41 78/64/41 77/61/41
f 81/65/42 80/66/42 79/63/42
f 83/67/43 82/68/43 81/65/43
f 85/69/44 84/70/44 83/67/44
f 87/71/45 86/72/45 85/69/45
f 89/73/46 88/74/46 87/71/46
f 91/75/47 90/76/47 89/73/47
f 93/77/48 92/78/48 91/75/48
f 511/79/49 92/78/49 94/79/49
f 95/80/50 94/79/50 93/77/50
f 33/81/51 96/82/51 95/80/51
f 104/31/52 49/33/52 47/31/52
f 149/57/39 118/59/38 117/57/39
f 113/49/53 67/51/53 65/49/53
f 122/67/54 85/69/54 83/67/54
f 100/23/55 41/25/55 39/23/55
f 109/41/56 59/43/56 57/41/56
f 75/59/57 119/61/57 77/61/57
f 93/77/58 128/80/58 95/80/58
f 49/33/59 106/35/59 51/35/59
f 67/51/60 115/53/60 69/53/60
f 123/69/61 87/71/61 85/69/61
f 101/25/62 43/27/62 41/25/62
f 110/43/63 61/45/64 59/43/63
f 77/61/65 120/63/65 79/63/65
f 33/20/66 98/18/66 35/18/66
f 128/80/67 33/81/67 95/80/67
f 106/35/68 53/37/68 51/35/68
f 115/53/69 71/55/69 69/53/69
f 87/71/70 125/73/70 89/73/70
f 43/27/71 103/29/72 45/29/72
f 111/45/73 63/47/73 61/45/73
f 120/63/74 81/65/75 79/63/74
f 98/18/76 37/21/76 35/18/76
f 107/37/77 55/39/77 53/37/77
f 71/55/78 117/57/78 73/57/78
f 89/73/79 126/75/79 91/75/79
f 45/29/80 104/31/81 47/31/82
f 112/47/83 65/49/84 63/47/83
f 81/65/85 122/67/85 83/67/85
f 99/21/86 39/23/86 37/21/86
f 108/39/87 57/41/87 55/39/87
f 73/57/88 118/59/88 75/59/88
f 91/75/89 127/77/89 93/77/89
f 184/63/90 153/65/90 152/63/90
f 136/31/21 105/33/21 104/31/21
f 150/59/91 119/61/91 118/59/91
f 137/33/22 106/35/22 105/33/22
f 151/61/41 120/63/41 119/61/41
f 138/35/24 107/37/24 106/35/24
f 152/63/92 121/65/92 120/63/92
f 139/37/25 108/39/25 107/37/25
f 153/65/43 122/67/43 121/65/43
f 140/39/27 109/41/27 108/39/27
f 154/67/44 123/69/44 122/67/44
f 141/41/29 110/43/29 109/41/29
f 155/69/93 124/71/93 123/69/93
f 142/43/31 111/45/31 110/43/31
f 129/20/14 98/18/14 97/20/14
f 156/71/46 125/73/46 124/71/46
f 143/45/32 112/47/32 111/45/32
f 130/18/15 99/21/15 98/18/15
f 157/73/47 126/75/47 125/73/47
f 144/47/33 113/49/33 112/47/33
f 131/21/16 100/23/16 99/21/16
f 158/75/48 127/77/48 126/75/48
f 145/49/34 114/51/34 113/49/34
f 132/23/17 101/25/17 100/23/17
f 159/77/50 128/80/50 127/77/50
f 146/51/35 115/53/35 114/51/35
f 133/25/94 102/27/18 101/25/94
f 160/80/95 97/81/95 128/80/95
f 147/53/36 116/55/36 115/53/36
f 134/27/96 103/29/96 102/27/19
f 148/55/97 117/57/37 116/55/97
f 135/29/20 104/31/20 103/29/20
f 219/69/93 188/71/93 187/69/93
f 139/37/98 172/39/98 140/39/98
f 153/65/99 186/67/99 154/67/99
f 140/39/100 173/41/100 141/41/100
f 154/67/101 187/69/101 155/69/101
f 141/41/102 174/43/102 142/43/102
f 187/69/103 156/71/103 155/69/103
f 142/43/104 175/45/104 143/45/104
f 129/20/105 162/18/105 130/18/105
f 188/71/106 157/73/106 156/71/106
f 143/45/107 176/47/107 144/47/107
f 162/18/108 131/21/108 130/18/108
f 189/73/109 158/75/110 157/73/109
f 144/47/111 177/49/111 145/49/111
f 163/21/112 132/23/112 131/21/112
f 158/75/113 191/77/113 159/77/114
f 145/49/115 178/51/115 146/51/115
f 164/23/116 133/25/116 132/23/116
f 191/77/117 160/80/117 159/77/117
f 178/51/118 147/53/118 146/51/118
f 133/25/119 166/27/119 134/27/119
f 192/80/120 129/81/120 160/80/120
f 179/53/121 148/55/121 147/53/121
f 134/27/122 167/29/122 135/29/122
f 180/55/123 149/57/123 148/55/123
f 167/29/124 136/31/124 135/29/124
f 149/57/125 182/59/125 150/59/125
f 168/31/126 137/33/126 136/31/126
f 150/59/127 183/61/127 151/61/127
f 137/33/128 170/35/128 138/35/128
f 183/61/129 152/63/129 151/61/129
f 138/35/130 171/37/130 139/37/130
f 227/21/131 196/23/131 195/21/131
f 206/43/30 175/45/31 174/43/30
f 193/20/14 162/18/14 161/20/14
f 220/71/46 189/73/46 188/71/46
f 207/45/32 176/47/32 175/45/32
f 194/18/15 163/21/15 162/18/15
f 221/73/132 190/75/132 189/73/132
f 208/47/33 177/49/33 176/47/33
f 195/21/133 164/23/133 163/21/133
f 222/75/134 191/77/134 190/75/134
f 209/49/34 178/51/34 177/49/34
f 196/23/17 165/25/17 164/23/17
f 223/77/50 192/80/50 191/77/50
f 210/51/35 179/53/35 178/51/35
f 197/25/18 166/27/18 165/25/18
f 224/80/95 161/81/95 192/80/95
f 211/53/36 180/55/36 179/53/36
f 198/27/19 167/29/19 166/27/19
f 212/55/37 181/57/37 180/55/37
f 199/29/20 168/31/20 167/29/20
f 213/57/38 182/59/38 181/57/39
f 200/31/21 169/33/21 168/31/21
f 214/59/91 183/61/135 182/59/91
f 201/33/22 170/35/22 169/33/22
f 215/61/41 184/63/41 183/61/41
f 202/35/24 171/37/24 170/35/23
f 216/63/42 185/65/42 184/63/42
f 203/37/26 172/39/26 171/37/26
f 217/65/43 186/67/43 185/65/43
f 204/39/27 173/41/27 172/39/27
f 218/67/44 187/69/44 186/67/44
f 205/41/29 174/43/29 173/41/29
f 262/27/96 231/29/96 230/27/96
f 222/75/136 255/77/137 223/77/137
f 209/49/138 242/51/138 210/51/138
f 196/23/139 229/25/139 197/25/139
f 255/77/140 224/80/140 223/77/140
f 210/51/141 243/53/141 211/53/141
f 229/25/142 198/27/142 197/25/142
f 256/80/143 193/81/143 224/80/143
f 211/53/144 244/55/144 212/55/144
f 230/27/145 199/29/145 198/27/145
f 212/55/146 245/57/146 213/57/146
f 199/29/147 232/31/147 200/31/147
f 245/57/148 214/59/149 213/57/148
f 200/31/150 233/33/150 201/33/150
f 246/59/151 215/61/151 214/59/151
f 201/33/152 234/35/152 202/35/152
f 247/61/153 216/63/153 215/61/153
f 202/35/154 235/37/155 203/37/155
f 248/63/156 217/65/156 216/63/156
f 203/37/157 236/39/157 204/39/157
f 249/65/158 218/67/158 217/65/158
f 204/39/159 237/41/159 205/41/159
f 250/67/160 219/69/160 218/67/160
f 205/41/161 238/43/162 206/43/162
f 219/69/163 252/71/163 220/71/163
f 238/43/164 207/45/164 206/43/164
f 193/20/165 226/18/165 194/18/165
f 220/71/166 253/73/166 221/73/166
f 239/45/167 208/47/168 207/45/167
f 226/18/169 195/21/169 194/18/169
f 253/73/170 222/75/170 221/73/170
f 240/47/171 209/49/171 208/47/171
f 297/33/172 266/35/172 265/33/172
f 276/55/37 245/57/37 244/55/37
f 263/29/20 232/31/20 231/29/20
f 277/57/173 246/59/173 245/57/173
f 264/31/21 233/33/21 232/31/21
f 278/59/40 247/61/40 246/59/40
f 265/33/22 234/35/22 233/33/22
f 279/61/41 248/63/41 247/61/41
f 266/35/24 235/37/24 234/35/24
f 280/63/42 249/65/42 248/63/42
f 267/37/26 236/39/26 235/37/26
f 281/65/43 250/67/43 249/65/43
f 268/39/27 237/41/27 236/39/27
f 282/67/174 251/69/174 250/67/174
f 269/41/29 238/43/29 237/41/29
f 283/69/93 252/71/93 251/69/93
f 270/43/30 239/45/30 238/43/30
f 257/20/14 226/18/14 225/20/14
f 284/71/46 253/73/46 252/71/46
f 271/45/32 240/47/32 239/45/32
f 258/18/15 227/21/15 226/18/15
f 285/73/132 254/75/132 253/73/132
f 272/47/33 241/49/33 240/47/33
f 259/21/16 228/23/16 227/21/16
f 286/75/48 255/77/48 254/75/48
f 273/49/34 242/51/34 241/49/34
f 260/23/17 229/25/17 228/23/17
f 287/77/50 256/80/50 255/77/50
f 274/51/35 243/53/35 242/51/35
f 261/25/18 230/27/18 229/25/18
f 288/80/95 225/81/95 256/80/95
f 275/53/175 244/55/175 243/53/175
f 332/39/27 301/41/27 300/39/27
f 279/61/176 312/63/176 280/63/177
f 298/35/178 267/37/178 266/35/178
f 280/63/179 313/65/179 281/65/179
f 299/37/180 268/39/180 267/37/180
f 281/65/181 314/67/181 282/67/181
f 300/39/182 269/41/182 268/39/182
f 314/67/183 283/69/183 282/67/183
f 301/41/184 270/43/184 269/41/184
f 315/69/185 284/71/185 283/69/185
f 270/43/186 303/45/186 271/45/186
f 289/20/187 258/18/187 257/20/187
f 316/71/188 285/73/188 284/71/188
f 303/45/189 272/47/189 271/45/189
f 258/18/190 291/21/190 259/21/190
f 317/73/191 286/75/192 285/73/191
f 272/47/193 305/49/193 273/49/193
f 259/21/194 292/23/194 260/23/194
f 286/75/195 319/77/195 287/77/195
f 273/49/196 306/51/196 274/51/196
f 260/23/197 293/25/197 261/25/197
f 319/77/198 288/80/198 287/77/198
f 274/51/199 307/53/199 275/53/199
f 261/25/200 294/27/200 262/27/200
f 320/80/201 257/81/201 288/80/201
f 275/53/202 308/55/202 276/55/202
f 262/27/203 295/29/203 263/29/203
f 308/55/204 277/57/204 276/55/204
f 263/29/205 296/31/205 264/31/205
f 309/57/206 278/59/206 277/57/206
f 296/31/207 265/33/207 264/31/207
f 310/59/208 279/61/208 278/59/208
f 335/45/209 368/47/209 336/47/209
f 346/67/44 315/69/44 314/67/44
f 333/41/29 302/43/29 301/41/29
f 347/69/45 316/71/45 315/69/93
f 334/43/31 303/45/31 302/43/31
f 321/20/14 290/18/14 289/20/14
f 348/71/46 317/73/46 316/71/46
f 335/45/32 304/47/32 303/45/32
f 322/18/15 291/21/15 290/18/15
f 349/73/210 318/75/210 317/73/210
f 336/47/211 305/49/211 304/47/211
f 323/21/16 292/23/16 291/21/16
f 350/75/48 319/77/48 318/75/48
f 337/49/34 306/51/34 305/49/34
f 324/23/17 293/25/17 292/23/17
f 351/77/50 320/80/50 319/77/50
f 338/51/35 307/53/35 306/51/35
f 325/25/18 294/27/18 293/25/18
f 352/80/95 289/81/95 320/80/95
f 339/53/175 308/55/175 307/53/175
f 326/27/96 295/29/96 294/27/96
f 340/55/37 309/57/37 308/55/37
f 327/29/20 296/31/20 295/29/20
f 341/57/38 310/59/38 309/57/39
f 328/31/21 297/33/21 296/31/21
f 342/59/40 311/61/40 310/59/40
f 329/33/22 298/35/22 297/33/22
f 343/61/41 312/63/41 311/61/41
f 330/35/24 299/37/24 298/35/23
f 344/63/42 313/65/42 312/63/42
f 331/37/25 300/39/25 299/37/25
f 345/65/43 314/67/43 313/65/43
f 402/51/35 371/53/212 370/51/35
f 354/18/213 323/21/213 322/18/213
f 349/73/214 382/75/214 350/75/214
f 336/47/215 369/49/215 337/49/215
f 355/21/216 324/23/216 323/21/216
f 350/75/217 383/77/217 351/77/217
f 369/49/218 338/51/218 337/49/218
f 356/23/219 325/25/219 324/23/219
f 383/77/220 352/80/220 351/77/220
f 370/51/221 339/53/222 338/51/221
f 357/25/223 326/27/223 325/25/223
f 352/80/224 353/81/224 321/81/224
f 371/53/225 340/55/225 339/53/225
f 358/27/226 327/29/226 326/27/226
f 372/55/227 341/57/227 340/55/227
f 327/29/228 360/31/228 328/31/228
f 341/57/229 374/59/229 342/59/229
f 328/31/230 361/33/230 329/33/230
f 342/59/231 375/61/231 343/61/231
f 329/33/232 362/35/232 330/35/232
f 375/61/233 344/63/233 343/61/233
f 330/35/234 363/37/234 331/37/234
f 376/63/235 345/65/235 344/63/235
f 331/37/236 364/39/236 332/39/236
f 377/65/237 346/67/237 345/65/237
f 364/39/238 333/41/238 332/39/238
f 346/67/239 379/69/239 347/69/239
f 365/41/240 334/43/240 333/41/240
f 347/69/241 380/71/242 348/71/242
f 334/43/243 367/45/243 335/45/243
f 321/20/244 354/18/244 322/18/244
f 348/71/245 381/73/245 349/73/246
f 405/57/247 438/59/247 406/59/247
f 389/25/18 358/27/248 357/25/18
f 416/80/95 353/81/95 384/80/95
f 403/53/36 372/55/36 371/53/36
f 390/27/19 359/29/19 358/27/19
f 404/55/37 373/57/37 372/55/37
f 391/29/20 360/31/20 359/29/20
f 405/57/39 374/59/249 373/57/39
f 392/31/21 361/33/21 360/31/21
f 406/59/40 375/61/40 374/59/40
f 393/33/22 362/35/22 361/33/22
f 407/61/41 376/63/41 375/61/41
f 394/35/24 363/37/24 362/35/24
f 408/63/42 377/65/42 376/63/42
f 395/37/25 364/39/26 363/37/25
f 409/65/43 378/67/43 377/65/43
f 396/39/27 365/41/27 364/39/27
f 410/67/44 379/69/44 378/67/174
f 397/41/29 366/43/29 365/41/29
f 411/69/93 380/71/93 379/69/93
f 398/43/30 367/45/30 366/43/30
f 385/20/14 354/18/14 353/20/14
f 412/71/46 381/73/46 380/71/46
f 399/45/32 368/47/32 367/45/32
f 386/18/15 355/21/15 354/18/15
f 413/73/210 382/75/250 381/73/210
f 400/47/33 369/49/33 368/47/33
f 387/21/133 356/23/133 355/21/251
f 414/75/48 383/77/252 382/75/48
f 401/49/34 370/51/34 369/49/34
f 388/23/253 357/25/17 356/23/253
f 415/77/50 384/80/50 383/77/50
f 472/63/42 441/65/42 440/63/42
f 424/31/254 393/33/254 392/31/254
f 406/59/255 439/61/255 407/61/255
f 425/33/256 394/35/256 393/33/256
f 407/61/257 440/63/257 408/63/257
f 426/35/258 395/37/258 394/35/258
f 408/63/259 441/65/259 409/65/259
f 427/37/260 396/39/260 395/37/260
f 441/65/261 410/67/261 409/65/261
f 428/39/262 397/41/262 396/39/262
f 442/67/263 411/69/263 410/67/263
f 397/41/264 430/43/264 398/43/264
f 443/69/265 412/71/265 411/69/265
f 398/43/266 431/45/266 399/45/266
f 385/20/267 418/18/267 386/18/267
f 444/71/268 413/73/268 412/71/268
f 431/45/269 400/47/269 399/45/269
f 418/18/270 387/21/270 386/18/270
f 445/73/271 414/75/271 413/73/271
f 432/47/272 401/49/272 400/47/272
f 419/21/273 388/23/273 387/21/273
f 446/75/274 415/77/274 414/75/274
f 401/49/275 434/51/275 402/51/275
f 420/23/276 389/25/276 388/23/276
f 415/77/277 448/80/277 416/80/277
f 402/51/278 435/53/278 403/53/278
f 389/25/279 422/27/279 390/27/279
f 448/80/280 385/81/280 416/80/280
f 403/53/281 436/55/281 404/55/281
f 390/27/282 423/29/282 391/29/282
f 404/55/283 437/57/283 405/57/283
f 423/29/284 392/31/284 391/29/284
f 466/83/285 458/84/285 450/85/285
f 459/37/25 428/39/26 427/37/26
f 473/65/43 442/67/43 441/65/43
f 460/39/27 429/41/27 428/39/27
f 474/67/44 443/69/44 442/67/44
f 461/41/28 430/43/28 429/41/28
f 475/69/45 444/71/45 443/69/45
f 462/43/30 431/45/30 430/43/30
f 449/20/14 418/18/14 417/20/14
f 476/71/46 445/73/46 444/71/46
f 463/45/32 432/47/32 431/45/32
f 450/18/15 419/21/15 418/18/15
f 477/73/210 446/75/210 445/73/210
f 464/47/33 433/49/33 432/47/33
f 451/21/133 420/23/133 419/21/133
f 478/75/48 447/77/48 446/75/48
f 465/49/34 434/51/34 433/49/34
f 452/23/17 421/25/17 420/23/17
f 479/77/50 448/80/50 447/77/50
f 466/51/212 435/53/212 434/51/212
f 453/25/18 422/27/18 421/25/18
f 480/80/95 417/81/95 448/80/95
f 467/53/175 436/55/175 435/53/175
f 454/27/96 423/29/96 422/27/96
f 468/55/37 437/57/37 436/55/37
f 455/29/20 424/31/20 423/29/20
f 469/57/173 438/59/173 437/57/173
f 456/31/21 425/33/21 424/31/21
f 470/59/91 439/61/91 438/59/91
f 457/33/22 426/35/22 425/33/22
f 471/61/41 440/63/41 439/61/41
f 458/35/24 427/37/24 426/35/24
f 543/79/48 510/78/48 511/79/48
f 50/36/286 488/34/286 48/34/286
f 498/54/287 66/52/287 68/54/287
f 507/72/288 84/70/288 86/72/288
f 42/28/289 484/26/289 40/26/289
f 60/46/290 493/44/290 58/44/290
f 503/64/291 76/62/291 78/64/292
f 512/82/293 94/79/293 96/82/293
f 490/38/294 50/36/294 52/38/294
f 499/56/295 68/54/295 70/56/295
f 88/74/296 507/72/296 86/72/296
f 486/30/297 42/28/297 44/30/297
f 62/48/298 494/46/298 60/46/298
f 80/66/299 503/64/299 78/64/300
f 36/22/301 481/19/301 34/19/301
f 34/86/302 512/82/302 96/82/302
f 491/40/303 52/38/303 54/40/303
f 72/58/304 499/56/304 70/56/304
f 509/76/305 88/74/305 90/76/305
f 487/32/306 44/30/306 46/32/306
f 64/50/307 495/48/307 62/48/307
f 82/68/308 504/66/308 80/66/308
f 38/24/309 482/22/309 36/22/309
f 56/42/310 491/40/310 54/40/311
f 501/60/312 72/58/312 74/60/312
f 510/78/313 90/76/313 92/78/313
f 48/34/314 487/32/314 46/32/314
f 497/52/315 64/50/315 66/52/315
f 506/70/316 82/68/316 84/70/316
f 40/26/317 483/24/317 38/24/317
f 493/44/318 56/42/318 58/44/318
f 76/62/319 501/60/319 74/60/319
f 533/60/320 564/58/320 532/58/320
f 530/54/34 497/52/34 498/54/34
f 517/28/17 484/26/17 485/28/17
f 544/82/50 511/79/50 512/82/50
f 531/56/35 498/54/35 499/56/35
f 518/30/18 485/28/18 486/30/18
f 513/86/95 512/82/95 481/86/95
f 500/58/36 531/56/36 499/56/36
f 519/32/19 486/30/19 487/32/19
f 501/60/37 532/58/37 500/58/37
f 520/34/20 487/32/20 488/34/20
f 534/62/173 501/60/173 502/62/39
f 521/36/21 488/34/21 489/36/21
f 535/64/91 502/62/91 503/64/91
f 522/38/22 489/36/22 490/38/22
f 536/66/41 503/64/41 504/66/41
f 491/40/24 522/38/24 490/38/24
f 537/68/42 504/66/42 505/68/42
f 492/42/25 523/40/25 491/40/25
f 538/70/43 505/68/43 506/70/43
f 525/44/27 492/42/27 493/44/27
f 539/72/44 506/70/44 507/72/44
f 526/46/29 493/44/29 494/46/28
f 540/74/93 507/72/93 508/74/93
f 527/48/31 494/46/31 495/48/31
f 514/22/14 481/19/14 482/22/14
f 541/76/46 508/74/46 509/76/46
f 496/50/32 527/48/32 495/48/32
f 515/24/15 482/22/15 483/24/15
f 542/78/210 509/76/210 510/78/132
f 529/52/211 496/50/211 497/52/33
f 516/26/16 483/24/16 484/26/133
f 600/66/41 567/64/41 568/66/41
f 552/34/321 519/32/321 520/34/321
f 566/62/322 533/60/322 534/62/322
f 553/36/323 520/34/323 521/36/323
f 567/64/324 534/62/324 535/64/324
f 522/38/325 553/36/325 521/36/325
f 568/66/326 535/64/326 536/66/327
f 523/40/328 554/38/328 522/38/328
f 569/68/329 536/66/329 537/68/330
f 524/42/331 555/40/331 523/40/331
f 538/70/332 569/68/332 537/68/332
f 525/44/333 556/42/333 524/42/333
f 539/72/334 570/70/334 538/70/334
f 526/46/335 557/44/335 525/44/335
f 572/74/336 539/72/336 540/74/336
f 527/48/337 558/46/337 526/46/337
f 546/22/338 513/19/338 514/22/338
f 541/76/339 572/74/339 540/74/339
f 528/50/340 559/48/340 527/48/340
f 547/24/341 514/22/341 515/24/341
f 574/78/342 541/76/342 542/78/342
f 529/52/343 560/50/343 528/50/343
f 548/26/344 515/24/344 516/26/345
f 543/79/346 574/78/347 542/78/347
f 530/54/348 561/52/348 529/52/348
f 517/28/349 548/26/349 516/26/349
f 544/82/350 575/79/350 543/79/350
f 531/56/351 562/54/351 530/54/351
f 550/30/352 517/28/352 518/30/352
f 545/86/353 544/82/353 513/86/353
f 564/58/354 531/56/354 532/58/354
f 519/32/355 550/30/355 518/30/355
f 603/72/356 634/70/356 602/70/356
f 587/40/24 554/38/24 555/40/24
f 601/68/42 568/66/42 569/68/42
f 588/42/25 555/40/26 556/42/26
f 602/70/43 569/68/43 570/70/43
f 589/44/27 556/42/27 557/44/27
f 571/72/44 602/70/174 570/70/44
f 590/46/357 557/44/357 558/46/357
f 572/74/45 603/72/45 571/72/45
f 591/48/30 558/46/30 559/48/30
f 546/22/14 577/19/14 545/19/14
f 573/76/46 604/74/46 572/74/46
f 592/50/32 559/48/32 560/50/32
f 547/24/15 578/22/15 546/22/15
f 574/78/210 605/76/210 573/76/132
f 593/52/33 560/50/33 561/52/33
f 580/26/16 547/24/16 548/26/16
f 607/79/358 574/78/48 575/79/48
f 594/54/34 561/52/34 562/54/34
f 549/28/17 580/26/17 548/26/17
f 608/82/50 575/79/50 576/82/50
f 595/56/35 562/54/35 563/56/35
f 582/30/359 549/28/94 550/30/94
f 577/86/95 576/82/95 545/86/95
f 596/58/36 563/56/36 564/58/36
f 583/32/19 550/30/19 551/32/19
f 597/60/97 564/58/97 565/60/97
f 584/34/20 551/32/20 552/34/20
f 598/62/39 565/60/39 566/62/39
f 585/36/21 552/34/21 553/36/21
f 599/64/91 566/62/91 567/64/40
f 586/38/22 553/36/22 554/38/22
f 643/24/15 610/22/15 611/24/15
f 590/46/360 621/44/360 589/44/360
f 604/74/361 635/72/361 603/72/361
f 623/48/362 590/46/362 591/48/362
f 610/22/363 577/19/363 578/22/363
f 637/76/364 604/74/364 605/76/364
f 624/50/365 591/48/365 592/50/365
f 579/24/366 610/22/366 578/22/366
f 638/78/367 605/76/367 606/78/367
f 593/52/368 624/50/368 592/50/368
f 580/26/369 611/24/369 579/24/369
f 607/79/370 638/78/371 606/78/371
f 594/54/372 625/52/372 593/52/372
f 581/28/373 612/26/373 580/26/373
f 608/82/374 639/79/374 607/79/374
f 627/56/375 594/54/376 595/56/375
f 582/30/377 613/28/377 581/28/377
f 577/86/378 640/82/378 608/82/379
f 628/58/380 595/56/380 596/58/380
f 615/32/381 582/30/382 583/32/381
f 629/60/383 596/58/383 597/60/383
f 616/34/384 583/32/384 584/34/384
f 630/62/385 597/60/385 598/62/385
f 585/36/386 616/34/387 584/34/387
f 631/64/388 598/62/388 599/64/388
f 618/38/389 585/36/389 586/38/389
f 632/66/390 599/64/390 600/66/390
f 619/40/391 586/38/391 587/40/392
f 601/68/393 632/66/394 600/66/394
f 620/42/395 587/40/395 588/42/395
f 634/70/396 601/68/396 602/70/397
f 589/44/398 620/42/398 588/42/398
f 678/30/399 645/28/399 646/30/399
f 670/78/47 637/76/47 638/78/47
f 657/52/211 624/50/211 625/52/211
f 644/26/133 611/24/133 612/26/133
f 671/79/358 638/78/358 639/79/48
f 658/54/34 625/52/34 626/54/34
f 645/28/17 612/26/17 613/28/17
f 672/82/50 639/79/50 640/82/50
f 659/56/212 626/54/35 627/56/212
f 646/30/18 613/28/94 614/30/18
f 641/86/95 640/82/95 609/86/95
f 660/58/36 627/56/36 628/58/36
f 647/32/400 614/30/96 615/32/400
f 661/60/37 628/58/37 629/60/37
f 648/34/20 615/32/20 616/34/20
f 662/62/173 629/60/173 630/62/173
f 649/36/21 616/34/21 617/36/21
f 663/64/40 630/62/91 631/64/40
f 650/38/22 617/36/22 618/38/22
f 664/66/41 631/64/41 632/66/41
f 651/40/24 618/38/24 619/40/24
f 665/68/42 632/66/42 633/68/42
f 652/42/25 619/40/25 620/42/25
f 666/70/43 633/68/43 634/70/43
f 653/44/27 620/42/27 621/44/27
f 667/72/44 634/70/44 635/72/44
f 654/46/29 621/44/357 622/46/29
f 668/74/93 635/72/93 636/74/93
f 655/48/30 622/46/30 623/48/30
f 642/22/14 609/19/14 610/22/14
f 669/76/46 636/74/46 637/76/46
f 656/50/32 623/48/32 624/50/32
f 713/36/21 680/34/21 681/36/21
f 673/86/401 672/82/401 641/86/401
f 692/58/402 659/56/402 660/58/402
f 647/32/403 678/30/403 646/30/403
f 661/60/404 692/58/404 660/58/404
f 680/34/405 647/32/405 648/34/405
f 694/62/406 661/60/406 662/62/406
f 649/36/407 680/34/407 648/34/407
f 663/64/408 694/62/408 662/62/408
f 682/38/409 649/36/409 650/38/409
f 664/66/410 695/64/411 663/64/411
f 683/40/412 650/38/412 651/40/412
f 665/68/413 696/66/413 664/66/413
f 684/42/414 651/40/414 652/42/414
f 666/70/415 697/68/415 665/68/415
f 653/44/416 684/42/417 652/42/417
f 667/72/418 698/70/418 666/70/419
f 686/46/420 653/44/420 654/46/421
f 700/74/422 667/72/422 668/74/422
f 687/48/423 654/46/423 655/48/423
f 642/22/424 673/19/424 641/19/424
f 669/76/425 700/74/425 668/74/425
f 688/50/426 655/48/426 656/50/426
f 675/24/427 642/22/427 643/24/427
f 670/78/428 701/76/428 669/76/428
f 689/52/429 656/50/429 657/52/429
f 644/26/430 675/24/431 643/24/431
f 703/79/432 670/78/432 671/79/432
f 690/54/433 657/52/434 658/54/433
f 645/28/435 676/26/435 644/26/436
f 672/82/437 703/79/437 671/79/437
f 691/56/438 658/54/438 659/56/438
f 748/42/439 715/40/439 716/42/439
f 727/64/91 694/62/91 695/64/91
f 714/38/22 681/36/22 682/38/22
f 728/66/41 695/64/41 696/66/41
f 715/40/24 682/38/24 683/40/24
f 729/68/42 696/66/92 697/68/42
f 716/42/25 683/40/25 684/42/25
f 730/70/43 697/68/43 698/70/43
f 717/44/27 684/42/27 685/44/27
f 731/72/174 698/70/44 699/72/174
f 718/46/29 685/44/29 686/46/29
f 732/74/93 699/72/45 700/74/93
f 719/48/31 686/46/31 687/48/30
f 706/22/14 673/19/14 674/22/14
f 733/76/46 700/74/46 701/76/440
f 720/50/32 687/48/32 688/50/32
f 707/24/15 674/22/15 675/24/15
f 734/78/47 701/76/210 702/78/47
f 721/52/33 688/50/33 689/52/33
f 708/26/16 675/24/16 676/26/16
f 735/79/358 702/78/48 703/79/358
f 722/54/34 689/52/34 690/54/34
f 709/28/17 676/26/441 677/28/17
f 736/82/50 703/79/50 704/82/50
f 723/56/35 690/54/35 691/56/35
f 710/30/94 677/28/94 678/30/94
f 705/86/51 704/82/51 673/86/51
f 724/58/36 691/56/36 692/58/36
f 711/32/96 678/30/96 679/32/19
f 725/60/37 692/58/37 693/60/37
f 712/34/20 679/32/20 680/34/20
f 726/62/39 693/60/38 694/62/39
f 783/48/31 750/46/30 751/48/31
f 762/70/442 729/68/443 730/70/442
f 749/44/444 716/42/444 717/44/444
f 763/72/445 730/70/445 731/72/445
f 750/46/446 717/44/447 718/46/446
f 732/74/448 763/72/448 731/72/448
f 751/48/449 718/46/450 719/48/449
f 706/22/451 737/19/451 705/19/451
f 733/76/452 764/74/452 732/74/452
f 720/50/453 751/48/453 719/48/453
f 739/24/454 706/22/455 707/24/454
f 766/78/456 733/76/456 734/78/456
f 721/52/457 752/50/457 720/50/457
f 708/26/458 739/24/458 707/24/458
f 767/79/459 734/78/460 735/79/461
f 754/54/462 721/52/462 722/54/462
f 709/28/463 740/26/463 708/26/464
f 736/82/465 767/79/465 735/79/465
f 723/56/466 754/54/466 722/54/466
f 742/30/467 709/28/467 710/30/467
f 737/86/468 736/82/469 705/86/468
f 724/58/470 755/56/470 723/56/471
f 743/32/472 710/30/472 711/32/472
f 725/60/473 756/58/473 724/58/473
f 712/34/474 743/32/474 711/32/474
f 726/62/475 757/60/475 725/60/475
f 713/36/476 744/34/476 712/34/476
f 727/64/477 758/62/477 726/62/477
f 714/38/478 745/36/478 713/36/478
f 760/66/479 727/64/479 728/66/479
f 715/40/480 746/38/481 714/38/481
f 761/68/482 728/66/482 729/68/482
f 786/54/483 817/52/483 785/52/483
f 770/22/14 737/19/14 738/22/14
f 797/76/46 764/74/46 765/76/46
f 784/50/32 751/48/32 752/50/32
f 771/24/15 738/22/15 739/24/15
f 798/78/47 765/76/210 766/78/47
f 785/52/33 752/50/33 753/52/33
f 772/26/133 739/24/16 740/26/133
f 799/79/358 766/78/48 767/79/358
f 786/54/34 753/52/34 754/54/34
f 773/28/17 740/26/17 741/28/17
f 800/82/50 767/79/50 768/82/50
f 787/56/35 754/54/35 755/56/35
f 774/30/18 741/28/359 742/30/18
f 769/86/95 768/82/95 737/86/95
f 788/58/175 755/56/36 756/58/175
f 775/32/19 742/30/96 743/32/19
f 789/60/37 756/58/37 757/60/37
f 776/34/20 743/32/20 744/34/20
f 790/62/173 757/60/173 758/62/38
f 777/36/21 744/34/21 745/36/21
f 791/64/91 758/62/91 759/64/40
f 778/38/22 745/36/22 746/38/22
f 792/66/41 759/64/41 760/66/41
f 779/40/24 746/38/24 747/40/24
f 793/68/92 760/66/92 761/68/42
f 780/42/25 747/40/25 748/42/25
f 794/70/43 761/68/43 762/70/43
f 781/44/27 748/42/27 749/44/27
f 795/72/44 762/70/174 763/72/44
f 782/46/29 749/44/357 750/46/29
f 796/74/93 763/72/93 764/74/45
f 853/60/37 820/58/37 821/60/37
f 805/28/484 772/26/484 773/28/484
f 832/82/485 799/79/485 800/82/485
f 819/56/486 786/54/486 787/56/486
f 806/30/487 773/28/487 774/30/487
f 801/86/488 800/82/488 769/86/488
f 788/58/489 819/56/489 787/56/489
f 775/32/490 806/30/490 774/30/490
f 821/60/491 788/58/491 789/60/491
f 808/34/492 775/32/493 776/34/492
f 822/62/494 789/60/494 790/62/494
f 809/36/495 776/34/495 777/36/495
f 823/64/496 790/62/496 791/64/496
f 810/38/497 777/36/497 778/38/497
f 792/66/498 823/64/498 791/64/498
f 811/40/499 778/38/499 779/40/499
f 793/68/500 824/66/500 792/66/500
f 780/42/501 811/40/501 779/40/501
f 794/70/502 825/68/502 793/68/502
f 781/44/503 812/42/503 780/42/503
f 795/72/504 826/70/504 794/70/504
f 814/46/505 781/44/505 782/46/505
f 796/74/506 827/72/506 795/72/506
f 815/48/507 782/46/507 783/48/507
f 802/22/508 769/19/508 770/22/508
f 797/76/509 828/74/509 796/74/509
f 784/50/510 815/48/510 783/48/510
f 803/24/511 770/22/511 771/24/511
f 798/78/512 829/76/512 797/76/512
f 785/52/513 816/50/513 784/50/513
f 772/26/514 803/24/514 771/24/514
f 799/79/515 830/78/515 798/78/515
f 888/66/516 855/64/517 856/66/518
f 840/34/20 807/32/20 808/34/20
f 854/62/519 821/60/519 822/62/519
f 841/36/21 808/34/21 809/36/21
f 855/64/40 822/62/40 823/64/40
f 842/38/22 809/36/22 810/38/22
f 856/66/41 823/64/41 824/66/41
f 843/40/24 810/38/24 811/40/24
f 857/68/42 824/66/42 825/68/42
f 844/42/26 811/40/26 812/42/25
f 858/70/43 825/68/43 826/70/43
f 845/44/27 812/42/27 813/44/520
f 859/72/44 826/70/44 827/72/44
f 846/46/28 813/44/29 814/46/28
f 860/74/93 827/72/45 828/74/93
f 847/48/31 814/46/31 815/48/31
f 834/22/14 801/19/14 802/22/14
f 861/76/46 828/74/46 829/76/46
f 848/50/32 815/48/32 816/50/32
f 835/24/15 802/22/15 803/24/15
f 862/78/132 829/76/132 830/78/132
f 849/52/33 816/50/33 817/52/33
f 836/26/133 803/24/133 804/26/133
f 863/79/134 830/78/358 831/79/134
f 850/54/34 817/52/34 818/54/34
f 837/28/17 804/26/17 805/28/17
f 864/82/50 831/79/50 832/82/50
f 851/56/212 818/54/212 819/56/212
f 838/30/18 805/28/94 806/30/18
f 833/86/95 832/82/95 801/86/95
f 852/58/175 819/56/175 820/58/36
f 839/32/19 806/30/19 807/32/19
f 913/52/33 880/50/33 881/52/33
f 843/40/521 874/38/521 842/38/521
f 889/68/522 856/66/523 857/68/522
f 844/42/524 875/40/524 843/40/524
f 890/70/525 857/68/525 858/70/525
f 877/44/526 844/42/526 845/44/526
f 891/72/527 858/70/527 859/72/527
f 878/46/528 845/44/528 846/46/528
f 892/74/529 859/72/529 860/74/529
f 879/48/530 846/46/530 847/48/530
f 834/22/531 865/19/532 833/19/532
f 893/76/533 860/74/533 861/76/533
f 880/50/534 847/48/535 848/50/534
f 867/24/536 834/22/536 835/24/536
f 894/78/537 861/76/538 862/78/537
f 881/52/539 848/50/539 849/52/539
f 868/26/540 835/24/540 836/26/540
f 863/79/541 894/78/541 862/78/542
f 882/54/543 849/52/543 850/54/543
f 869/28/544 836/26/544 837/28/544
f 864/82/545 895/79/545 863/79/545
f 883/56/546 850/54/546 851/56/546
f 838/30/547 869/28/547 837/28/547
f 833/86/548 896/82/548 864/82/548
f 852/58/549 883/56/550 851/56/550
f 871/32/551 838/30/552 839/32/551
f 853/60/553 884/58/554 852/58/554
f 840/34/555 871/32/556 839/32/556
f 886/62/557 853/60/558 854/62/557
f 841/36/559 872/34/560 840/34/560
f 887/64/561 854/62/561 855/64/561
f 842/38/562 873/36/562 841/36/562
f 913/87/563 921/88/563 897/89/563
f 927/79/48 894/78/48 895/79/48
f 914/54/34 881/52/34 882/54/34
f 928/82/50 895/79/50 896/82/50
f 898/22/14 865/19/14 866/22/14
f 915/56/35 882/54/35 883/56/35
f 897/86/95 896/82/95 865/86/95
f 899/24/15 866/22/15 867/24/15
f 916/58/36 883/56/36 884/58/36
f 900/26/16 867/24/16 868/26/16
f 917/60/37 884/58/37 885/60/37
f 904/34/20 871/32/20 872/34/20
f 901/28/17 868/26/17 869/28/17
f 918/62/38 885/60/38 886/62/38
f 905/36/21 872/34/21 873/36/21
f 902/30/18 869/28/18 870/30/18
f 919/64/135 886/62/135 887/64/135
f 906/38/22 873/36/22 874/38/22
f 903/32/400 870/30/400 871/32/400
f 920/66/41 887/64/41 888/66/41
f 907/40/24 874/38/24 875/40/24
f 921/68/42 888/66/42 889/68/42
f 908/42/25 875/40/25 876/42/25
f 922/70/43 889/68/43 890/70/43
f 909/44/27 876/42/27 877/44/27
f 923/72/44 890/70/44 891/72/44
f 910/46/28 877/44/28 878/46/28
f 924/74/93 891/72/93 892/74/93
f 911/48/31 878/46/31 879/48/31
f 925/76/46 892/74/46 893/76/46
f 912/50/32 879/48/32 880/50/32
f 926/78/132 893/76/132 894/78/132
f 930/19/51 931/18/51 929/20/51
f 932/22/50 933/21/50 931/18/50
f 934/24/48 935/23/358 933/21/358
f 936/26/210 937/25/132 935/23/132
f 938/28/46 939/27/46 937/25/46
f 940/30/45 941/29/45 939/27/45
f 942/32/174 943/31/174 941/29/174
f 944/34/43 945/33/43 943/31/43
f 946/36/42 947/35/42 945/33/42
f 948/38/41 949/37/41 947/35/41
f 950/40/40 951/39/91 949/37/91
f 952/42/38 953/41/173 951/39/173
f 954/44/37 955/43/37 953/41/37
f 956/46/36 957/45/36 955/43/36
f 958/48/35 959/47/35 957/45/35
f 960/50/34 961/49/34 959/47/34
f 962/52/33 963/51/33 961/49/33
f 964/54/32 965/53/32 963/51/32
f 966/56/30 967/55/30 965/53/30
f 968/58/357 969/57/29 967/55/29
f 970/60/27 971/59/27 969/57/27
f 972/62/25 973/61/25 971/59/25
f 974/64/24 975/63/24 973/61/24
f 976/66/22 977/65/22 975/63/22
f 978/68/21 979/67/21 977/65/21
f 980/70/20 981/69/20 979/67/20
f 982/72/19 983/71/19 981/69/19
f 984/74/94 985/73/94 983/71/94
f 986/76/17 987/75/17 985/73/17
f 988/78/133 989/77/16 987/75/16
f 988/78/317 1407/79/317 990/79/317
f 990/79/15 991/80/15 989/77/15
f 992/82/14 929/81/14 991/80/14
f 945/33/85 1000/31/85 943/31/85
f 1014/59/27 1045/57/27 1013/57/27
f 963/51/83 1009/49/83 961/49/83
f 981/69/80 1018/67/80 979/67/80
f 937/25/79 996/23/79 935/23/79
f 955/43/78 1005/41/78 953/41/78
f 971/59/564 1015/61/77 1014/59/564
f 989/77/76 1024/80/76 1023/77/76
f 945/33/75 1002/35/75 1001/33/75
f 963/51/73 1011/53/73 1010/51/73
f 983/71/71 1019/69/71 981/69/71
f 939/27/70 997/25/70 937/25/70
f 957/45/69 1006/43/69 955/43/69
f 973/61/68 1016/63/68 1015/61/68
f 929/20/67 994/18/67 993/20/67
f 929/81/565 1024/80/66 991/80/66
f 949/37/65 1002/35/65 947/35/65
f 967/55/64 1011/53/64 965/53/63
f 983/71/62 1021/73/62 1020/71/62
f 939/27/61 999/29/61 998/27/61
f 959/47/60 1007/45/60 957/45/60
f 977/65/566 1016/63/567 975/63/567
f 933/21/58 994/18/58 931/18/58
f 951/39/57 1003/37/57 949/37/57
f 967/55/56 1013/57/56 1012/55/56
f 987/75/568 1021/73/568 985/73/568
f 941/29/54 1000/31/54 999/29/54
f 959/47/53 1009/49/53 1008/47/569
f 977/65/52 1018/67/52 1017/65/52
f 935/23/89 995/21/89 933/21/89
f 953/41/88 1004/39/88 951/39/88
f 969/57/87 1014/59/87 1013/57/87
f 987/75/86 1023/77/86 1022/75/86
f 1049/65/128 1080/63/128 1048/63/128
f 1001/33/43 1032/31/43 1000/31/43
f 1015/61/25 1046/59/25 1014/59/25
f 1002/35/42 1033/33/42 1001/33/42
f 1016/63/24 1047/61/23 1015/61/23
f 1003/37/41 1034/35/41 1002/35/41
f 1017/65/22 1048/63/22 1016/63/22
f 1004/39/91 1035/37/91 1003/37/91
f 1018/67/21 1049/65/21 1017/65/21
f 1005/41/38 1036/39/38 1004/39/39
f 1019/69/20 1050/67/20 1018/67/20
f 1006/43/37 1037/41/37 1005/41/37
f 1020/71/19 1051/69/19 1019/69/19
f 1007/45/36 1038/43/36 1006/43/36
f 994/18/95 1025/20/95 993/20/95
f 1021/73/94 1052/71/570 1020/71/570
f 1008/47/35 1039/45/35 1007/45/35
f 995/21/50 1026/18/50 994/18/50
f 1022/75/441 1053/73/441 1021/73/441
f 1009/49/34 1040/47/34 1008/47/34
f 996/23/48 1027/21/48 995/21/48
f 1023/77/16 1054/75/16 1022/75/16
f 1010/51/33 1041/49/33 1009/49/33
f 997/25/210 1028/23/210 996/23/210
f 1024/80/15 1055/77/15 1023/77/15
f 1011/53/32 1042/51/32 1010/51/32
f 998/27/46 1029/25/46 997/25/46
f 993/81/14 1056/80/14 1024/80/14
f 1012/55/31 1043/53/30 1011/53/30
f 999/29/93 1030/27/45 998/27/45
f 1013/57/357 1044/55/357 1012/55/357
f 1000/31/44 1031/29/44 999/29/44
f 1084/71/400 1115/69/96 1083/69/96
f 1035/37/127 1068/39/127 1067/37/127
f 1049/65/126 1082/67/126 1081/65/126
f 1036/39/125 1069/41/125 1068/39/125
f 1050/67/124 1083/69/124 1082/67/124
f 1037/41/123 1070/43/123 1069/41/123
f 1052/71/122 1083/69/122 1051/69/122
f 1039/45/121 1070/43/121 1038/43/121
f 1025/20/120 1058/18/120 1057/20/120
f 1053/73/119 1084/71/119 1052/71/119
f 1039/45/118 1072/47/118 1071/45/118
f 1026/18/117 1059/21/117 1058/18/117
f 1054/75/116 1085/73/116 1053/73/116
f 1040/47/115 1073/49/115 1072/47/115
f 1027/21/113 1060/23/113 1059/21/113
f 1054/75/112 1087/77/112 1086/75/112
f 1041/49/111 1074/51/111 1073/49/111
f 1029/25/109 1060/23/109 1028/23/109
f 1056/80/108 1087/77/108 1055/77/108
f 1043/53/107 1074/51/107 1042/51/107
f 1029/25/106 1062/27/106 1061/25/106
f 1025/81/105 1088/80/105 1056/80/105
f 1044/55/104 1075/53/104 1043/53/104
f 1030/27/103 1063/29/103 1062/27/103
f 1045/57/102 1076/55/102 1044/55/102
f 1032/31/101 1063/29/101 1031/29/101
f 1045/57/571 1078/59/571 1077/57/571
f 1033/33/99 1064/31/99 1032/31/99
f 1047/61/98 1078/59/98 1046/59/98
f 1033/33/90 1066/35/90 1065/33/90
f 1048/63/130 1079/61/130 1047/61/130
f 1034/35/129 1067/37/129 1066/35/129
f 1092/23/136 1123/21/137 1091/21/137
f 1071/45/175 1102/43/36 1070/43/36
f 1058/18/95 1089/20/95 1057/20/95
f 1085/73/18 1116/71/18 1084/71/18
f 1072/47/35 1103/45/35 1071/45/35
f 1059/21/50 1090/18/50 1058/18/50
f 1086/75/17 1117/73/17 1085/73/17
f 1073/49/34 1104/47/34 1072/47/34
f 1060/23/358 1091/21/358 1059/21/358
f 1087/77/133 1118/75/133 1086/75/133
f 1074/51/33 1105/49/33 1073/49/33
f 1061/25/132 1092/23/132 1060/23/132
f 1088/80/15 1119/77/15 1087/77/15
f 1075/53/32 1106/51/32 1074/51/32
f 1062/27/46 1093/25/46 1061/25/46
f 1057/81/14 1120/80/14 1088/80/14
f 1076/55/31 1107/53/31 1075/53/572
f 1063/29/45 1094/27/45 1062/27/45
f 1077/57/29 1108/55/28 1076/55/28
f 1064/31/44 1095/29/174 1063/29/174
f 1078/59/27 1109/57/27 1077/57/27
f 1065/33/43 1096/31/43 1064/31/43
f 1079/61/25 1110/59/25 1078/59/25
f 1066/35/42 1097/33/42 1065/33/42
f 1080/63/24 1111/61/24 1079/61/24
f 1067/37/41 1098/35/41 1066/35/41
f 1081/65/22 1112/63/22 1080/63/22
f 1068/39/40 1099/37/91 1067/37/91
f 1082/67/21 1113/65/21 1081/65/21
f 1069/41/38 1100/39/38 1068/39/38
f 1083/69/20 1114/67/20 1082/67/20
f 1070/43/37 1101/41/37 1069/41/37
f 1127/29/93 1158/27/93 1126/27/93
f 1118/75/131 1151/77/131 1150/75/131
f 1105/49/171 1138/51/171 1137/49/171
f 1092/23/170 1125/25/170 1124/23/170
f 1120/80/169 1151/77/169 1119/77/169
f 1107/53/167 1138/51/167 1106/51/167
f 1094/27/166 1125/25/166 1093/25/166
f 1089/81/165 1152/80/165 1120/80/165
f 1108/55/164 1139/53/164 1107/53/164
f 1095/29/163 1126/27/163 1094/27/163
f 1108/55/161 1141/57/161 1140/55/161
f 1095/29/160 1128/31/160 1127/29/160
f 1110/59/159 1141/57/159 1109/57/159
f 1096/31/158 1129/33/158 1128/31/158
f 1111/61/157 1142/59/157 1110/59/157
f 1097/33/156 1130/35/156 1129/33/156
f 1112/63/155 1143/61/154 1111/61/154
f 1098/35/153 1131/37/153 1130/35/153
f 1113/65/152 1144/63/152 1112/63/152
f 1099/37/151 1132/39/151 1131/37/151
f 1114/67/150 1145/65/150 1113/65/150
f 1100/39/149 1133/41/149 1132/39/149
f 1115/69/147 1146/67/147 1114/67/147
f 1101/41/146 1134/43/146 1133/41/146
f 1115/69/145 1148/71/145 1147/69/145
f 1103/45/144 1134/43/144 1102/43/144
f 1089/20/143 1122/18/143 1121/20/143
f 1116/71/142 1149/73/142 1148/71/142
f 1104/47/141 1135/45/141 1103/45/141
f 1090/18/140 1123/21/140 1122/18/140
f 1118/75/139 1149/73/139 1117/73/139
f 1105/49/138 1136/47/138 1104/47/138
f 1162/35/179 1193/33/179 1161/33/179
f 1141/57/29 1172/55/29 1140/55/29
f 1128/31/44 1159/29/44 1127/29/44
f 1142/59/27 1173/57/27 1141/57/27
f 1129/33/43 1160/31/43 1128/31/43
f 1143/61/25 1174/59/25 1142/59/25
f 1130/35/42 1161/33/42 1129/33/42
f 1144/63/24 1175/61/24 1143/61/24
f 1131/37/41 1162/35/41 1130/35/41
f 1145/65/22 1176/63/22 1144/63/22
f 1132/39/91 1163/37/91 1131/37/91
f 1146/67/21 1177/65/21 1145/65/573
f 1133/41/173 1164/39/173 1132/39/173
f 1147/69/20 1178/67/20 1146/67/20
f 1134/43/37 1165/41/37 1133/41/37
f 1148/71/96 1179/69/96 1147/69/96
f 1135/45/175 1166/43/175 1134/43/175
f 1122/18/95 1153/20/95 1121/20/95
f 1149/73/18 1180/71/18 1148/71/18
f 1136/47/35 1167/45/35 1135/45/212
f 1123/21/50 1154/18/50 1122/18/50
f 1150/75/17 1181/73/17 1149/73/17
f 1137/49/34 1168/47/34 1136/47/34
f 1124/23/48 1155/21/48 1123/21/48
f 1151/77/16 1182/75/16 1150/75/16
f 1138/51/33 1169/49/33 1137/49/33
f 1125/25/132 1156/23/132 1124/23/132
f 1152/80/15 1183/77/15 1151/77/15
f 1139/53/32 1170/51/32 1138/51/32
f 1126/27/46 1157/25/46 1125/25/46
f 1121/81/14 1184/80/14 1152/80/14
f 1140/55/30 1171/53/30 1139/53/30
f 1197/41/173 1228/39/173 1196/39/173
f 1175/61/178 1208/63/178 1207/61/178
f 1163/37/176 1194/35/176 1162/35/176
f 1176/63/172 1209/65/172 1208/63/172
f 1164/39/208 1195/37/208 1163/37/208
f 1177/65/207 1210/67/207 1209/65/207
f 1165/41/206 1196/39/206 1164/39/206
f 1179/69/205 1210/67/205 1178/67/205
f 1166/43/204 1197/41/204 1165/41/204
f 1180/71/203 1211/69/203 1179/69/203
f 1167/45/202 1198/43/202 1166/43/202
f 1153/20/201 1186/18/201 1185/20/201
f 1181/73/200 1212/71/200 1180/71/200
f 1168/47/199 1199/45/199 1167/45/199
f 1154/18/198 1187/21/198 1186/18/198
f 1182/75/197 1213/73/197 1181/73/197
f 1168/47/196 1201/49/196 1200/47/196
f 1155/21/195 1188/23/195 1187/21/195
f 1182/75/194 1215/77/194 1214/75/194
f 1169/49/193 1202/51/193 1201/49/193
f 1156/23/192 1189/25/192 1188/23/191
f 1184/80/190 1215/77/190 1183/77/190
f 1170/51/189 1203/53/189 1202/51/189
f 1157/25/188 1190/27/188 1189/25/188
f 1153/81/187 1216/80/187 1184/80/187
f 1172/55/186 1203/53/186 1171/53/186
f 1158/27/185 1191/29/185 1190/27/185
f 1173/57/184 1204/55/184 1172/55/184
f 1159/29/183 1192/31/183 1191/29/183
f 1174/59/182 1205/57/182 1173/57/182
f 1161/33/181 1192/31/181 1160/31/181
f 1175/61/180 1206/59/180 1174/59/180
f 1231/45/222 1264/47/222 1263/45/222
f 1211/69/20 1242/67/20 1210/67/20
f 1198/43/37 1229/41/37 1197/41/37
f 1212/71/19 1243/69/19 1211/69/19
f 1199/45/36 1230/43/36 1198/43/36
f 1186/18/95 1217/20/95 1185/20/95
f 1213/73/94 1244/71/94 1212/71/574
f 1200/47/35 1231/45/35 1199/45/35
f 1187/21/50 1218/18/50 1186/18/50
f 1214/75/17 1245/73/17 1213/73/17
f 1201/49/34 1232/47/34 1200/47/34
f 1188/23/48 1219/21/48 1187/21/358
f 1215/77/16 1246/75/16 1214/75/16
f 1202/51/211 1233/49/211 1201/49/211
f 1189/25/210 1220/23/210 1188/23/210
f 1216/80/15 1247/77/15 1215/77/15
f 1203/53/32 1234/51/32 1202/51/32
f 1190/27/46 1221/25/46 1189/25/46
f 1185/81/14 1248/80/14 1216/80/14
f 1204/55/30 1235/53/30 1203/53/31
f 1191/29/45 1222/27/45 1190/27/45
f 1205/57/29 1236/55/29 1204/55/29
f 1192/31/44 1223/29/44 1191/29/174
f 1206/59/27 1237/57/27 1205/57/27
f 1193/33/43 1224/31/43 1192/31/43
f 1207/61/25 1238/59/25 1206/59/26
f 1194/35/42 1225/33/42 1193/33/42
f 1208/63/24 1239/61/24 1207/61/24
f 1195/37/41 1226/35/41 1194/35/41
f 1209/65/22 1240/63/22 1208/63/22
f 1196/39/91 1227/37/91 1195/37/91
f 1210/67/21 1241/65/21 1209/65/21
f 1267/53/32 1298/51/32 1266/51/32
f 1218/18/220 1251/21/220 1250/18/220
f 1245/73/219 1278/75/219 1277/73/219
f 1232/47/218 1265/49/218 1264/47/218
f 1220/23/217 1251/21/575 1219/21/575
f 1246/75/216 1279/77/216 1278/75/216
f 1234/51/215 1265/49/215 1233/49/215
f 1221/25/214 1252/23/214 1220/23/214
f 1248/80/213 1279/77/213 1247/77/213
f 1235/53/209 1266/51/209 1234/51/209
f 1222/27/245 1253/25/245 1221/25/576
f 1248/80/244 1249/81/244 1280/80/244
f 1236/55/243 1267/53/243 1235/53/243
f 1223/29/242 1254/27/242 1222/27/242
f 1237/57/240 1268/55/240 1236/55/240
f 1223/29/239 1256/31/239 1255/29/239
f 1237/57/238 1270/59/238 1269/57/238
f 1224/31/237 1257/33/237 1256/31/237
f 1238/59/236 1271/61/236 1270/59/236
f 1225/33/235 1258/35/235 1257/33/235
f 1240/63/234 1271/61/234 1239/61/234
f 1226/35/233 1259/37/233 1258/35/233
f 1241/65/232 1272/63/232 1240/63/232
f 1227/37/231 1260/39/231 1259/37/231
f 1242/67/230 1273/65/230 1241/65/230
f 1228/39/229 1261/41/229 1260/39/229
f 1242/67/228 1275/69/228 1274/67/228
f 1230/43/227 1261/41/227 1229/41/227
f 1243/69/226 1276/71/226 1275/69/226
f 1230/43/225 1263/45/225 1262/43/225
f 1217/20/224 1250/18/224 1249/20/224
f 1244/71/223 1277/73/223 1276/71/223
f 1301/57/262 1334/59/262 1333/57/262
f 1254/27/46 1285/25/46 1253/25/46
f 1249/81/14 1312/80/14 1280/80/14
f 1268/55/30 1299/53/30 1267/53/30
f 1255/29/45 1286/27/93 1254/27/93
f 1269/57/357 1300/55/357 1268/55/357
f 1256/31/44 1287/29/44 1255/29/44
f 1270/59/27 1301/57/27 1269/57/27
f 1257/33/43 1288/31/43 1256/31/43
f 1271/61/25 1302/59/25 1270/59/25
f 1258/35/42 1289/33/42 1257/33/42
f 1272/63/24 1303/61/24 1271/61/24
f 1259/37/41 1290/35/41 1258/35/41
f 1273/65/22 1304/63/22 1272/63/22
f 1260/39/91 1291/37/91 1259/37/91
f 1274/67/21 1305/65/21 1273/65/21
f 1261/41/38 1292/39/173 1260/39/173
f 1275/69/20 1306/67/20 1274/67/20
f 1262/43/37 1293/41/37 1261/41/37
f 1276/71/19 1307/69/96 1275/69/96
f 1263/45/36 1294/43/36 1262/43/36
f 1250/18/95 1281/20/95 1249/20/95
f 1277/73/248 1308/71/18 1276/71/18
f 1264/47/35 1295/45/35 1263/45/35
f 1251/21/577 1282/18/50 1250/18/578
f 1278/75/17 1309/73/17 1277/73/253
f 1265/49/34 1296/47/34 1264/47/34
f 1252/23/252 1283/21/358 1251/21/358
f 1279/77/133 1310/75/133 1278/75/133
f 1266/51/33 1297/49/33 1265/49/33
f 1253/25/210 1284/23/210 1252/23/210
f 1280/80/15 1311/77/579 1279/77/579
f 1337/65/22 1368/63/22 1336/63/22
f 1289/33/261 1320/31/261 1288/31/261
f 1302/59/260 1335/61/260 1334/59/260
f 1290/35/259 1321/33/259 1289/33/259
f 1303/61/258 1336/63/258 1335/61/258
f 1291/37/257 1322/35/257 1290/35/257
f 1305/65/256 1336/63/256 1304/63/256
f 1292/39/255 1323/37/255 1291/37/255
f 1306/67/254 1337/65/254 1305/65/254
f 1293/41/247 1324/39/247 1292/39/247
f 1307/69/284 1338/67/284 1306/67/284
f 1294/43/283 1325/41/283 1293/41/283
f 1308/71/282 1339/69/282 1307/69/282
f 1294/43/281 1327/45/281 1326/43/281
f 1281/20/280 1314/18/280 1313/20/280
f 1309/73/279 1340/71/279 1308/71/279
f 1296/47/278 1327/45/278 1295/45/278
f 1283/21/277 1314/18/277 1282/18/277
f 1310/75/276 1341/73/276 1309/73/276
f 1297/49/275 1328/47/275 1296/47/275
f 1284/23/274 1315/21/274 1283/21/274
f 1310/75/273 1343/77/273 1342/75/273
f 1297/49/272 1330/51/272 1329/49/272
f 1285/25/271 1316/23/271 1284/23/271
f 1311/77/270 1344/80/270 1343/77/270
f 1298/51/269 1331/53/269 1330/51/269
f 1285/25/268 1318/27/268 1317/25/268
f 1281/81/267 1344/80/267 1312/80/267
f 1299/53/266 1332/55/266 1331/53/266
f 1286/27/265 1319/29/265 1318/27/265
f 1300/55/264 1333/57/264 1332/55/264
f 1288/31/263 1319/29/263 1287/29/263
f 1360/90/285 1368/91/285 1376/92/285
f 1324/39/91 1355/37/40 1323/37/91
f 1338/67/21 1369/65/21 1337/65/21
f 1325/41/173 1356/39/173 1324/39/173
f 1339/69/20 1370/67/20 1338/67/20
f 1326/43/37 1357/41/37 1325/41/37
f 1340/71/96 1371/69/19 1339/69/96
f 1327/45/175 1358/43/175 1326/43/175
f 1314/18/95 1345/20/95 1313/20/95
f 1341/73/18 1372/71/94 1340/71/18
f 1328/47/212 1359/45/212 1327/45/212
f 1315/21/50 1346/18/50 1314/18/50
f 1342/75/17 1373/73/17 1341/73/17
f 1329/49/34 1360/47/34 1328/47/34
f 1316/23/358 1347/21/358 1315/21/358
f 1343/77/16 1374/75/16 1342/75/16
f 1330/51/33 1361/49/33 1329/49/33
f 1317/25/132 1348/23/132 1316/23/132
f 1344/80/15 1375/77/15 1343/77/15
f 1331/53/32 1362/51/32 1330/51/32
f 1318/27/46 1349/25/46 1317/25/46
f 1313/81/14 1376/80/14 1344/80/14
f 1332/55/30 1363/53/30 1331/53/30
f 1319/29/93 1350/27/93 1318/27/93
f 1333/57/29 1364/55/29 1332/55/29
f 1320/31/44 1351/29/44 1319/29/44
f 1334/59/27 1365/57/27 1333/57/27
f 1321/33/43 1352/31/43 1320/31/43
f 1335/61/26 1366/59/26 1334/59/25
f 1322/35/42 1353/33/42 1321/33/42
f 1336/63/24 1367/61/24 1335/61/24
f 1323/37/41 1354/35/41 1322/35/41
f 1406/78/16 1439/79/16 1407/79/16
f 946/36/316 1384/34/316 1385/36/316
f 962/52/315 1394/54/315 964/54/315
f 982/72/314 1402/70/314 1403/72/314
f 936/26/313 1381/28/313 938/28/313
f 956/46/312 1389/44/312 1390/46/312
f 972/62/310 1399/64/310 974/64/311
f 990/79/309 1408/82/309 992/82/309
f 946/36/308 1386/38/308 948/38/308
f 964/54/307 1395/56/307 966/56/307
f 984/74/306 1403/72/306 1404/74/306
f 938/28/305 1382/30/305 940/30/305
f 956/46/304 1391/48/304 958/48/304
f 976/66/303 1399/64/303 1400/66/303
f 932/22/302 1377/19/302 1378/22/302
f 930/86/301 1408/82/301 1377/86/301
f 948/38/300 1387/40/300 950/40/300
f 966/56/298 1396/58/298 968/58/298
f 984/74/297 1405/76/297 986/76/580
f 940/30/296 1383/32/296 942/32/296
f 960/50/295 1391/48/295 1392/50/295
f 978/68/294 1400/66/294 1401/68/294
f 934/24/293 1378/22/293 1379/24/293
f 952/42/291 1387/40/291 1388/42/291
f 968/58/290 1397/60/290 970/60/290
f 986/76/289 1406/78/289 988/78/289
f 944/34/288 1383/32/288 1384/34/288
f 960/50/287 1393/52/287 962/52/287
f 978/68/286 1402/70/286 980/70/286
f 936/26/49 1379/24/49 1380/26/49
f 952/42/319 1389/44/319 954/44/319
f 972/62/318 1397/60/318 1398/62/318
f 1429/60/335 1460/58/335 1461/60/335
f 1393/52/211 1426/54/211 1394/54/211
f 1380/26/132 1413/28/132 1381/28/132
f 1407/79/15 1440/82/15 1408/82/15
f 1394/54/32 1427/56/32 1395/56/32
f 1381/28/46 1414/30/46 1382/30/46
f 1408/82/14 1409/86/14 1377/86/14
f 1396/58/30 1427/56/30 1428/58/30
f 1382/30/45 1415/32/45 1383/32/45
f 1397/60/29 1428/58/29 1429/60/29
f 1383/32/44 1416/34/44 1384/34/44
f 1397/60/27 1430/62/27 1398/62/27
f 1384/34/43 1417/36/43 1385/36/43
f 1398/62/25 1431/64/25 1399/64/26
f 1385/36/42 1418/38/42 1386/38/42
f 1399/64/24 1432/66/24 1400/66/24
f 1387/40/41 1418/38/41 1419/40/41
f 1400/66/22 1433/68/22 1401/68/22
f 1388/42/91 1419/40/91 1420/42/40
f 1401/68/21 1434/70/21 1402/70/573
f 1388/42/173 1421/44/173 1389/44/173
f 1402/70/20 1435/72/20 1403/72/20
f 1389/44/37 1422/46/37 1390/46/37
f 1403/72/96 1436/74/96 1404/74/19
f 1390/46/36 1423/48/36 1391/48/36
f 1377/19/95 1410/22/95 1378/22/95
f 1404/74/18 1437/76/18 1405/76/18
f 1392/50/35 1423/48/35 1424/50/35
f 1378/22/50 1411/24/50 1379/24/50
f 1405/76/17 1438/78/17 1406/78/17
f 1392/50/34 1425/52/34 1393/52/34
f 1379/24/48 1412/26/48 1380/26/48
f 1463/64/24 1496/66/24 1464/66/24
f 1415/32/334 1448/34/334 1416/34/334
f 1429/60/333 1462/62/333 1430/62/333
f 1416/34/332 1449/36/332 1417/36/332
f 1430/62/331 1463/64/331 1431/64/331
f 1418/38/329 1449/36/329 1450/38/329
f 1431/64/328 1464/66/328 1432/66/328
f 1419/40/326 1450/38/327 1451/40/326
f 1432/66/325 1465/68/325 1433/68/325
f 1420/42/324 1451/40/324 1452/42/324
f 1434/70/323 1465/68/323 1466/70/323
f 1421/44/322 1452/42/322 1453/44/322
f 1435/72/321 1466/70/321 1467/72/321
f 1422/46/320 1453/44/320 1454/46/320
f 1435/72/355 1468/74/355 1436/74/355
f 1423/48/354 1454/46/354 1455/48/354
f 1409/19/353 1442/22/353 1410/22/353
f 1436/74/352 1469/76/352 1437/76/352
f 1424/50/351 1455/48/351 1456/50/351
f 1410/22/350 1443/24/350 1411/24/350
f 1437/76/349 1470/78/349 1438/78/349
f 1425/52/348 1456/50/348 1457/52/348
f 1411/24/347 1444/26/347 1412/26/347
f 1439/79/345 1470/78/345 1471/79/345
f 1426/54/343 1457/52/343 1458/54/343
f 1413/28/342 1444/26/342 1445/28/342
f 1440/82/341 1471/79/341 1472/82/341
f 1427/56/340 1458/54/340 1459/56/340
f 1413/28/339 1446/30/339 1414/30/339
f 1440/82/338 1441/86/338 1409/86/338
f 1427/56/337 1460/58/337 1428/58/337
f 1414/30/336 1447/32/336 1415/32/336
f 1499/72/384 1530/70/581 1531/72/384
f 1450/38/41 1483/40/41 1451/40/41
f 1464/66/22 1497/68/22 1465/68/22
f 1451/40/40 1484/42/40 1452/42/40
f 1465/68/21 1498/70/21 1466/70/21
f 1452/42/39 1485/44/39 1453/44/39
f 1467/72/20 1498/70/20 1499/72/20
f 1453/44/97 1486/46/97 1454/46/37
f 1468/74/19 1499/72/19 1500/74/19
f 1454/46/175 1487/48/175 1455/48/175
f 1442/22/95 1473/19/95 1474/22/95
f 1469/76/94 1500/74/359 1501/76/359
f 1455/48/35 1488/50/35 1456/50/35
f 1443/24/50 1474/22/50 1475/24/50
f 1470/78/17 1501/76/17 1502/78/17
f 1456/50/34 1489/52/34 1457/52/34
f 1443/24/48 1476/26/48 1444/26/48
f 1470/78/16 1503/79/16 1471/79/16
f 1457/52/33 1490/54/33 1458/54/33
f 1445/28/210 1476/26/210 1477/28/210
f 1471/79/15 1504/82/15 1472/82/15
f 1458/54/32 1491/56/32 1459/56/32
f 1445/28/46 1478/30/46 1446/30/46
f 1472/82/14 1473/86/14 1441/86/14
f 1459/56/30 1492/58/30 1460/58/30
f 1446/30/45 1479/32/45 1447/32/45
f 1460/58/357 1493/60/357 1461/60/357
f 1447/32/44 1480/34/44 1448/34/44
f 1461/60/520 1494/62/27 1462/62/520
f 1448/34/43 1481/36/43 1449/36/43
f 1462/62/25 1495/64/25 1463/64/26
f 1449/36/42 1482/38/42 1450/38/42
f 1506/22/50 1539/24/50 1507/24/50
f 1486/46/383 1517/44/383 1518/46/383
f 1500/74/382 1531/72/382 1532/74/382
f 1486/46/380 1519/48/380 1487/48/380
f 1473/19/378 1506/22/378 1474/22/378
f 1500/74/377 1533/76/377 1501/76/377
f 1488/50/376 1519/48/376 1520/50/376
f 1475/24/374 1506/22/374 1507/24/374
f 1502/78/373 1533/76/373 1534/78/373
f 1489/52/372 1520/50/372 1521/52/372
f 1476/26/370 1507/24/370 1508/26/371
f 1503/79/582 1534/78/582 1535/79/582
f 1490/54/368 1521/52/368 1522/54/368
f 1477/28/367 1508/26/367 1509/28/367
f 1504/82/366 1535/79/366 1536/82/366
f 1490/54/365 1523/56/365 1491/56/365
f 1478/30/364 1509/28/364 1510/30/364
f 1473/86/363 1536/82/363 1505/86/363
f 1491/56/362 1524/58/362 1492/58/362
f 1478/30/361 1511/32/361 1479/32/361
f 1492/58/360 1525/60/360 1493/60/360
f 1479/32/356 1512/34/356 1480/34/356
f 1493/60/398 1526/62/398 1494/62/398
f 1481/36/396 1512/34/396 1513/36/396
f 1494/62/395 1527/64/395 1495/64/395
f 1481/36/393 1514/38/393 1482/38/393
f 1495/64/391 1528/66/391 1496/66/391
f 1482/38/390 1515/40/390 1483/40/583
f 1497/68/389 1528/66/389 1529/68/584
f 1483/40/585 1516/42/585 1484/42/388
f 1497/68/387 1530/70/387 1498/70/386
f 1485/44/385 1516/42/385 1517/44/385
f 1541/28/425 1574/30/425 1542/30/425
f 1533/76/17 1566/78/441 1534/78/441
f 1520/50/34 1553/52/34 1521/52/34
f 1507/24/358 1540/26/48 1508/26/48
f 1534/78/133 1567/79/133 1535/79/133
f 1521/52/211 1554/54/33 1522/54/33
f 1508/26/210 1541/28/210 1509/28/132
f 1535/79/15 1568/82/15 1536/82/15
f 1522/54/32 1555/56/32 1523/56/32
f 1509/28/46 1542/30/46 1510/30/46
f 1536/82/14 1537/86/14 1505/86/14
f 1523/56/30 1556/58/30 1524/58/30
f 1510/30/93 1543/32/93 1511/32/93
f 1524/58/357 1557/60/29 1525/60/28
f 1511/32/44 1544/34/44 1512/34/44
f 1525/60/27 1558/62/27 1526/62/27
f 1512/34/43 1545/36/43 1513/36/43
f 1526/62/25 1559/64/25 1527/64/25
f 1513/36/42 1546/38/42 1514/38/42
f 1527/64/24 1560/66/24 1528/66/24
f 1514/38/41 1547/40/41 1515/40/41
f 1528/66/22 1561/68/22 1529/68/22
f 1515/40/91 1548/42/91 1516/42/91
f 1529/68/21 1562/70/21 1530/70/21
f 1516/42/173 1549/44/173 1517/44/173
f 1530/70/20 1563/72/20 1531/72/20
f 1517/44/37 1550/46/37 1518/46/37
f 1531/72/96 1564/74/96 1532/74/19
f 1518/46/36 1551/48/175 1519/48/175
f 1505/19/95 1538/22/95 1506/22/95
f 1532/74/359 1565/76/359 1533/76/359
f 1519/48/35 1552/50/35 1520/50/35
f 1576/34/43 1609/36/43 1577/36/43
f 1568/82/424 1569/86/424 1537/86/424
f 1555/56/423 1588/58/423 1556/58/423
f 1543/32/422 1574/30/422 1575/32/422
f 1557/60/420 1588/58/420 1589/60/420
f 1543/32/419 1576/34/419 1544/34/419
f 1557/60/416 1590/62/416 1558/62/416
f 1544/34/415 1577/36/415 1545/36/415
f 1559/64/414 1590/62/414 1591/64/414
f 1545/36/413 1578/38/413 1546/38/413
f 1560/66/412 1591/64/412 1592/66/412
f 1546/38/410 1579/40/410 1547/40/410
f 1561/68/409 1592/66/409 1593/68/409
f 1548/42/586 1579/40/586 1580/42/586
f 1562/70/407 1593/68/407 1594/70/407
f 1549/44/587 1580/42/587 1581/44/587
f 1563/72/405 1594/70/405 1595/72/405
f 1549/44/404 1582/46/404 1550/46/404
f 1563/72/403 1596/74/403 1564/74/403
f 1550/46/402 1583/48/402 1551/48/402
f 1538/22/401 1569/19/401 1570/22/401
f 1565/76/399 1596/74/399 1597/76/399
f 1551/48/438 1584/50/438 1552/50/438
f 1538/22/437 1571/24/437 1539/24/437
f 1566/78/435 1597/76/435 1598/78/435
f 1552/50/434 1585/52/434 1553/52/434
f 1540/26/432 1571/24/432 1572/26/432
f 1567/79/431 1598/78/431 1599/79/431
f 1553/52/429 1586/54/429 1554/54/429
f 1541/28/428 1572/26/428 1573/28/428
f 1568/82/427 1599/79/427 1600/82/427
f 1554/54/426 1587/56/426 1555/56/426
f 1611/40/477 1644/42/477 1612/42/477
f 1590/62/25 1623/64/25 1591/64/25
f 1577/36/42 1610/38/42 1578/38/42
f 1591/64/23 1624/66/24 1592/66/24
f 1578/38/41 1611/40/41 1579/40/41
f 1592/66/22 1625/68/22 1593/68/22
f 1579/40/91 1612/42/40 1580/42/40
f 1593/68/21 1626/70/21 1594/70/573
f 1580/42/38 1613/44/38 1581/44/173
f 1594/70/20 1627/72/20 1595/72/20
f 1581/44/37 1614/46/37 1582/46/37
f 1595/72/19 1628/74/96 1596/74/96
f 1582/46/36 1615/48/36 1583/48/36
f 1569/19/95 1602/22/95 1570/22/95
f 1596/74/94 1629/76/94 1597/76/94
f 1583/48/35 1616/50/35 1584/50/35
f 1570/22/50 1603/24/50 1571/24/50
f 1597/76/17 1630/78/17 1598/78/17
f 1584/50/34 1617/52/34 1585/52/34
f 1571/24/48 1604/26/358 1572/26/358
f 1598/78/16 1631/79/133 1599/79/133
f 1585/52/33 1618/54/33 1586/54/33
f 1572/26/210 1605/28/47 1573/28/47
f 1599/79/588 1632/82/588 1600/82/588
f 1586/54/32 1619/56/32 1587/56/32
f 1573/28/46 1606/30/46 1574/30/46
f 1600/82/14 1601/86/14 1569/86/14
f 1587/56/31 1620/58/31 1588/58/31
f 1574/30/93 1607/32/93 1575/32/93
f 1588/58/29 1621/60/29 1589/60/29
f 1575/32/44 1608/34/44 1576/34/44
f 1589/60/520 1622/62/27 1590/62/27
f 1646/46/36 1679/48/36 1647/48/36
f 1625/68/476 1658/70/476 1626/70/476
f 1612/42/475 1645/44/475 1613/44/475
f 1626/70/474 1659/72/474 1627/72/474
f 1613/44/589 1646/46/473 1614/46/473
f 1628/74/472 1659/72/472 1660/74/472
f 1614/46/470 1647/48/470 1615/48/471
f 1601/19/468 1634/22/468 1602/22/468
f 1629/76/467 1660/74/467 1661/76/467
f 1616/50/466 1647/48/466 1648/50/466
f 1602/22/465 1635/24/465 1603/24/465
f 1630/78/464 1661/76/463 1662/78/464
f 1617/52/462 1648/50/462 1649/52/462
f 1604/26/460 1635/24/590 1636/26/460
f 1631/79/458 1662/78/458 1663/79/458
f 1617/52/457 1650/54/457 1618/54/457
f 1605/28/456 1636/26/456 1637/28/456
f 1632/82/455 1663/79/455 1664/82/455
f 1619/56/453 1650/54/453 1651/56/453
f 1605/28/452 1638/30/452 1606/30/452
f 1632/82/451 1633/86/591 1601/86/591
f 1620/58/449 1651/56/449 1652/58/449
f 1607/32/448 1638/30/448 1639/32/592
f 1621/60/446 1652/58/446 1653/60/446
f 1608/34/445 1639/32/593 1640/34/445
f 1622/62/594 1653/60/595 1654/62/444
f 1609/36/442 1640/34/442 1641/36/442
f 1623/64/439 1654/62/439 1655/64/439
f 1610/38/482 1641/36/482 1642/38/596
f 1623/64/597 1656/66/597 1624/66/597
f 1611/40/479 1642/38/479 1643/40/479
f 1624/66/478 1657/68/478 1625/68/478
f 1682/54/513 1713/52/513 1714/54/513
f 1633/19/95 1666/22/95 1634/22/95
f 1660/74/18 1693/76/359 1661/76/359
f 1647/48/35 1680/50/35 1648/50/35
f 1634/22/50 1667/24/50 1635/24/50
f 1661/76/17 1694/78/17 1662/78/17
f 1648/50/34 1681/52/34 1649/52/34
f 1635/24/358 1668/26/358 1636/26/48
f 1662/78/16 1695/79/16 1663/79/16
f 1649/52/33 1682/54/33 1650/54/33
f 1636/26/47 1669/28/47 1637/28/47
f 1663/79/15 1696/82/15 1664/82/15
f 1650/54/32 1683/56/32 1651/56/32
f 1637/28/46 1670/30/46 1638/30/46
f 1664/82/14 1665/86/14 1633/86/14
f 1651/56/30 1684/58/30 1652/58/30
f 1638/30/93 1671/32/93 1639/32/93
f 1652/58/28 1685/60/29 1653/60/29
f 1639/32/44 1672/34/44 1640/34/44
f 1653/60/27 1686/62/27 1654/62/27
f 1640/34/43 1673/36/43 1641/36/43
f 1654/62/25 1687/64/25 1655/64/25
f 1641/36/42 1674/38/42 1642/38/42
f 1655/64/24 1688/66/24 1656/66/24
f 1642/38/41 1675/40/41 1643/40/41
f 1656/66/22 1689/68/22 1657/68/22
f 1643/40/135 1676/42/91 1644/42/91
f 1657/68/21 1690/70/21 1658/70/21
f 1644/42/38 1677/44/173 1645/44/173
f 1658/70/20 1691/72/20 1659/72/20
f 1645/44/37 1678/46/37 1646/46/37
f 1659/72/19 1692/74/96 1660/74/96
f 1716/58/28 1749/60/28 1717/60/29
f 1668/26/598 1701/28/512 1669/28/512
f 1695/79/511 1728/82/511 1696/82/511
f 1682/54/510 1715/56/510 1683/56/510
f 1669/28/509 1702/30/509 1670/30/509
f 1696/82/508 1697/86/508 1665/86/508
f 1684/58/507 1715/56/507 1716/58/507
f 1671/32/599 1702/30/506 1703/32/599
f 1684/58/600 1717/60/505 1685/60/505
f 1671/32/504 1704/34/504 1672/34/504
f 1685/60/503 1718/62/601 1686/62/601
f 1672/34/502 1705/36/502 1673/36/502
f 1686/62/501 1719/64/501 1687/64/501
f 1673/36/500 1706/38/500 1674/38/500
f 1688/66/499 1719/64/499 1720/66/499
f 1674/38/498 1707/40/498 1675/40/498
f 1689/68/602 1720/66/497 1721/68/602
f 1676/42/496 1707/40/496 1708/42/496
f 1690/70/495 1721/68/495 1722/70/495
f 1677/44/494 1708/42/494 1709/44/603
f 1691/72/493 1722/70/493 1723/72/493
f 1677/44/491 1710/46/491 1678/46/491
f 1692/74/490 1723/72/490 1724/74/490
f 1678/46/489 1711/48/489 1679/48/604
f 1666/22/488 1697/19/605 1698/22/488
f 1693/76/487 1724/74/487 1725/76/487
f 1680/50/486 1711/48/486 1712/50/486
f 1666/22/485 1699/24/485 1667/24/485
f 1694/78/484 1725/76/484 1726/78/484
f 1681/52/606 1712/50/483 1713/52/606
f 1668/26/515 1699/24/515 1700/26/515
f 1695/79/514 1726/78/514 1727/79/514
f 1751/64/521 1784/66/521 1752/66/521
f 1703/32/44 1736/34/44 1704/34/174
f 1717/60/520 1750/62/27 1718/62/27
f 1704/34/43 1737/36/43 1705/36/43
f 1718/62/26 1751/64/26 1719/64/26
f 1705/36/42 1738/38/42 1706/38/42
f 1719/64/24 1752/66/24 1720/66/24
f 1706/38/41 1739/40/41 1707/40/41
f 1720/66/22 1753/68/22 1721/68/22
f 1707/40/40 1740/42/40 1708/42/40
f 1721/68/21 1754/70/21 1722/70/21
f 1708/42/39 1741/44/39 1709/44/39
f 1722/70/20 1755/72/20 1723/72/20
f 1709/44/37 1742/46/37 1710/46/37
f 1723/72/19 1756/74/19 1724/74/19
f 1710/46/36 1743/48/36 1711/48/36
f 1697/19/95 1730/22/95 1698/22/95
f 1724/74/248 1757/76/248 1725/76/248
f 1711/48/212 1744/50/212 1712/50/212
f 1698/22/50 1731/24/50 1699/24/50
f 1725/76/17 1758/78/17 1726/78/17
f 1712/50/34 1745/52/34 1713/52/34
f 1699/24/358 1732/26/358 1700/26/48
f 1726/78/16 1759/79/133 1727/79/133
f 1713/52/33 1746/54/33 1714/54/33
f 1700/26/210 1733/28/210 1701/28/210
f 1727/79/15 1760/82/15 1728/82/15
f 1714/54/32 1747/56/32 1715/56/32
f 1701/28/46 1734/30/46 1702/30/46
f 1728/82/14 1729/86/14 1697/86/14
f 1715/56/30 1748/58/30 1716/58/30
f 1702/30/45 1735/32/45 1703/32/45
f 1776/50/34 1809/52/34 1777/52/34
f 1739/40/516 1770/38/516 1771/40/516
f 1752/66/607 1785/68/607 1753/68/607
f 1739/40/608 1772/42/608 1740/42/608
f 1753/68/560 1786/70/560 1754/70/560
f 1740/42/557 1773/44/609 1741/44/609
f 1754/70/556 1787/72/556 1755/72/556
f 1741/44/553 1774/46/553 1742/46/553
f 1755/72/551 1788/74/551 1756/74/551
f 1742/46/549 1775/48/549 1743/48/550
f 1730/22/548 1761/19/548 1762/22/548
f 1756/74/547 1789/76/547 1757/76/547
f 1743/48/546 1776/50/546 1744/50/546
f 1730/22/545 1763/24/545 1731/24/545
f 1757/76/544 1790/78/544 1758/78/610
f 1744/50/543 1777/52/543 1745/52/543
f 1731/24/541 1764/26/541 1732/26/542
f 1759/79/611 1790/78/540 1791/79/611
f 1745/52/539 1778/54/539 1746/54/539
f 1733/28/537 1764/26/537 1765/28/537
f 1760/82/612 1791/79/612 1792/82/612
f 1746/54/535 1779/56/535 1747/56/535
f 1734/30/533 1765/28/533 1766/30/533
f 1729/86/531 1792/82/613 1761/86/531
f 1747/56/530 1780/58/530 1748/58/530
f 1734/30/529 1767/32/529 1735/32/529
f 1748/58/528 1781/60/528 1749/60/528
f 1736/34/527 1767/32/527 1768/34/527
f 1749/60/526 1782/62/614 1750/62/614
f 1737/36/525 1768/34/615 1769/36/525
f 1751/64/524 1782/62/616 1783/64/524
f 1738/38/617 1769/36/522 1770/38/617
f 1811/93/563 1803/94/563 1795/95/563
f 1790/78/133 1823/79/133 1791/79/133
f 1777/52/33 1810/54/33 1778/54/33
f 1791/79/15 1824/82/15 1792/82/15
f 1761/19/95 1794/22/95 1762/22/95
f 1778/54/32 1811/56/32 1779/56/32
f 1792/82/14 1793/86/14 1761/86/14
f 1762/22/50 1795/24/50 1763/24/50
f 1779/56/31 1812/58/31 1780/58/31
f 1763/24/48 1796/26/48 1764/26/358
f 1780/58/29 1813/60/28 1781/60/28
f 1767/32/44 1800/34/44 1768/34/44
f 1764/26/210 1797/28/210 1765/28/210
f 1781/60/27 1814/62/27 1782/62/27
f 1768/34/43 1801/36/43 1769/36/43
f 1765/28/46 1798/30/46 1766/30/46
f 1782/62/25 1815/64/25 1783/64/25
f 1769/36/42 1802/38/42 1770/38/42
f 1766/30/93 1799/32/93 1767/32/93
f 1783/64/24 1816/66/24 1784/66/24
f 1770/38/41 1803/40/41 1771/40/41
f 1784/66/22 1817/68/22 1785/68/22
f 1771/40/91 1804/42/91 1772/42/91
f 1785/68/21 1818/70/21 1786/70/21
f 1772/42/173 1805/44/38 1773/44/38
f 1786/70/20 1819/72/20 1787/72/20
f 1773/44/37 1806/46/37 1774/46/37
f 1787/72/96 1820/74/96 1788/74/96
f 1774/46/36 1807/48/36 1775/48/36
f 1788/74/18 1821/76/18 1789/76/248
f 1775/48/35 1808/50/35 1776/50/35
f 1789/76/17 1822/78/17 1790/78/17
f 1826/19/211 1827/18/211 1825/20/211
f 1828/22/32 1829/21/32 1827/18/32
f 1830/24/30 1831/23/30 1829/21/30
f 1832/26/29 1833/25/29 1831/23/29
f 1834/28/27 1835/27/27 1833/25/27
f 1836/30/25 1837/29/26 1835/27/26
f 1838/32/23 1839/31/24 1837/29/24
f 1840/34/22 1841/33/22 1839/31/22
f 1842/36/21 1843/35/21 1841/33/21
f 1844/38/20 1845/37/20 1843/35/20
f 1846/40/19 1847/39/19 1845/37/19
f 1848/42/94 1849/41/94 1847/39/94
f 1850/44/17 1851/43/17 1849/41/17
f 1852/46/133 1853/45/133 1851/43/133
f 1854/48/15 1855/47/15 1853/45/15
f 1856/50/14 1857/49/14 1855/47/14
f 1858/52/95 1859/51/95 1857/49/95
f 1860/54/50 1861/53/50 1859/51/50
f 1862/56/48 1863/55/358 1861/53/358
f 1864/58/47 1865/57/210 1863/55/210
f 1866/60/46 1867/59/440 1865/57/440
f 1868/62/93 1869/61/45 1867/59/45
f 1870/64/44 1871/63/44 1869/61/44
f 1872/66/43 1873/65/43 1871/63/43
f 1874/68/92 1875/67/42 1873/65/42
f 1876/70/41 1877/69/41 1875/67/41
f 1878/72/40 1879/71/40 1877/69/40
f 1880/74/38 1881/73/39 1879/71/39
f 1882/76/37 1883/75/37 1881/73/37
f 1884/78/175 1885/77/175 1883/75/175
f 1884/78/304 2303/79/304 1886/79/304
f 1886/79/35 1887/80/35 1885/77/35
f 1888/82/34 1825/81/34 1887/80/34
f 1841/33/59 1896/31/59 1839/31/59
f 1910/59/46 1941/57/46 1909/57/46
f 1859/51/67 1905/49/67 1857/49/67
f 1877/69/65 1914/67/65 1875/67/65
f 1833/25/56 1892/23/56 1831/23/56
f 1851/43/568 1901/41/568 1849/41/568
f 1867/59/61 1911/61/61 1910/59/61
f 1885/77/60 1920/80/60 1919/77/60
f 1841/33/52 1898/35/52 1897/33/52
f 1859/51/58 1907/53/58 1906/51/58
f 1879/71/57 1915/69/57 1877/69/57
f 1835/27/87 1893/25/87 1833/25/87
f 1853/45/86 1902/43/86 1851/43/86
f 1869/61/54 1912/63/54 1911/61/54
f 1825/20/83 1890/18/84 1889/20/83
f 1825/81/53 1920/80/53 1887/80/53
f 1845/37/80 1898/35/81 1843/35/81
f 1863/55/89 1907/53/89 1861/53/89
f 1879/71/88 1917/73/88 1916/71/88
f 1835/27/77 1895/29/77 1894/27/77
f 1855/47/76 1903/45/76 1853/45/76
f 1873/65/85 1912/63/85 1871/63/85
f 1829/21/73 1890/18/73 1827/18/73
f 1847/39/71 1899/37/71 1845/37/71
f 1863/55/79 1909/57/79 1908/55/79
f 1883/75/78 1917/73/78 1881/73/78
f 1837/29/68 1896/31/68 1895/29/68
f 1855/47/565 1905/49/565 1904/47/565
f 1873/65/75 1914/67/75 1913/65/75
f 1831/23/63 1891/21/63 1829/21/63
f 1849/41/62 1900/39/62 1847/39/62
f 1865/57/70 1910/59/70 1909/57/70
f 1883/75/69 1919/77/618 1918/75/69
f 1945/65/99 1976/63/99 1944/63/99
f 1897/33/22 1928/31/22 1896/31/22
f 1911/61/93 1942/59/93 1910/59/93
f 1898/35/21 1929/33/21 1897/33/21
f 1912/63/44 1943/61/44 1911/61/44
f 1899/37/20 1930/35/20 1898/35/20
f 1913/65/43 1944/63/43 1912/63/43
f 1900/39/96 1931/37/96 1899/37/96
f 1914/67/42 1945/65/42 1913/65/42
f 1901/41/94 1932/39/18 1900/39/18
f 1915/69/41 1946/67/41 1914/67/41
f 1902/43/17 1933/41/17 1901/41/17
f 1916/71/40 1947/69/91 1915/69/135
f 1903/45/133 1934/43/133 1902/43/133
f 1890/18/33 1921/20/33 1889/20/33
f 1917/73/38 1948/71/38 1916/71/39
f 1904/47/15 1935/45/15 1903/45/15
f 1891/21/32 1922/18/32 1890/18/32
f 1918/75/97 1949/73/97 1917/73/97
f 1905/49/14 1936/47/14 1904/47/14
f 1892/23/30 1923/21/30 1891/21/30
f 1919/77/175 1950/75/175 1918/75/175
f 1906/51/95 1937/49/95 1905/49/95
f 1893/25/357 1924/23/357 1892/23/357
f 1920/80/35 1951/77/35 1919/77/35
f 1907/53/50 1938/51/50 1906/51/50
f 1894/27/27 1925/25/27 1893/25/27
f 1889/81/34 1952/80/34 1920/80/34
f 1908/55/48 1939/53/48 1907/53/48
f 1895/29/25 1926/27/25 1894/27/25
f 1909/57/47 1940/55/47 1908/55/47
f 1896/31/24 1927/29/24 1895/29/24
f 1980/71/135 2011/69/91 1979/69/40
f 1931/37/122 1964/39/122 1963/37/122
f 1945/65/90 1978/67/90 1977/65/90
f 1932/39/119 1965/41/119 1964/39/119
f 1946/67/129 1979/69/129 1978/67/129
f 1933/41/116 1966/43/116 1965/41/116
f 1948/71/127 1979/69/127 1947/69/127
f 1935/45/112 1966/43/112 1934/43/112
f 1921/20/111 1954/18/111 1953/20/111
f 1949/73/125 1980/71/125 1948/71/125
f 1935/45/108 1968/47/108 1967/45/108
f 1922/18/107 1955/21/107 1954/18/107
f 1950/75/123 1981/73/123 1949/73/123
f 1936/47/105 1969/49/105 1968/47/105
f 1923/21/104 1956/23/619 1955/21/104
f 1950/75/121 1983/77/121 1982/75/121
f 1937/49/120 1970/51/120 1969/49/120
f 1925/25/102 1956/23/102 1924/23/102
f 1952/80/118 1983/77/620 1951/77/620
f 1939/53/117 1970/51/117 1938/51/117
f 1925/25/100 1958/27/100 1957/25/100
f 1921/81/621 1984/80/115 1952/80/115
f 1940/55/113 1971/53/113 1939/53/113
f 1926/27/98 1959/29/98 1958/27/98
f 1941/57/109 1972/55/109 1940/55/109
f 1928/31/130 1959/29/130 1927/29/130
f 1941/57/106 1974/59/106 1973/57/106
f 1929/33/128 1960/31/128 1928/31/128
f 1943/61/103 1974/59/103 1942/59/103
f 1929/33/126 1962/35/126 1961/33/126
f 1944/63/101 1975/61/101 1943/61/101
f 1930/35/124 1963/37/124 1962/35/124
f 1988/23/164 2019/21/164 1987/21/164
f 1967/45/133 1998/43/133 1966/43/133
f 1954/18/33 1985/20/33 1953/20/33
f 1981/73/173 2012/71/173 1980/71/173
f 1968/47/15 1999/45/15 1967/45/15
f 1955/21/32 1986/18/32 1954/18/32
f 1982/75/37 2013/73/37 1981/73/37
f 1969/49/14 2000/47/14 1968/47/14
f 1956/23/572 1987/21/572 1955/21/572
f 1983/77/36 2014/75/36 1982/75/36
f 1970/51/95 2001/49/95 1969/49/95
f 1957/25/28 1988/23/28 1956/23/28
f 1984/80/35 2015/77/35 1983/77/35
f 1971/53/50 2002/51/50 1970/51/50
f 1958/27/27 1989/25/27 1957/25/27
f 1953/81/34 2016/80/34 1984/80/34
f 1972/55/358 2003/53/358 1971/53/358
f 1959/29/26 1990/27/26 1958/27/26
f 1973/57/210 2004/55/132 1972/55/132
f 1960/31/24 1991/29/24 1959/29/24
f 1974/59/46 2005/57/46 1973/57/46
f 1961/33/22 1992/31/22 1960/31/22
f 1975/61/93 2006/59/93 1974/59/93
f 1962/35/21 1993/33/21 1961/33/21
f 1976/63/44 2007/61/44 1975/61/44
f 1963/37/20 1994/35/20 1962/35/20
f 1977/65/43 2008/63/43 1976/63/43
f 1964/39/19 1995/37/19 1963/37/19
f 1978/67/42 2009/65/42 1977/65/42
f 1965/41/18 1996/39/94 1964/39/94
f 1979/69/41 2010/67/41 1978/67/41
f 1966/43/17 1997/41/17 1965/41/17
f 2023/29/25 2054/27/25 2022/27/25
f 2014/75/144 2047/77/144 2046/75/144
f 2001/49/143 2034/51/143 2033/49/143
f 1988/23/162 2021/25/162 2020/23/162
f 2016/80/141 2047/77/141 2015/77/141
f 2003/53/140 2034/51/140 2002/51/140
f 1990/27/159 2021/25/159 1989/25/159
f 1985/81/138 2048/80/138 2016/80/138
f 2004/55/136 2035/53/136 2003/53/136
f 1991/29/157 2022/27/157 1990/27/157
f 2004/55/170 2037/57/170 2036/55/170
f 1991/29/155 2024/31/155 2023/29/622
f 2006/59/166 2037/57/166 2005/57/166
f 1992/31/152 2025/33/152 2024/31/152
f 2007/61/163 2038/59/163 2006/59/163
f 1993/33/150 2026/35/150 2025/33/150
f 2008/63/160 2039/61/160 2007/61/160
f 1994/35/623 2027/37/147 2026/35/623
f 2009/65/158 2040/63/158 2008/63/158
f 1995/37/145 2028/39/145 2027/37/145
f 2010/67/156 2041/65/156 2009/65/156
f 1996/39/142 2029/41/142 2028/39/142
f 2011/69/153 2042/67/153 2010/67/153
f 1997/41/139 2030/43/139 2029/41/139
f 2011/69/151 2044/71/151 2043/69/151
f 1999/45/131 2030/43/131 1998/43/131
f 1985/20/171 2018/18/171 2017/20/171
f 2012/71/149 2045/73/148 2044/71/149
f 2000/47/169 2031/45/169 1999/45/169
f 1986/18/167 2019/21/167 2018/18/168
f 2014/75/146 2045/73/146 2013/73/146
f 2001/49/165 2032/47/165 2000/47/165
f 2058/35/207 2089/33/207 2057/33/207
f 2037/57/210 2068/55/210 2036/55/210
f 2024/31/24 2055/29/24 2023/29/24
f 2038/59/46 2069/57/46 2037/57/46
f 2025/33/22 2056/31/22 2024/31/22
f 2039/61/93 2070/59/93 2038/59/93
f 2026/35/21 2057/33/21 2025/33/573
f 2040/63/44 2071/61/44 2039/61/44
f 2027/37/20 2058/35/20 2026/35/20
f 2041/65/43 2072/63/43 2040/63/43
f 2028/39/19 2059/37/19 2027/37/19
f 2042/67/42 2073/65/42 2041/65/92
f 2029/41/18 2060/39/18 2028/39/18
f 2043/69/41 2074/67/41 2042/67/41
f 2030/43/17 2061/41/17 2029/41/17
f 2044/71/91 2075/69/91 2043/69/91
f 2031/45/16 2062/43/16 2030/43/16
f 2018/18/33 2049/20/33 2017/20/33
f 2045/73/173 2076/71/173 2044/71/173
f 2032/47/15 2063/45/588 2031/45/588
f 2019/21/32 2050/18/32 2018/18/32
f 2046/75/37 2077/73/37 2045/73/37
f 2033/49/14 2064/47/14 2032/47/14
f 2020/23/30 2051/21/30 2019/21/30
f 2047/77/175 2078/75/175 2046/75/175
f 2034/51/95 2065/49/95 2033/49/95
f 2021/25/28 2052/23/28 2020/23/28
f 2048/80/35 2079/77/35 2047/77/35
f 2035/53/50 2066/51/50 2034/51/50
f 2022/27/27 2053/25/27 2021/25/27
f 2017/81/34 2080/80/34 2048/80/34
f 2036/55/48 2067/53/48 2035/53/48
f 2093/41/18 2124/39/18 2092/39/18
f 2071/61/183 2104/63/183 2103/61/183
f 2059/37/205 2090/35/205 2058/35/205
f 2072/63/181 2105/65/181 2104/63/181
f 2060/39/203 2091/37/203 2059/37/203
f 2073/65/179 2106/67/179 2105/65/179
f 2061/41/200 2092/39/200 2060/39/200
f 2075/69/176 2106/67/176 2074/67/176
f 2062/43/197 2093/41/197 2061/41/197
f 2076/71/208 2107/69/208 2075/69/208
f 2063/45/194 2094/43/194 2062/43/194
f 2049/20/193 2082/18/193 2081/20/193
f 2077/73/206 2108/71/206 2076/71/206
f 2064/47/190 2095/45/190 2063/45/190
f 2050/18/189 2083/21/189 2082/18/189
f 2078/75/204 2109/73/204 2077/73/204
f 2064/47/187 2097/49/187 2096/47/187
f 2051/21/186 2084/23/186 2083/21/186
f 2078/75/202 2111/77/202 2110/75/202
f 2065/49/201 2098/51/201 2097/49/201
f 2052/23/184 2085/25/184 2084/23/184
f 2080/80/199 2111/77/199 2079/77/199
f 2066/51/198 2099/53/198 2098/51/198
f 2053/25/182 2086/27/182 2085/25/182
f 2049/81/196 2112/80/196 2080/80/196
f 2068/55/195 2099/53/195 2067/53/195
f 2054/27/180 2087/29/180 2086/27/180
f 2069/57/192 2100/55/191 2068/55/191
f 2055/29/178 2088/31/178 2087/29/178
f 2070/59/188 2101/57/188 2069/57/188
f 2057/33/172 2088/31/172 2056/31/172
f 2071/61/185 2102/59/185 2070/59/185
f 2127/45/213 2160/47/213 2159/45/213
f 2107/69/41 2138/67/41 2106/67/41
f 2094/43/17 2125/41/17 2093/41/17
f 2108/71/40 2139/69/40 2107/69/40
f 2095/45/133 2126/43/133 2094/43/133
f 2082/18/33 2113/20/33 2081/20/33
f 2109/73/39 2140/71/39 2108/71/39
f 2096/47/15 2127/45/15 2095/45/15
f 2083/21/32 2114/18/32 2082/18/32
f 2110/75/37 2141/73/37 2109/73/37
f 2097/49/14 2128/47/14 2096/47/14
f 2084/23/30 2115/21/30 2083/21/30
f 2111/77/175 2142/75/175 2110/75/175
f 2098/51/51 2129/49/51 2097/49/51
f 2085/25/29 2116/23/29 2084/23/29
f 2112/80/35 2143/77/35 2111/77/35
f 2099/53/50 2130/51/50 2098/51/50
f 2086/27/27 2117/25/27 2085/25/27
f 2081/81/34 2144/80/34 2112/80/34
f 2100/55/48 2131/53/48 2099/53/48
f 2087/29/25 2118/27/25 2086/27/25
f 2101/57/210 2132/55/210 2100/55/210
f 2088/31/24 2119/29/24 2087/29/24
f 2102/59/46 2133/57/46 2101/57/46
f 2089/33/22 2120/31/22 2088/31/22
f 2103/61/93 2134/59/93 2102/59/93
f 2090/35/21 2121/33/21 2089/33/21
f 2104/63/44 2135/61/44 2103/61/44
f 2091/37/20 2122/35/20 2090/35/20
f 2105/65/43 2136/63/43 2104/63/43
f 2092/39/96 2123/37/96 2091/37/96
f 2106/67/42 2137/65/42 2105/65/42
f 2163/53/50 2194/51/50 2162/51/50
f 2114/18/209 2147/21/209 2146/18/209
f 2141/73/227 2174/75/227 2173/73/227
f 2128/47/244 2161/49/244 2160/47/244
f 2116/23/243 2147/21/243 2115/21/243
f 2142/75/225 2175/77/225 2174/75/225
f 2130/51/224 2161/49/224 2129/49/224
f 2117/25/240 2148/23/240 2116/23/240
f 2144/80/222 2175/77/222 2143/77/221
f 2131/53/220 2162/51/220 2130/51/220
f 2118/27/238 2149/25/238 2117/25/238
f 2144/80/218 2145/81/218 2176/80/218
f 2132/55/217 2163/53/575 2131/53/575
f 2119/29/236 2150/27/236 2118/27/236
f 2133/57/214 2164/55/214 2132/55/214
f 2119/29/234 2152/31/234 2151/29/234
f 2133/57/576 2166/59/624 2165/57/576
f 2120/31/232 2153/33/232 2152/31/232
f 2134/59/242 2167/61/242 2166/59/242
f 2121/33/230 2154/35/230 2153/33/230
f 2136/63/239 2167/61/239 2135/61/239
f 2122/35/228 2155/37/228 2154/35/228
f 2137/65/237 2168/63/237 2136/63/237
f 2123/37/226 2156/39/226 2155/37/226
f 2138/67/235 2169/65/235 2137/65/235
f 2124/39/223 2157/41/223 2156/39/223
f 2138/67/233 2171/69/233 2170/67/233
f 2126/43/219 2157/41/219 2125/41/219
f 2139/69/231 2172/71/231 2171/69/231
f 2126/43/216 2159/45/216 2158/43/216
f 2113/20/215 2146/18/215 2145/20/215
f 2140/71/625 2173/73/229 2172/71/625
f 2197/57/268 2230/59/268 2229/57/268
f 2150/27/27 2181/25/27 2149/25/27
f 2145/81/34 2208/80/34 2176/80/34
f 2164/55/48 2195/53/48 2163/53/48
f 2151/29/25 2182/27/26 2150/27/26
f 2165/57/210 2196/55/210 2164/55/210
f 2152/31/24 2183/29/24 2151/29/24
f 2166/59/46 2197/57/46 2165/57/46
f 2153/33/22 2184/31/22 2152/31/22
f 2167/61/45 2198/59/45 2166/59/45
f 2154/35/21 2185/33/21 2153/33/21
f 2168/63/174 2199/61/44 2167/61/44
f 2155/37/20 2186/35/20 2154/35/20
f 2169/65/43 2200/63/43 2168/63/43
f 2156/39/19 2187/37/96 2155/37/96
f 2170/67/42 2201/65/92 2169/65/92
f 2157/41/94 2188/39/18 2156/39/248
f 2171/69/41 2202/67/41 2170/67/41
f 2158/43/17 2189/41/17 2157/41/17
f 2172/71/91 2203/69/91 2171/69/626
f 2159/45/16 2190/43/133 2158/43/133
f 2146/18/627 2177/20/33 2145/20/33
f 2173/73/519 2204/71/519 2172/71/519
f 2160/47/15 2191/45/15 2159/45/15
f 2147/21/628 2178/18/32 2146/18/629
f 2174/75/37 2205/73/37 2173/73/37
f 2161/49/14 2192/47/14 2160/47/14
f 2148/23/30 2179/21/630 2147/21/630
f 2175/77/36 2206/75/36 2174/75/36
f 2162/51/95 2193/49/95 2161/49/95
f 2149/25/28 2180/23/29 2148/23/631
f 2176/80/632 2207/77/35 2175/77/35
f 2233/65/43 2264/63/43 2232/63/43
f 2185/33/256 2216/31/256 2184/31/256
f 2198/59/265 2231/61/265 2230/59/265
f 2186/35/254 2217/33/254 2185/33/254
f 2199/61/263 2232/63/263 2231/61/263
f 2187/37/284 2218/35/284 2186/35/284
f 2201/65/261 2232/63/261 2200/63/261
f 2188/39/282 2219/37/282 2187/37/282
f 2202/67/259 2233/65/259 2201/65/259
f 2189/41/279 2220/39/279 2188/39/279
f 2203/69/257 2234/67/257 2202/67/257
f 2190/43/276 2221/41/276 2189/41/276
f 2204/71/255 2235/69/255 2203/69/255
f 2190/43/273 2223/45/273 2222/43/273
f 2177/20/272 2210/18/272 2209/20/272
f 2205/73/247 2236/71/247 2204/71/247
f 2192/47/270 2223/45/270 2191/45/270
f 2179/21/269 2210/18/269 2178/18/269
f 2206/75/283 2237/73/283 2205/73/283
f 2193/49/267 2224/47/267 2192/47/267
f 2180/23/266 2211/21/266 2179/21/266
f 2206/75/281 2239/77/281 2238/75/281
f 2193/49/633 2226/51/633 2225/49/633
f 2181/25/264 2212/23/264 2180/23/264
f 2207/77/278 2240/80/278 2239/77/278
f 2194/51/277 2227/53/277 2226/51/277
f 2181/25/262 2214/27/262 2213/25/262
f 2177/81/275 2240/80/275 2208/80/275
f 2195/53/274 2228/55/274 2227/53/274
f 2182/27/260 2215/29/260 2214/27/260
f 2196/55/271 2229/57/271 2228/55/271
f 2184/31/258 2215/29/258 2183/29/258
f 2256/90/285 2264/91/285 2272/92/285
f 2220/39/19 2251/37/96 2219/37/19
f 2234/67/42 2265/65/42 2233/65/42
f 2221/41/18 2252/39/18 2220/39/18
f 2235/69/41 2266/67/41 2234/67/41
f 2222/43/17 2253/41/17 2221/41/17
f 2236/71/40 2267/69/40 2235/69/40
f 2223/45/16 2254/43/16 2222/43/16
f 2210/18/33 2241/20/33 2209/20/33
f 2237/73/38 2268/71/38 2236/71/38
f 2224/47/588 2255/45/588 2223/45/588
f 2211/21/32 2242/18/32 2210/18/32
f 2238/75/37 2269/73/37 2237/73/37
f 2225/49/14 2256/47/14 2224/47/14
f 2212/23/31 2243/21/31 2211/21/31
f 2239/77/175 2270/75/175 2238/75/175
f 2226/51/95 2257/49/95 2225/49/95
f 2213/25/28 2244/23/29 2212/23/28
f 2240/80/35 2271/77/35 2239/77/35
f 2227/53/50 2258/51/50 2226/51/50
f 2214/27/27 2245/25/27 2213/25/27
f 2209/81/34 2272/80/34 2240/80/34
f 2228/55/48 2259/53/48 2227/53/48
f 2215/29/25 2246/27/25 2214/27/25
f 2229/57/210 2260/55/132 2228/55/210
f 2216/31/24 2247/29/24 2215/29/24
f 2230/59/46 2261/57/46 2229/57/46
f 2217/33/22 2248/31/22 2216/31/22
f 2231/61/93 2262/59/93 2230/59/93
f 2218/35/21 2249/33/21 2217/33/21
f 2232/63/44 2263/61/44 2231/61/44
f 2219/37/20 2250/35/20 2218/35/20
f 2302/78/175 2335/79/175 2303/79/175
f 1842/36/294 2280/34/294 2281/36/294
f 1858/52/302 2290/54/302 1860/54/302
f 1878/72/300 2298/70/299 2299/72/299
f 1832/26/290 2277/28/290 1834/28/290
f 1852/46/289 2285/44/289 2286/46/289
f 1868/62/296 2295/64/296 1870/64/296
f 1886/79/295 2304/82/295 1888/82/295
f 1842/36/286 2282/38/286 1844/38/286
f 1860/54/293 2291/56/293 1862/56/293
f 1880/74/291 2299/72/291 2300/74/292
f 1834/28/318 2278/30/318 1836/30/318
f 1852/46/317 2287/48/317 1854/48/317
f 1872/66/288 2295/64/288 2296/66/288
f 1828/22/315 2273/19/315 2274/22/315
f 1826/86/287 2304/82/287 2273/86/287
f 1844/38/314 2283/40/314 1846/40/314
f 1862/56/49 2292/58/49 1864/58/49
f 1880/74/319 2301/76/319 1882/76/319
f 1836/30/310 2279/32/310 1838/32/310
f 1856/50/309 2287/48/309 2288/50/309
f 1874/68/316 2296/66/316 2297/68/316
f 1830/24/307 2274/22/307 2275/24/307
f 1848/42/306 2283/40/306 2284/42/306
f 1864/58/313 2293/60/313 1866/60/313
f 1882/76/312 2302/78/312 1884/78/312
f 1840/34/303 2279/32/303 2280/34/303
f 1856/50/301 2289/52/301 1858/52/634
f 1874/68/308 2298/70/308 1876/70/308
f 1832/26/298 2275/24/298 2276/26/298
f 1848/42/580 2285/44/580 1850/44/580
f 1868/62/305 2293/60/305 2294/62/305
f 2325/60/342 2356/58/342 2357/60/342
f 2289/52/95 2322/54/95 2290/54/95
f 2276/26/29 2309/28/29 2277/28/28
f 2303/79/35 2336/82/35 2304/82/35
f 2290/54/50 2323/56/50 2291/56/50
f 2277/28/27 2310/30/27 2278/30/27
f 2304/82/34 2305/86/34 2273/86/34
f 2292/58/48 2323/56/48 2324/58/48
f 2278/30/26 2311/32/26 2279/32/26
f 2293/60/210 2324/58/210 2325/60/210
f 2279/32/24 2312/34/24 2280/34/24
f 2293/60/46 2326/62/46 2294/62/46
f 2280/34/22 2313/36/22 2281/36/22
f 2294/62/93 2327/64/93 2295/64/93
f 2281/36/21 2314/38/21 2282/38/21
f 2295/64/44 2328/66/44 2296/66/44
f 2283/40/20 2314/38/20 2315/40/20
f 2296/66/43 2329/68/43 2297/68/43
f 2284/42/19 2315/40/19 2316/42/96
f 2297/68/42 2330/70/42 2298/70/42
f 2284/42/18 2317/44/18 2285/44/359
f 2298/70/41 2331/72/41 2299/72/41
f 2285/44/17 2318/46/17 2286/46/17
f 2299/72/91 2332/74/91 2300/74/91
f 2286/46/133 2319/48/133 2287/48/133
f 2273/19/33 2306/22/33 2274/22/33
f 2300/74/173 2333/76/173 2301/76/173
f 2288/50/15 2319/48/15 2320/50/15
f 2274/22/32 2307/24/32 2275/24/32
f 2301/76/37 2334/78/37 2302/78/37
f 2288/50/14 2321/52/14 2289/52/14
f 2275/24/30 2308/26/30 2276/26/30
f 2359/64/44 2392/66/44 2360/66/44
f 2311/32/328 2344/34/328 2312/34/328
f 2325/60/339 2358/62/339 2326/62/339
f 2312/34/325 2345/36/325 2313/36/325
f 2326/62/336 2359/64/336 2327/64/336
f 2314/38/323 2345/36/323 2346/38/323
f 2327/64/334 2360/66/334 2328/66/334
f 2315/40/321 2346/38/321 2347/40/321
f 2328/66/332 2361/68/332 2329/68/332
f 2316/42/355 2347/40/355 2348/42/355
f 2330/70/329 2361/68/329 2362/70/329
f 2317/44/352 2348/42/352 2349/44/352
f 2331/72/326 2362/70/326 2363/72/326
f 2318/46/349 2349/44/349 2350/46/349
f 2331/72/324 2364/74/324 2332/74/324
f 2319/48/345 2350/46/345 2351/48/344
f 2305/19/343 2338/22/343 2306/22/343
f 2332/74/322 2365/76/322 2333/76/322
f 2320/50/341 2351/48/341 2352/50/341
f 2306/22/340 2339/24/340 2307/24/340
f 2333/76/320 2366/78/320 2334/78/320
f 2321/52/338 2352/50/635 2353/52/338
f 2307/24/337 2340/26/337 2308/26/337
f 2335/79/354 2366/78/354 2367/79/354
f 2322/54/353 2353/52/353 2354/54/353
f 2309/28/335 2340/26/335 2341/28/335
f 2336/82/351 2367/79/351 2368/82/351
f 2323/56/350 2354/54/350 2355/56/350
f 2309/28/333 2342/30/333 2310/30/333
f 2336/82/348 2337/86/348 2305/86/348
f 2323/56/347 2356/58/346 2324/58/346
f 2310/30/331 2343/32/331 2311/32/331
f 2395/72/390 2426/70/390 2427/72/583
f 2346/38/20 2379/40/20 2347/40/20
f 2360/66/43 2393/68/43 2361/68/43
f 2347/40/19 2380/42/19 2348/42/19
f 2361/68/42 2394/70/42 2362/70/42
f 2348/42/359 2381/44/94 2349/44/359
f 2363/72/41 2394/70/41 2395/72/41
f 2349/44/441 2382/46/441 2350/46/441
f 2364/74/40 2395/72/40 2396/74/40
f 2350/46/16 2383/48/16 2351/48/16
f 2338/22/33 2369/19/33 2370/22/33
f 2365/76/38 2396/74/39 2397/76/39
f 2351/48/15 2384/50/15 2352/50/15
f 2339/24/32 2370/22/32 2371/24/32
f 2366/78/37 2397/76/37 2398/78/37
f 2352/50/14 2385/52/14 2353/52/14
f 2339/24/30 2372/26/30 2340/26/31
f 2366/78/175 2399/79/175 2367/79/175
f 2353/52/95 2386/54/95 2354/54/95
f 2341/28/29 2372/26/29 2373/28/357
f 2367/79/35 2400/82/35 2368/82/35
f 2354/54/50 2387/56/50 2355/56/50
f 2341/28/27 2374/30/27 2342/30/27
f 2368/82/34 2369/86/34 2337/86/34
f 2355/56/48 2388/58/48 2356/58/48
f 2342/30/26 2375/32/26 2343/32/26
f 2356/58/47 2389/60/47 2357/60/47
f 2343/32/24 2376/34/24 2344/34/24
f 2357/60/46 2390/62/46 2358/62/440
f 2344/34/22 2377/36/22 2345/36/22
f 2358/62/93 2391/64/93 2359/64/93
f 2345/36/21 2378/38/21 2346/38/21
f 2402/22/32 2435/24/32 2403/24/32
f 2382/46/373 2413/44/373 2414/46/373
f 2396/74/388 2427/72/388 2428/74/388
f 2382/46/369 2415/48/369 2383/48/369
f 2369/19/636 2402/22/636 2370/22/368
f 2396/74/385 2429/76/385 2397/76/385
f 2384/50/366 2415/48/366 2416/50/366
f 2371/24/365 2402/22/365 2403/24/365
f 2398/78/383 2429/76/383 2430/78/383
f 2385/52/363 2416/50/363 2417/52/363
f 2372/26/362 2403/24/362 2404/26/362
f 2399/79/380 2430/78/380 2431/79/380
f 2386/54/378 2417/52/378 2418/54/378
f 2373/28/360 2404/26/360 2405/28/360
f 2400/82/376 2431/79/376 2432/82/376
f 2386/54/374 2419/56/374 2387/56/374
f 2374/30/398 2405/28/398 2406/30/398
f 2369/86/637 2432/82/372 2401/86/637
f 2387/56/371 2420/58/371 2388/58/371
f 2374/30/395 2407/32/395 2375/32/395
f 2388/58/367 2421/60/367 2389/60/367
f 2375/32/391 2408/34/391 2376/34/391
f 2389/60/364 2422/62/364 2390/62/364
f 2377/36/389 2408/34/389 2409/36/584
f 2390/62/361 2423/64/361 2391/64/361
f 2377/36/386 2410/38/386 2378/38/387
f 2391/64/638 2424/66/639 2392/66/639
f 2378/38/384 2411/40/384 2379/40/581
f 2393/68/396 2424/66/397 2425/68/396
f 2379/40/382 2412/42/382 2380/42/382
f 2393/68/393 2426/70/393 2394/70/393
f 2381/44/377 2412/42/377 2413/44/640
f 2437/28/416 2470/30/416 2438/30/417
f 2429/76/97 2462/78/37 2430/78/37
f 2416/50/14 2449/52/14 2417/52/14
f 2403/24/31 2436/26/30 2404/26/30
f 2430/78/36 2463/79/36 2431/79/36
f 2417/52/51 2450/54/51 2418/54/51
f 2404/26/29 2437/28/29 2405/28/29
f 2431/79/35 2464/82/35 2432/82/35
f 2418/54/50 2451/56/50 2419/56/50
f 2405/28/27 2438/30/27 2406/30/27
f 2432/82/34 2433/86/34 2401/86/34
f 2419/56/48 2452/58/48 2420/58/48
f 2406/30/25 2439/32/25 2407/32/25
f 2420/58/210 2453/60/210 2421/60/132
f 2407/32/24 2440/34/24 2408/34/24
f 2421/60/46 2454/62/46 2422/62/46
f 2408/34/22 2441/36/22 2409/36/22
f 2422/62/93 2455/64/93 2423/64/93
f 2409/36/21 2442/38/21 2410/38/21
f 2423/64/44 2456/66/44 2424/66/44
f 2410/38/20 2443/40/20 2411/40/20
f 2424/66/43 2457/68/43 2425/68/43
f 2411/40/96 2444/42/400 2412/42/400
f 2425/68/42 2458/70/42 2426/70/42
f 2412/42/18 2445/44/18 2413/44/18
f 2426/70/41 2459/72/41 2427/72/41
f 2413/44/17 2446/46/17 2414/46/17
f 2427/72/91 2460/74/40 2428/74/40
f 2414/46/133 2447/48/133 2415/48/133
f 2401/19/33 2434/22/33 2402/22/33
f 2428/74/39 2461/76/39 2429/76/39
f 2415/48/15 2448/50/15 2416/50/15
f 2472/34/22 2505/36/22 2473/36/22
f 2464/82/434 2465/86/433 2433/86/433
f 2451/56/641 2484/58/641 2452/58/641
f 2439/32/414 2470/30/414 2471/32/414
f 2453/60/428 2484/58/428 2485/60/428
f 2439/32/412 2472/34/412 2440/34/412
f 2453/60/425 2486/62/425 2454/62/425
f 2440/34/409 2473/36/409 2441/36/409
f 2455/64/642 2486/62/422 2487/64/642
f 2441/36/407 2474/38/407 2442/38/407
f 2456/66/418 2487/64/419 2488/66/418
f 2442/38/405 2475/40/405 2443/40/405
f 2457/68/415 2488/66/415 2489/68/415
f 2444/42/403 2475/40/403 2476/42/403
f 2458/70/413 2489/68/413 2490/70/413
f 2445/44/399 2476/42/399 2477/44/399
f 2459/72/410 2490/70/410 2491/72/410
f 2445/44/435 2478/46/435 2446/46/435
f 2459/72/408 2492/74/408 2460/74/408
f 2446/46/431 2479/48/431 2447/48/431
f 2434/22/643 2465/19/643 2466/22/643
f 2461/76/406 2492/74/406 2493/76/406
f 2447/48/644 2480/50/427 2448/50/427
f 2434/22/426 2467/24/426 2435/24/426
f 2462/78/404 2493/76/404 2494/78/404
f 2448/50/424 2481/52/424 2449/52/424
f 2436/26/423 2467/24/423 2468/26/423
f 2463/79/402 2494/78/402 2495/79/402
f 2449/52/401 2482/54/401 2450/54/401
f 2437/28/420 2468/26/420 2469/28/420
f 2464/82/438 2495/79/438 2496/82/438
f 2450/54/437 2483/56/437 2451/56/437
f 2507/40/472 2540/42/472 2508/42/472
f 2486/62/93 2519/64/93 2487/64/93
f 2473/36/21 2506/38/21 2474/38/21
f 2487/64/44 2520/66/44 2488/66/44
f 2474/38/20 2507/40/20 2475/40/20
f 2488/66/43 2521/68/43 2489/68/43
f 2475/40/19 2508/42/19 2476/42/96
f 2489/68/42 2522/70/42 2490/70/42
f 2476/42/94 2509/44/94 2477/44/94
f 2490/70/41 2523/72/41 2491/72/41
f 2477/44/17 2510/46/17 2478/46/17
f 2491/72/40 2524/74/40 2492/74/40
f 2478/46/133 2511/48/16 2479/48/16
f 2465/19/33 2498/22/33 2466/22/33
f 2492/74/39 2525/76/39 2493/76/39
f 2479/48/15 2512/50/15 2480/50/15
f 2466/22/32 2499/24/32 2467/24/32
f 2493/76/37 2526/78/37 2494/78/37
f 2480/50/14 2513/52/14 2481/52/14
f 2467/24/30 2500/26/30 2468/26/30
f 2494/78/175 2527/79/175 2495/79/175
f 2481/52/95 2514/54/95 2482/54/95
f 2468/26/357 2501/28/357 2469/28/29
f 2495/79/212 2528/82/212 2496/82/212
f 2482/54/50 2515/56/50 2483/56/50
f 2469/28/27 2502/30/27 2470/30/27
f 2496/82/34 2497/86/34 2465/86/34
f 2483/56/358 2516/58/358 2484/58/48
f 2470/30/25 2503/32/25 2471/32/26
f 2484/58/210 2517/60/210 2485/60/210
f 2471/32/24 2504/34/24 2472/34/24
f 2485/60/46 2518/62/46 2486/62/46
f 2542/46/133 2575/48/16 2543/48/16
f 2521/68/482 2554/70/482 2522/70/482
f 2508/42/467 2541/44/467 2509/44/467
f 2522/70/479 2555/72/479 2523/72/479
f 2509/44/463 2542/46/463 2510/46/463
f 2524/74/477 2555/72/477 2556/74/477
f 2510/46/458 2543/48/458 2511/48/458
f 2497/19/457 2530/22/457 2498/22/457
f 2525/76/475 2556/74/475 2557/76/475
f 2512/50/455 2543/48/455 2544/50/455
f 2498/22/453 2531/24/453 2499/24/453
f 2526/78/473 2557/76/473 2558/78/473
f 2513/52/591 2544/50/591 2545/52/591
f 2500/26/449 2531/24/449 2532/26/449
f 2527/79/471 2558/78/471 2559/79/471
f 2513/52/468 2546/54/468 2514/54/468
f 2501/28/447 2532/26/447 2533/28/447
f 2528/82/466 2559/79/466 2560/82/466
f 2515/56/465 2546/54/465 2547/56/465
f 2501/28/594 2534/30/595 2502/30/595
f 2528/82/462 2529/86/462 2497/86/462
f 2516/58/460 2547/56/590 2548/58/460
f 2503/32/439 2534/30/439 2535/32/439
f 2517/60/456 2548/58/456 2549/60/456
f 2504/34/597 2535/32/597 2536/34/597
f 2518/62/452 2549/60/452 2550/62/452
f 2505/36/478 2536/34/478 2537/36/478
f 2519/64/448 2550/62/592 2551/64/448
f 2506/38/476 2537/36/476 2538/38/476
f 2519/64/445 2552/66/445 2520/66/445
f 2507/40/474 2538/38/474 2539/40/474
f 2520/66/442 2553/68/443 2521/68/443
f 2578/54/488 2609/52/488 2610/54/488
f 2529/19/33 2562/22/33 2530/22/33
f 2556/74/38 2589/76/38 2557/76/39
f 2543/48/15 2576/50/15 2544/50/15
f 2530/22/32 2563/24/32 2531/24/32
f 2557/76/37 2590/78/37 2558/78/37
f 2544/50/14 2577/52/14 2545/52/14
f 2531/24/30 2564/26/31 2532/26/31
f 2558/78/36 2591/79/36 2559/79/36
f 2545/52/95 2578/54/95 2546/54/95
f 2532/26/29 2565/28/29 2533/28/357
f 2559/79/35 2592/82/35 2560/82/35
f 2546/54/50 2579/56/50 2547/56/50
f 2533/28/27 2566/30/27 2534/30/27
f 2560/82/34 2561/86/34 2529/86/34
f 2547/56/358 2580/58/48 2548/58/48
f 2534/30/25 2567/32/25 2535/32/25
f 2548/58/132 2581/60/132 2549/60/132
f 2535/32/24 2568/34/24 2536/34/24
f 2549/60/46 2582/62/46 2550/62/46
f 2536/34/22 2569/36/22 2537/36/22
f 2550/62/93 2583/64/93 2551/64/93
f 2537/36/21 2570/38/21 2538/38/21
f 2551/64/44 2584/66/44 2552/66/44
f 2538/38/20 2571/40/20 2539/40/20
f 2552/66/43 2585/68/43 2553/68/43
f 2539/40/96 2572/42/400 2540/42/400
f 2553/68/42 2586/70/42 2554/70/42
f 2540/42/18 2573/44/94 2541/44/94
f 2554/70/41 2587/72/41 2555/72/41
f 2541/44/17 2574/46/17 2542/46/17
f 2555/72/40 2588/74/40 2556/74/40
f 2612/58/132 2645/60/132 2613/60/210
f 2564/26/505 2597/28/505 2565/28/505
f 2591/79/486 2624/82/486 2592/82/486
f 2578/54/485 2611/56/485 2579/56/485
f 2565/28/503 2598/30/503 2566/30/503
f 2592/82/483 2593/86/483 2561/86/483
f 2580/58/515 2611/56/515 2612/58/515
f 2567/32/501 2598/30/501 2599/32/501
f 2580/58/598 2613/60/598 2581/60/512
f 2567/32/499 2600/34/499 2568/34/499
f 2581/60/509 2614/62/509 2582/62/509
f 2568/34/497 2601/36/497 2569/36/497
f 2582/62/506 2615/64/506 2583/64/506
f 2569/36/495 2602/38/495 2570/38/495
f 2584/66/504 2615/64/504 2616/66/504
f 2570/38/493 2603/40/492 2571/40/492
f 2585/68/645 2616/66/645 2617/68/645
f 2572/42/490 2603/40/490 2604/42/490
f 2586/70/500 2617/68/500 2618/70/500
f 2573/44/487 2604/42/487 2605/44/487
f 2587/72/498 2618/70/498 2619/72/498
f 2573/44/484 2606/46/484 2574/46/484
f 2588/74/496 2619/72/496 2620/74/496
f 2574/46/514 2607/48/514 2575/48/514
f 2562/22/513 2593/19/513 2594/22/513
f 2589/76/494 2620/74/494 2621/76/494
f 2576/50/511 2607/48/511 2608/50/511
f 2562/22/510 2595/24/510 2563/24/510
f 2590/78/491 2621/76/491 2622/78/491
f 2577/52/508 2608/50/508 2609/52/646
f 2564/26/507 2595/24/507 2596/26/507
f 2591/79/604 2622/78/489 2623/79/604
f 2647/64/527 2680/66/527 2648/66/527
f 2599/32/24 2632/34/23 2600/34/23
f 2613/60/46 2646/62/46 2614/62/46
f 2600/34/22 2633/36/22 2601/36/22
f 2614/62/45 2647/64/45 2615/64/45
f 2601/36/21 2634/38/21 2602/38/21
f 2615/64/174 2648/66/44 2616/66/44
f 2602/38/20 2635/40/20 2603/40/20
f 2616/66/43 2649/68/43 2617/68/43
f 2603/40/19 2636/42/19 2604/42/19
f 2617/68/42 2650/70/42 2618/70/42
f 2604/42/359 2637/44/359 2605/44/359
f 2618/70/41 2651/72/41 2619/72/41
f 2605/44/17 2638/46/17 2606/46/17
f 2619/72/91 2652/74/91 2620/74/91
f 2606/46/16 2639/48/16 2607/48/16
f 2593/19/33 2626/22/33 2594/22/33
f 2620/74/173 2653/76/173 2621/76/173
f 2607/48/588 2640/50/588 2608/50/588
f 2594/22/32 2627/24/32 2595/24/32
f 2621/76/37 2654/78/37 2622/78/37
f 2608/50/14 2641/52/14 2609/52/14
f 2595/24/31 2628/26/31 2596/26/31
f 2622/78/36 2655/79/36 2623/79/36
f 2609/52/95 2642/54/95 2610/54/95
f 2596/26/28 2629/28/28 2597/28/28
f 2623/79/35 2656/82/35 2624/82/35
f 2610/54/50 2643/56/50 2611/56/50
f 2597/28/27 2630/30/27 2598/30/27
f 2624/82/34 2625/86/34 2593/86/34
f 2611/56/48 2644/58/48 2612/58/48
f 2598/30/26 2631/32/26 2599/32/26
f 2672/50/14 2705/52/14 2673/52/14
f 2635/40/555 2666/38/555 2667/40/555
f 2648/66/525 2681/68/525 2649/68/525
f 2635/40/552 2668/42/552 2636/42/552
f 2649/68/523 2682/70/522 2650/70/617
f 2636/42/547 2669/44/547 2637/44/647
f 2650/70/516 2683/72/516 2651/72/517
f 2637/44/544 2670/46/544 2638/46/544
f 2651/72/561 2684/74/561 2652/74/561
f 2638/46/540 2671/48/540 2639/48/540
f 2626/22/539 2657/19/539 2658/22/539
f 2652/74/557 2685/76/609 2653/76/609
f 2639/48/536 2672/50/536 2640/50/536
f 2626/22/535 2659/24/535 2627/24/535
f 2653/76/553 2686/78/553 2654/78/553
f 2640/50/532 2673/52/532 2641/52/532
f 2627/24/530 2660/26/530 2628/26/530
f 2655/79/550 2686/78/549 2687/79/550
f 2641/52/548 2674/54/548 2642/54/548
f 2629/28/648 2660/26/528 2661/28/648
f 2656/82/546 2687/79/546 2688/82/546
f 2642/54/545 2675/56/545 2643/56/545
f 2630/30/526 2661/28/614 2662/30/526
f 2625/86/543 2688/82/543 2657/86/543
f 2643/56/542 2676/58/541 2644/58/541
f 2630/30/524 2663/32/524 2631/32/524
f 2644/58/537 2677/60/537 2645/60/537
f 2632/34/521 2663/32/521 2664/34/521
f 2645/60/649 2678/62/533 2646/62/533
f 2633/36/607 2664/34/562 2665/36/607
f 2647/64/529 2678/62/529 2679/64/529
f 2634/38/559 2665/36/560 2666/38/559
f 2707/93/563 2699/94/563 2691/95/563
f 2686/78/175 2719/79/175 2687/79/175
f 2673/52/95 2706/54/95 2674/54/95
f 2687/79/35 2720/82/35 2688/82/35
f 2657/19/33 2690/22/33 2658/22/33
f 2674/54/50 2707/56/50 2675/56/50
f 2688/82/34 2689/86/34 2657/86/34
f 2658/22/32 2691/24/32 2659/24/32
f 2675/56/358 2708/58/358 2676/58/358
f 2659/24/30 2692/26/30 2660/26/31
f 2676/58/210 2709/60/210 2677/60/132
f 2663/32/24 2696/34/24 2664/34/24
f 2660/26/29 2693/28/29 2661/28/29
f 2677/60/46 2710/62/46 2678/62/46
f 2664/34/22 2697/36/22 2665/36/22
f 2661/28/27 2694/30/27 2662/30/27
f 2678/62/93 2711/64/93 2679/64/93
f 2665/36/21 2698/38/21 2666/38/21
f 2662/30/25 2695/32/25 2663/32/25
f 2679/64/44 2712/66/44 2680/66/44
f 2666/38/20 2699/40/20 2667/40/20
f 2680/66/43 2713/68/43 2681/68/43
f 2667/40/96 2700/42/96 2668/42/19
f 2681/68/42 2714/70/42 2682/70/42
f 2668/42/18 2701/44/18 2669/44/18
f 2682/70/41 2715/72/41 2683/72/41
f 2669/44/17 2702/46/17 2670/46/17
f 2683/72/91 2716/74/91 2684/74/135
f 2670/46/133 2703/48/133 2671/48/133
f 2684/74/173 2717/76/173 2685/76/173
f 2671/48/15 2704/50/15 2672/50/15
f 2685/76/37 2718/78/37 2686/78/37
f 2723/18/34 2722/19/34 2721/20/34
f 2725/21/35 2724/22/35 2723/18/35
f 2727/23/175 2726/24/175 2725/21/175
f 2729/25/37 2728/26/37 2727/23/37
f 2731/27/173 2730/28/173 2729/25/173
f 2733/29/40 2732/30/40 2731/27/40
f 2735/31/41 2734/32/41 2733/29/41
f 2737/33/42 2736/34/42 2735/31/42
f 2739/35/43 2738/36/43 2737/33/43
f 2741/37/174 2740/38/174 2739/35/174
f 2743/39/93 2742/40/93 2741/37/93
f 2745/41/46 2744/42/46 2743/39/46
f 2747/43/210 2746/44/210 2745/41/210
f 2749/45/358 2748/46/358 2747/43/358
f 2751/47/50 2750/48/50 2749/45/50
f 2753/49/95 2752/50/95 2751/47/95
f 2755/51/14 2754/52/14 2753/49/14
f 2757/53/15 2756/54/15 2755/51/15
f 2759/55/133 2758/56/133 2757/53/133
f 2761/57/17 2760/58/17 2759/55/17
f 2763/59/359 2762/60/359 2761/57/359
f 2765/61/96 2764/62/19 2763/59/96
f 2767/63/20 2766/64/20 2765/61/20
f 2769/65/21 2768/66/21 2767/63/21
f 2771/67/22 2770/68/22 2769/65/22
f 2773/69/24 2772/70/24 2771/67/24
f 2775/71/26 2774/72/26 2773/69/26
f 2777/73/27 2776/74/27 2775/71/27
f 2779/75/357 2778/76/357 2777/73/357
f 2781/77/30 2780/78/30 2779/75/30
f 3199/79/298 2780/78/298 2782/79/298
f 2783/80/32 2782/79/32 2781/77/32
f 2721/81/211 2784/82/211 2783/80/211
f 2792/31/74 2737/33/75 2735/31/74
f 2837/57/574 2806/59/574 2805/57/359
f 2801/49/565 2755/51/66 2753/49/565
f 2810/67/68 2773/69/68 2771/67/68
f 2788/23/78 2729/25/78 2727/23/78
f 2797/41/79 2747/43/79 2745/41/79
f 2763/59/71 2807/61/71 2765/61/71
f 2781/77/73 2816/80/73 2783/80/73
f 2737/33/85 2794/35/85 2739/35/85
f 2755/51/76 2803/53/76 2757/53/76
f 2811/69/77 2775/71/77 2773/69/77
f 2789/25/88 2731/27/88 2729/25/88
f 2798/43/89 2749/45/89 2747/43/89
f 2765/61/80 2808/63/80 2767/63/80
f 2721/20/53 2786/18/53 2723/18/53
f 2816/80/84 2721/81/83 2783/80/84
f 2794/35/54 2741/37/54 2739/35/54
f 2803/53/86 2759/55/86 2757/53/86
f 2775/71/87 2813/73/87 2777/73/87
f 2731/27/57 2791/29/57 2733/29/57
f 2799/45/58 2751/47/58 2749/45/58
f 2808/63/52 2769/65/52 2767/63/52
f 2786/18/60 2725/21/60 2723/18/60
f 2795/37/61 2743/39/61 2741/37/61
f 2759/55/568 2805/57/55 2761/57/55
f 2777/73/56 2814/75/56 2779/75/56
f 2733/29/65 2792/31/65 2735/31/65
f 2800/47/67 2753/49/67 2751/47/67
f 2769/65/566 2810/67/566 2771/67/566
f 2787/21/69 2727/23/618 2725/21/69
f 2796/39/70 2745/41/70 2743/39/70
f 2761/57/62 2806/59/62 2763/59/62
f 2779/75/63 2815/77/63 2781/77/63
f 2872/63/126 2841/65/126 2840/63/126
f 2824/31/42 2793/33/42 2792/31/42
f 2838/59/19 2807/61/19 2806/59/96
f 2825/33/43 2794/35/43 2793/33/43
f 2839/61/20 2808/63/20 2807/61/20
f 2826/35/44 2795/37/44 2794/35/44
f 2840/63/573 2809/65/573 2808/63/573
f 2827/37/45 2796/39/45 2795/37/93
f 2841/65/22 2810/67/22 2809/65/22
f 2828/39/46 2797/41/46 2796/39/46
f 2842/67/24 2811/69/24 2810/67/24
f 2829/41/47 2798/43/47 2797/41/47
f 2843/69/25 2812/71/25 2811/69/25
f 2830/43/358 2799/45/358 2798/43/48
f 2817/20/34 2786/18/34 2785/20/34
f 2844/71/27 2813/73/27 2812/71/27
f 2831/45/50 2800/47/50 2799/45/50
f 2818/18/35 2787/21/35 2786/18/35
f 2845/73/29 2814/75/357 2813/73/29
f 2832/47/95 2801/49/95 2800/47/95
f 2819/21/175 2788/23/175 2787/21/175
f 2846/75/30 2815/77/30 2814/75/30
f 2833/49/14 2802/51/14 2801/49/14
f 2820/23/37 2789/25/37 2788/23/37
f 2847/77/32 2816/80/32 2815/77/32
f 2834/51/15 2803/53/15 2802/51/15
f 2821/25/173 2790/27/173 2789/25/173
f 2848/80/33 2785/81/33 2816/80/33
f 2835/53/133 2804/55/133 2803/53/133
f 2822/27/40 2791/29/40 2790/27/40
f 2836/55/441 2805/57/441 2804/55/441
f 2823/29/41 2792/31/41 2791/29/41
f 2907/69/25 2876/71/25 2875/69/25
f 2827/37/103 2860/39/103 2828/39/103
f 2841/65/128 2874/67/128 2842/67/128
f 2828/39/106 2861/41/106 2829/41/106
f 2842/67/130 2875/69/130 2843/69/130
f 2829/41/109 2862/43/109 2830/43/109
f 2875/69/98 2844/71/98 2843/69/98
f 2830/43/113 2863/45/113 2831/45/113
f 2817/20/650 2850/18/115 2818/18/115
f 2876/71/100 2845/73/100 2844/71/100
f 2831/45/117 2864/47/117 2832/47/117
f 2850/18/118 2819/21/118 2818/18/118
f 2877/73/102 2846/75/102 2845/73/102
f 2832/47/120 2865/49/120 2833/49/120
f 2851/21/121 2820/23/121 2819/21/121
f 2846/75/619 2879/77/104 2847/77/104
f 2833/49/105 2866/51/105 2834/51/105
f 2852/23/123 2821/25/123 2820/23/123
f 2879/77/107 2848/80/107 2847/77/107
f 2866/51/108 2835/53/108 2834/51/108
f 2821/25/125 2854/27/125 2822/27/125
f 2880/80/111 2817/81/111 2848/80/111
f 2867/53/112 2836/55/112 2835/53/112
f 2822/27/127 2855/29/127 2823/29/127
f 2868/55/116 2837/57/116 2836/55/116
f 2855/29/129 2824/31/129 2823/29/129
f 2837/57/119 2870/59/119 2838/59/119
f 2856/31/90 2825/33/90 2824/31/90
f 2838/59/122 2871/61/122 2839/61/122
f 2825/33/99 2858/35/99 2826/35/99
f 2871/61/124 2840/63/124 2839/61/124
f 2826/35/101 2859/37/101 2827/37/101
f 2915/21/144 2884/23/144 2883/21/144
f 2894/43/48 2863/45/48 2862/43/48
f 2881/20/34 2850/18/34 2849/20/34
f 2908/71/27 2877/73/27 2876/71/27
f 2895/45/50 2864/47/50 2863/45/50
f 2882/18/35 2851/21/35 2850/18/35
f 2909/73/28 2878/75/28 2877/73/28
f 2896/47/95 2865/49/95 2864/47/95
f 2883/21/36 2852/23/36 2851/21/36
f 2910/75/572 2879/77/572 2878/75/572
f 2897/49/14 2866/51/14 2865/49/14
f 2884/23/37 2853/25/37 2852/23/37
f 2911/77/32 2880/80/32 2879/77/32
f 2898/51/15 2867/53/15 2866/51/15
f 2885/25/173 2854/27/173 2853/25/38
f 2912/80/33 2849/81/33 2880/80/33
f 2899/53/133 2868/55/133 2867/53/133
f 2886/27/91 2855/29/91 2854/27/40
f 2900/55/17 2869/57/17 2868/55/17
f 2887/29/41 2856/31/41 2855/29/41
f 2901/57/94 2870/59/94 2869/57/359
f 2888/31/42 2857/33/42 2856/31/42
f 2902/59/96 2871/61/400 2870/59/96
f 2889/33/43 2858/35/43 2857/33/43
f 2903/61/20 2872/63/20 2871/61/20
f 2890/35/44 2859/37/44 2858/35/44
f 2904/63/21 2873/65/21 2872/63/21
f 2891/37/93 2860/39/93 2859/37/93
f 2905/65/22 2874/67/22 2873/65/22
f 2892/39/46 2861/41/46 2860/39/46
f 2906/67/24 2875/69/24 2874/67/24
f 2893/41/47 2862/43/47 2861/41/47
f 2950/27/91 2919/29/91 2918/27/135
f 2910/75/164 2943/77/164 2911/77/164
f 2897/49/165 2930/51/165 2898/51/165
f 2884/23/146 2917/25/146 2885/25/146
f 2943/77/167 2912/80/167 2911/77/167
f 2898/51/169 2931/53/169 2899/53/169
f 2917/25/148 2886/27/651 2885/25/148
f 2944/80/171 2881/81/171 2912/80/171
f 2899/53/131 2932/55/131 2900/55/131
f 2918/27/151 2887/29/151 2886/27/151
f 2900/55/139 2933/57/139 2901/57/139
f 2887/29/153 2920/31/153 2888/31/153
f 2933/57/142 2902/59/142 2901/57/142
f 2888/31/156 2921/33/156 2889/33/156
f 2934/59/145 2903/61/145 2902/59/145
f 2889/33/158 2922/35/158 2890/35/158
f 2935/61/623 2904/63/147 2903/61/623
f 2890/35/160 2923/37/160 2891/37/160
f 2936/63/150 2905/65/150 2904/63/150
f 2891/37/163 2924/39/163 2892/39/163
f 2937/65/152 2906/67/152 2905/65/152
f 2892/39/166 2925/41/166 2893/41/166
f 2938/67/155 2907/69/155 2906/67/155
f 2893/41/170 2926/43/170 2894/43/170
f 2907/69/157 2940/71/157 2908/71/157
f 2926/43/137 2895/45/137 2894/43/137
f 2881/20/138 2914/18/138 2882/18/138
f 2908/71/159 2941/73/159 2909/73/159
f 2927/45/140 2896/47/140 2895/45/140
f 2914/18/652 2883/21/652 2882/18/141
f 2941/73/162 2910/75/162 2909/73/162
f 2928/47/143 2897/49/143 2896/47/143
f 2985/33/181 2954/35/181 2953/33/181
f 2964/55/17 2933/57/17 2932/55/17
f 2951/29/41 2920/31/41 2919/29/41
f 2965/57/18 2934/59/94 2933/57/18
f 2952/31/42 2921/33/42 2920/31/42
f 2966/59/19 2935/61/19 2934/59/19
f 2953/33/43 2922/35/43 2921/33/43
f 2967/61/20 2936/63/20 2935/61/20
f 2954/35/44 2923/37/44 2922/35/44
f 2968/63/21 2937/65/21 2936/63/21
f 2955/37/93 2924/39/93 2923/37/93
f 2969/65/22 2938/67/22 2937/65/22
f 2956/39/46 2925/41/46 2924/39/46
f 2970/67/23 2939/69/24 2938/67/23
f 2957/41/210 2926/43/210 2925/41/132
f 2971/69/25 2940/71/25 2939/69/25
f 2958/43/48 2927/45/48 2926/43/48
f 2945/20/34 2914/18/34 2913/20/34
f 2972/71/27 2941/73/27 2940/71/27
f 2959/45/50 2928/47/50 2927/45/50
f 2946/18/35 2915/21/35 2914/18/35
f 2973/73/28 2942/75/28 2941/73/28
f 2960/47/95 2929/49/95 2928/47/95
f 2947/21/175 2916/23/175 2915/21/175
f 2974/75/30 2943/77/30 2942/75/30
f 2961/49/14 2930/51/14 2929/49/14
f 2948/23/37 2917/25/37 2916/23/37
f 2975/77/32 2944/80/32 2943/77/32
f 2962/51/15 2931/53/15 2930/51/15
f 2949/25/173 2918/27/173 2917/25/173
f 2976/80/33 2913/81/33 2944/80/33
f 2963/53/16 2932/55/16 2931/53/16
f 3020/39/46 2989/41/46 2988/39/46
f 2967/61/205 3000/63/205 2968/63/205
f 2986/35/183 2955/37/183 2954/35/653
f 2968/63/207 3001/65/207 2969/65/207
f 2987/37/185 2956/39/185 2955/37/185
f 2969/65/172 3002/67/172 2970/67/172
f 2988/39/188 2957/41/188 2956/39/188
f 3002/67/178 2971/69/178 2970/67/178
f 2989/41/192 2958/43/192 2957/41/192
f 3003/69/180 2972/71/180 2971/69/180
f 2958/43/195 2991/45/195 2959/45/195
f 2977/20/196 2946/18/196 2945/20/196
f 3004/71/182 2973/73/182 2972/71/182
f 2991/45/198 2960/47/198 2959/45/198
f 2946/18/199 2979/21/199 2947/21/199
f 3005/73/184 2974/75/184 2973/73/184
f 2960/47/201 2993/49/201 2961/49/201
f 2947/21/202 2980/23/202 2948/23/202
f 2974/75/186 3007/77/186 2975/77/186
f 2961/49/187 2994/51/187 2962/51/187
f 2948/23/204 2981/25/204 2949/25/204
f 3007/77/189 2976/80/189 2975/77/189
f 2962/51/190 2995/53/190 2963/53/190
f 2949/25/206 2982/27/206 2950/27/206
f 3008/80/193 2945/81/193 2976/80/193
f 2963/53/194 2996/55/194 2964/55/194
f 2950/27/208 2983/29/208 2951/29/208
f 2996/55/197 2965/57/197 2964/55/197
f 2951/29/176 2984/31/176 2952/31/176
f 2997/57/200 2966/59/200 2965/57/200
f 2984/31/179 2953/33/179 2952/31/179
f 2998/59/203 2967/61/203 2966/59/203
f 3023/45/220 3056/47/220 3024/47/220
f 3034/67/24 3003/69/24 3002/67/24
f 3021/41/210 2990/43/210 2989/41/210
f 3035/69/26 3004/71/26 3003/69/26
f 3022/43/48 2991/45/48 2990/43/48
f 3009/20/34 2978/18/34 2977/20/34
f 3036/71/27 3005/73/27 3004/71/27
f 3023/45/50 2992/47/50 2991/45/50
f 3010/18/35 2979/21/35 2978/18/35
f 3037/73/29 3006/75/29 3005/73/29
f 3024/47/51 2993/49/51 2992/47/51
f 3011/21/175 2980/23/175 2979/21/36
f 3038/75/30 3007/77/30 3006/75/30
f 3025/49/14 2994/51/14 2993/49/14
f 3012/23/37 2981/25/37 2980/23/37
f 3039/77/32 3008/80/32 3007/77/32
f 3026/51/15 2995/53/15 2994/51/15
f 3013/25/173 2982/27/173 2981/25/173
f 3040/80/33 2977/81/33 3008/80/33
f 3027/53/16 2996/55/16 2995/53/16
f 3014/27/91 2983/29/91 2982/27/91
f 3028/55/441 2997/57/441 2996/55/17
f 3015/29/41 2984/31/41 2983/29/41
f 3029/57/359 2998/59/359 2997/57/359
f 3016/31/42 2985/33/42 2984/31/42
f 3030/59/19 2999/61/19 2998/59/96
f 3017/33/43 2986/35/43 2985/33/43
f 3031/61/20 3000/63/20 2999/61/20
f 3018/35/44 2987/37/44 2986/35/44
f 3032/63/21 3001/65/21 3000/63/21
f 3019/37/45 2988/39/45 2987/37/45
f 3033/65/22 3002/67/22 3001/65/22
f 3090/51/15 3059/53/15 3058/51/15
f 3042/18/222 3011/21/222 3010/18/222
f 3037/73/240 3070/75/240 3038/75/240
f 3024/47/224 3057/49/224 3025/49/224
f 3043/21/225 3012/23/225 3011/21/225
f 3038/75/654 3071/77/243 3039/77/243
f 3057/49/244 3026/51/244 3025/49/244
f 3044/23/227 3013/25/227 3012/23/227
f 3071/77/209 3040/80/209 3039/77/209
f 3058/51/213 3027/53/213 3026/51/213
f 3045/25/229 3014/27/229 3013/25/229
f 3040/80/215 3041/81/215 3009/81/215
f 3059/53/216 3028/55/216 3027/53/216
f 3046/27/231 3015/29/231 3014/27/231
f 3060/55/219 3029/57/219 3028/55/219
f 3015/29/233 3048/31/233 3016/31/233
f 3029/57/223 3062/59/223 3030/59/223
f 3016/31/235 3049/33/235 3017/33/235
f 3030/59/226 3063/61/226 3031/61/226
f 3017/33/237 3050/35/237 3018/35/237
f 3063/61/228 3032/63/228 3031/61/228
f 3018/35/239 3051/37/239 3019/37/239
f 3064/63/230 3033/65/230 3032/63/230
f 3019/37/242 3052/39/242 3020/39/242
f 3065/65/232 3034/67/232 3033/65/232
f 3052/39/245 3021/41/245 3020/39/245
f 3034/67/234 3067/69/234 3035/69/234
f 3053/41/214 3022/43/214 3021/41/214
f 3035/69/655 3068/71/655 3036/71/655
f 3022/43/575 3055/45/575 3023/45/575
f 3009/20/218 3042/18/218 3010/18/218
f 3036/71/238 3069/73/238 3037/73/656
f 3093/57/279 3126/59/279 3094/59/279
f 3077/25/519 3046/27/173 3045/25/519
f 3104/80/33 3041/81/33 3072/80/33
f 3091/53/133 3060/55/133 3059/53/133
f 3078/27/91 3047/29/40 3046/27/91
f 3092/55/17 3061/57/17 3060/55/17
f 3079/29/41 3048/31/41 3047/29/41
f 3093/57/94 3062/59/570 3061/57/94
f 3080/31/42 3049/33/42 3048/31/42
f 3094/59/96 3063/61/96 3062/59/96
f 3081/33/43 3050/35/43 3049/33/43
f 3095/61/20 3064/63/20 3063/61/20
f 3082/35/44 3051/37/44 3050/35/44
f 3096/63/21 3065/65/21 3064/63/21
f 3083/37/45 3052/39/45 3051/37/45
f 3097/65/22 3066/67/22 3065/65/22
f 3084/39/46 3053/41/46 3052/39/46
f 3098/67/24 3067/69/24 3066/67/24
f 3085/41/210 3054/43/132 3053/41/47
f 3099/69/26 3068/71/26 3067/69/26
f 3086/43/358 3055/45/358 3054/43/358
f 3073/20/34 3042/18/34 3041/20/34
f 3100/71/27 3069/73/27 3068/71/27
f 3087/45/50 3056/47/50 3055/45/50
f 3074/18/35 3043/21/632 3042/18/657
f 3101/73/658 3070/75/28 3069/73/658
f 3088/47/95 3057/49/95 3056/47/95
f 3075/21/175 3044/23/36 3043/21/175
f 3102/75/30 3071/77/30 3070/75/659
f 3089/49/14 3058/51/14 3057/49/14
f 3076/23/37 3045/25/660 3044/23/37
f 3103/77/629 3072/80/32 3071/77/629
f 3160/63/21 3129/65/21 3128/63/21
f 3112/31/259 3081/33/259 3080/31/259
f 3094/59/282 3127/61/282 3095/61/282
f 3113/33/261 3082/35/261 3081/33/261
f 3095/61/284 3128/63/284 3096/63/284
f 3114/35/263 3083/37/263 3082/35/263
f 3096/63/254 3129/65/254 3097/65/254
f 3115/37/265 3084/39/265 3083/37/265
f 3129/65/256 3098/67/256 3097/65/256
f 3116/39/268 3085/41/268 3084/39/268
f 3130/67/258 3099/69/258 3098/67/258
f 3085/41/271 3118/43/271 3086/43/271
f 3131/69/260 3100/71/260 3099/69/260
f 3086/43/274 3119/45/274 3087/45/274
f 3073/20/275 3106/18/275 3074/18/275
f 3132/71/262 3101/73/262 3100/71/262
f 3119/45/277 3088/47/277 3087/45/277
f 3106/18/278 3075/21/278 3074/18/278
f 3133/73/264 3102/75/264 3101/73/264
f 3120/47/633 3089/49/633 3088/47/633
f 3107/21/281 3076/23/281 3075/21/281
f 3134/75/266 3103/77/266 3102/75/266
f 3089/49/267 3122/51/267 3090/51/267
f 3108/23/283 3077/25/283 3076/23/283
f 3103/77/269 3136/80/269 3104/80/269
f 3090/51/270 3123/53/270 3091/53/270
f 3077/25/247 3110/27/247 3078/27/247
f 3136/80/272 3073/81/272 3104/80/272
f 3091/53/273 3124/55/273 3092/55/273
f 3078/27/255 3111/29/255 3079/29/255
f 3092/55/276 3125/57/276 3093/57/276
f 3111/29/257 3080/31/257 3079/29/257
f 3154/83/285 3146/84/285 3138/85/285
f 3147/37/93 3116/39/93 3115/37/93
f 3161/65/22 3130/67/22 3129/65/22
f 3148/39/46 3117/41/46 3116/39/46
f 3162/67/24 3131/69/24 3130/67/24
f 3149/41/132 3118/43/132 3117/41/210
f 3163/69/25 3132/71/25 3131/69/25
f 3150/43/48 3119/45/48 3118/43/48
f 3137/20/34 3106/18/34 3105/20/34
f 3164/71/27 3133/73/27 3132/71/27
f 3151/45/50 3120/47/50 3119/45/50
f 3138/18/35 3107/21/35 3106/18/35
f 3165/73/28 3134/75/29 3133/73/29
f 3152/47/95 3121/49/95 3120/47/95
f 3139/21/36 3108/23/36 3107/21/36
f 3166/75/30 3135/77/30 3134/75/30
f 3153/49/14 3122/51/14 3121/49/14
f 3140/23/37 3109/25/37 3108/23/37
f 3167/77/32 3136/80/32 3135/77/32
f 3154/51/588 3123/53/588 3122/51/588
f 3141/25/173 3110/27/173 3109/25/173
f 3168/80/33 3105/81/33 3136/80/33
f 3155/53/16 3124/55/16 3123/53/16
f 3142/27/91 3111/29/91 3110/27/91
f 3156/55/17 3125/57/17 3124/55/17
f 3143/29/41 3112/31/41 3111/29/41
f 3157/57/18 3126/59/94 3125/57/94
f 3144/31/42 3113/33/42 3112/31/42
f 3158/59/19 3127/61/96 3126/59/96
f 3145/33/43 3114/35/43 3113/33/43
f 3159/61/20 3128/63/20 3127/61/20
f 3146/35/44 3115/37/44 3114/35/44
f 3231/79/30 3198/78/30 3199/79/30
f 2738/36/308 3176/34/308 2736/34/308
f 3186/54/301 2754/52/301 2756/54/634
f 3195/72/303 2772/70/303 2774/72/303
f 2730/28/312 3172/26/312 2728/26/312
f 2748/46/313 3181/44/313 2746/44/313
f 3191/64/306 2764/62/306 2766/64/306
f 3200/82/661 2782/79/661 2784/82/661
f 3178/38/316 2738/36/316 2740/38/662
f 3187/56/309 2756/54/309 2758/56/309
f 2776/74/311 3195/72/311 2774/72/310
f 3174/30/319 2730/28/319 2732/30/319
f 2750/48/49 3182/46/49 2748/46/49
f 2768/66/314 3191/64/314 2766/64/314
f 2724/22/287 3169/19/287 2722/19/287
f 2722/86/315 3200/82/315 2784/82/315
f 3179/40/288 2740/38/288 2742/40/288
f 2760/58/317 3187/56/317 2758/56/317
f 3197/76/318 2776/74/318 2778/76/318
f 3175/32/291 2732/30/291 2734/32/291
f 2752/50/293 3183/48/293 2750/48/293
f 2770/68/286 3192/66/286 2768/66/286
f 2726/24/295 3170/22/295 2724/22/295
f 2744/42/296 3179/40/296 2742/40/296
f 3189/60/289 2760/58/289 2762/60/289
f 3198/78/290 2778/76/290 2780/78/290
f 2736/34/299 3175/32/299 2734/32/300
f 3185/52/302 2752/50/302 2754/52/302
f 3194/70/294 2770/68/294 2772/70/294
f 2728/26/304 3171/24/304 2726/24/304
f 3181/44/305 2744/42/305 2746/44/305
f 2764/62/580 3189/60/580 2762/60/580
f 3221/60/349 3252/58/349 3220/58/349
f 3218/54/14 3185/52/14 3186/54/14
f 3205/28/37 3172/26/37 3173/28/37
f 3232/82/32 3199/79/32 3200/82/32
f 3219/56/15 3186/54/15 3187/56/15
f 3206/30/173 3173/28/173 3174/30/173
f 3201/86/33 3200/82/33 3169/86/33
f 3188/58/16 3219/56/16 3187/56/133
f 3207/32/40 3174/30/40 3175/32/40
f 3189/60/17 3220/58/17 3188/58/17
f 3208/34/41 3175/32/41 3176/34/41
f 3222/62/18 3189/60/18 3190/62/18
f 3209/36/42 3176/34/42 3177/36/42
f 3223/64/96 3190/62/96 3191/64/96
f 3210/38/43 3177/36/43 3178/38/43
f 3224/66/20 3191/64/20 3192/66/20
f 3179/40/44 3210/38/44 3178/38/44
f 3225/68/573 3192/66/573 3193/68/21
f 3180/42/93 3211/40/93 3179/40/45
f 3226/70/22 3193/68/22 3194/70/22
f 3213/44/46 3180/42/46 3181/44/46
f 3227/72/24 3194/70/24 3195/72/24
f 3214/46/210 3181/44/210 3182/46/210
f 3228/74/25 3195/72/25 3196/74/25
f 3215/48/358 3182/46/358 3183/48/358
f 3202/22/34 3169/19/34 3170/22/34
f 3229/76/27 3196/74/27 3197/76/27
f 3184/50/50 3215/48/50 3183/48/50
f 3203/24/35 3170/22/35 3171/24/35
f 3230/78/29 3197/76/29 3198/78/29
f 3217/52/51 3184/50/51 3185/52/95
f 3204/26/175 3171/24/175 3172/26/175
f 3288/66/20 3255/64/20 3256/66/20
f 3240/34/326 3207/32/326 3208/34/326
f 3254/62/352 3221/60/352 3222/62/352
f 3241/36/329 3208/34/329 3209/36/329
f 3255/64/355 3222/62/355 3223/64/355
f 3210/38/332 3241/36/332 3209/36/663
f 3256/66/321 3223/64/321 3224/66/321
f 3211/40/334 3242/38/334 3210/38/334
f 3257/68/323 3224/66/323 3225/68/323
f 3212/42/336 3243/40/336 3211/40/336
f 3226/70/325 3257/68/325 3225/68/325
f 3213/44/339 3244/42/339 3212/42/339
f 3227/72/328 3258/70/328 3226/70/328
f 3214/46/342 3245/44/342 3213/44/342
f 3260/74/331 3227/72/331 3228/74/331
f 3215/48/346 3246/46/346 3214/46/346
f 3234/22/348 3201/19/348 3202/22/348
f 3229/76/333 3260/74/333 3228/74/333
f 3216/50/350 3247/48/350 3215/48/350
f 3235/24/351 3202/22/351 3203/24/351
f 3262/78/335 3229/76/335 3230/78/335
f 3217/52/353 3248/50/353 3216/50/353
f 3236/26/354 3203/24/354 3204/26/354
f 3231/79/337 3262/78/337 3230/78/337
f 3218/54/338 3249/52/338 3217/52/338
f 3205/28/320 3236/26/320 3204/26/320
f 3232/82/340 3263/79/340 3231/79/340
f 3219/56/341 3250/54/341 3218/54/341
f 3238/30/322 3205/28/322 3206/30/322
f 3233/86/343 3232/82/343 3201/86/343
f 3252/58/344 3219/56/344 3220/58/344
f 3207/32/324 3238/30/324 3206/30/324
f 3291/72/391 3322/70/391 3290/70/392
f 3275/40/44 3242/38/44 3243/40/44
f 3289/68/21 3256/66/21 3257/68/21
f 3276/42/93 3243/40/45 3244/42/45
f 3290/70/22 3257/68/22 3258/70/22
f 3277/44/46 3244/42/46 3245/44/46
f 3259/72/24 3290/70/24 3258/70/24
f 3278/46/47 3245/44/47 3246/46/47
f 3260/74/26 3291/72/26 3259/72/26
f 3279/48/48 3246/46/48 3247/48/48
f 3234/22/34 3265/19/34 3233/19/34
f 3261/76/27 3292/74/27 3260/74/27
f 3280/50/50 3247/48/50 3248/50/50
f 3235/24/35 3266/22/35 3234/22/35
f 3262/78/29 3293/76/29 3261/76/28
f 3281/52/95 3248/50/95 3249/52/95
f 3268/26/175 3235/24/175 3236/26/175
f 3295/79/31 3262/78/30 3263/79/30
f 3282/54/14 3249/52/14 3250/54/14
f 3237/28/37 3268/26/37 3236/26/37
f 3296/82/32 3263/79/32 3264/82/32
f 3283/56/15 3250/54/15 3251/56/15
f 3270/30/38 3237/28/39 3238/30/39
f 3265/86/33 3264/82/33 3233/86/33
f 3284/58/16 3251/56/133 3252/58/133
f 3271/32/40 3238/30/40 3239/32/40
f 3285/60/441 3252/58/441 3253/60/441
f 3272/34/41 3239/32/41 3240/34/41
f 3286/62/359 3253/60/359 3254/62/359
f 3273/36/42 3240/34/42 3241/36/42
f 3287/64/400 3254/62/96 3255/64/19
f 3274/38/43 3241/36/43 3242/38/43
f 3331/24/35 3298/22/35 3299/24/35
f 3278/46/367 3309/44/367 3277/44/367
f 3292/74/395 3323/72/395 3291/72/395
f 3311/48/370 3278/46/370 3279/48/370
f 3298/22/372 3265/19/372 3266/22/372
f 3325/76/398 3292/74/398 3293/76/398
f 3312/50/374 3279/48/374 3280/50/664
f 3267/24/375 3298/22/375 3266/22/375
f 3326/78/360 3293/76/360 3294/78/360
f 3281/52/378 3312/50/378 3280/50/378
f 3268/26/380 3299/24/380 3267/24/380
f 3295/79/362 3326/78/362 3294/78/362
f 3282/54/363 3313/52/363 3281/52/363
f 3269/28/383 3300/26/383 3268/26/383
f 3296/82/365 3327/79/365 3295/79/365
f 3315/56/366 3282/54/366 3283/56/366
f 3270/30/385 3301/28/385 3269/28/385
f 3265/86/368 3328/82/368 3296/82/368
f 3316/58/369 3283/56/369 3284/58/369
f 3303/32/388 3270/30/388 3271/32/388
f 3317/60/373 3284/58/373 3285/60/373
f 3304/34/390 3271/32/390 3272/34/390
f 3318/62/377 3285/60/377 3286/62/377
f 3273/36/393 3304/34/393 3272/34/393
f 3319/64/382 3286/62/382 3287/64/382
f 3306/38/396 3273/36/396 3274/38/397
f 3320/66/384 3287/64/384 3288/66/384
f 3307/40/356 3274/38/356 3275/40/356
f 3289/68/387 3320/66/387 3288/66/387
f 3308/42/361 3275/40/361 3276/42/361
f 3322/70/584 3289/68/389 3290/70/584
f 3277/44/364 3308/42/364 3276/42/364
f 3366/30/406 3333/28/406 3334/30/406
f 3358/78/29 3325/76/357 3326/78/29
f 3345/52/95 3312/50/95 3313/52/95
f 3332/26/175 3299/24/175 3300/26/175
f 3359/79/31 3326/78/31 3327/79/31
f 3346/54/14 3313/52/14 3314/54/14
f 3333/28/37 3300/26/37 3301/28/37
f 3360/82/32 3327/79/32 3328/82/32
f 3347/56/15 3314/54/15 3315/56/15
f 3334/30/173 3301/28/38 3302/30/519
f 3329/86/33 3328/82/33 3297/86/33
f 3348/58/133 3315/56/16 3316/58/133
f 3335/32/135 3302/30/135 3303/32/135
f 3349/60/17 3316/58/17 3317/60/17
f 3336/34/41 3303/32/41 3304/34/41
f 3350/62/18 3317/60/18 3318/62/18
f 3337/36/42 3304/34/42 3305/36/42
f 3351/64/96 3318/62/96 3319/64/96
f 3338/38/43 3305/36/43 3306/38/43
f 3352/66/20 3319/64/20 3320/66/20
f 3339/40/44 3306/38/44 3307/40/44
f 3353/68/21 3320/66/21 3321/68/21
f 3340/42/93 3307/40/93 3308/42/93
f 3354/70/22 3321/68/22 3322/70/22
f 3341/44/46 3308/42/46 3309/44/46
f 3355/72/24 3322/70/24 3323/72/24
f 3342/46/132 3309/44/210 3310/46/132
f 3356/74/25 3323/72/25 3324/74/25
f 3343/48/358 3310/46/48 3311/48/358
f 3330/22/34 3297/19/34 3298/22/34
f 3357/76/27 3324/74/27 3325/76/27
f 3344/50/50 3311/48/50 3312/50/50
f 3401/36/42 3368/34/42 3369/36/42
f 3361/86/643 3360/82/643 3329/86/643
f 3380/58/431 3347/56/431 3348/58/431
f 3335/32/408 3366/30/408 3334/30/408
f 3349/60/436 3380/58/435 3348/58/435
f 3368/34/410 3335/32/410 3336/34/410
f 3382/62/399 3349/60/399 3350/62/399
f 3337/36/413 3368/34/413 3336/34/413
f 3351/64/403 3382/62/403 3350/62/403
f 3370/38/415 3337/36/415 3338/38/415
f 3352/66/405 3383/64/405 3351/64/405
f 3371/40/419 3338/38/419 3339/40/419
f 3353/68/407 3384/66/407 3352/66/407
f 3372/42/422 3339/40/642 3340/42/422
f 3354/70/409 3385/68/409 3353/68/409
f 3341/44/425 3372/42/425 3340/42/425
f 3355/72/412 3386/70/412 3354/70/412
f 3374/46/428 3341/44/428 3342/46/428
f 3388/74/414 3355/72/414 3356/74/414
f 3375/48/432 3342/46/432 3343/48/641
f 3330/22/434 3361/19/433 3329/19/433
f 3357/76/416 3388/74/416 3356/74/416
f 3376/50/437 3343/48/437 3344/50/437
f 3363/24/438 3330/22/438 3331/24/438
f 3358/78/420 3389/76/420 3357/76/420
f 3377/52/401 3344/50/401 3345/52/401
f 3332/26/402 3363/24/402 3331/24/402
f 3391/79/423 3358/78/423 3359/79/423
f 3378/54/424 3345/52/424 3346/54/424
f 3333/28/404 3364/26/404 3332/26/404
f 3360/82/426 3391/79/426 3359/79/426
f 3379/56/427 3346/54/427 3347/56/427
f 3436/42/448 3403/40/448 3404/42/448
f 3415/64/19 3382/62/19 3383/64/19
f 3402/38/43 3369/36/43 3370/38/43
f 3416/66/20 3383/64/20 3384/66/20
f 3403/40/44 3370/38/44 3371/40/44
f 3417/68/573 3384/66/21 3385/68/573
f 3404/42/45 3371/40/45 3372/42/45
f 3418/70/22 3385/68/22 3386/70/22
f 3405/44/46 3372/42/46 3373/44/46
f 3419/72/24 3386/70/24 3387/72/24
f 3406/46/210 3373/44/210 3374/46/47
f 3420/74/25 3387/72/25 3388/74/25
f 3407/48/358 3374/46/358 3375/48/358
f 3394/22/34 3361/19/34 3362/22/34
f 3421/76/27 3388/74/27 3389/76/27
f 3408/50/50 3375/48/50 3376/50/50
f 3395/24/35 3362/22/35 3363/24/35
f 3422/78/357 3389/76/29 3390/78/357
f 3409/52/95 3376/50/95 3377/52/95
f 3396/26/175 3363/24/175 3364/26/175
f 3423/79/31 3390/78/31 3391/79/31
f 3410/54/14 3377/52/14 3378/54/14
f 3397/28/97 3364/26/97 3365/28/97
f 3424/82/32 3391/79/32 3392/82/32
f 3411/56/15 3378/54/15 3379/56/15
f 3398/30/38 3365/28/173 3366/30/38
f 3393/86/211 3392/82/211 3361/86/211
f 3412/58/16 3379/56/133 3380/58/16
f 3399/32/91 3366/30/91 3367/32/91
f 3413/60/17 3380/58/17 3381/60/17
f 3400/34/41 3367/32/41 3368/34/41
f 3414/62/359 3381/60/359 3382/62/359
f 3471/48/48 3438/46/358 3439/48/48
f 3450/70/478 3417/68/478 3418/70/478
f 3437/44/452 3404/42/665 3405/44/452
f 3451/72/597 3418/70/597 3419/72/597
f 3438/46/456 3405/44/456 3406/46/456
f 3420/74/666 3451/72/439 3419/72/439
f 3439/48/460 3406/46/461 3407/48/460
f 3394/22/462 3425/19/462 3393/19/462
f 3421/76/444 3452/74/667 3420/74/667
f 3408/50/465 3439/48/465 3407/48/465
f 3427/24/466 3394/22/466 3395/24/466
f 3454/78/447 3421/76/447 3422/78/447
f 3409/52/468 3440/50/468 3408/50/468
f 3396/26/470 3427/24/470 3395/24/470
f 3455/79/450 3422/78/449 3423/79/450
f 3442/54/591 3409/52/591 3410/54/591
f 3397/28/589 3428/26/473 3396/26/473
f 3424/82/453 3455/79/453 3423/79/453
f 3411/56/455 3442/54/455 3410/54/455
f 3430/30/475 3397/28/475 3398/30/475
f 3425/86/457 3424/82/457 3393/86/457
f 3412/58/458 3443/56/458 3411/56/458
f 3431/32/477 3398/30/477 3399/32/477
f 3413/60/668 3444/58/668 3412/58/463
f 3400/34/479 3431/32/479 3399/32/479
f 3414/62/467 3445/60/467 3413/60/467
f 3401/36/482 3432/34/482 3400/34/596
f 3415/64/472 3446/62/472 3414/62/472
f 3402/38/442 3433/36/442 3401/36/442
f 3448/66/474 3415/64/474 3416/66/474
f 3403/40/445 3434/38/445 3402/38/445
f 3449/68/476 3416/66/476 3417/68/476
f 3474/54/508 3505/52/508 3473/52/508
f 3458/22/34 3425/19/34 3426/22/34
f 3485/76/27 3452/74/27 3453/76/27
f 3472/50/50 3439/48/50 3440/50/50
f 3459/24/35 3426/22/35 3427/24/35
f 3486/78/29 3453/76/357 3454/78/29
f 3473/52/95 3440/50/95 3441/52/95
f 3460/26/36 3427/24/36 3428/26/36
f 3487/79/30 3454/78/31 3455/79/30
f 3474/54/14 3441/52/14 3442/54/14
f 3461/28/37 3428/26/37 3429/28/37
f 3488/82/32 3455/79/32 3456/82/32
f 3475/56/15 3442/54/15 3443/56/15
f 3462/30/39 3429/28/173 3430/30/39
f 3457/86/33 3456/82/33 3425/86/33
f 3476/58/133 3443/56/16 3444/58/133
f 3463/32/91 3430/30/91 3431/32/91
f 3477/60/17 3444/58/17 3445/60/17
f 3464/34/41 3431/32/41 3432/34/41
f 3478/62/18 3445/60/18 3446/62/18
f 3465/36/42 3432/34/42 3433/36/42
f 3479/64/96 3446/62/19 3447/64/400
f 3466/38/43 3433/36/43 3434/38/43
f 3480/66/20 3447/64/20 3448/66/20
f 3467/40/44 3434/38/44 3435/40/44
f 3481/68/21 3448/66/573 3449/68/21
f 3468/42/93 3435/40/93 3436/42/93
f 3482/70/22 3449/68/22 3450/70/22
f 3469/44/46 3436/42/46 3437/44/46
f 3483/72/24 3450/70/24 3451/72/24
f 3470/46/210 3437/44/210 3438/46/210
f 3484/74/25 3451/72/25 3452/74/25
f 3541/60/17 3508/58/17 3509/60/17
f 3493/28/491 3460/26/491 3461/28/491
f 3520/82/510 3487/79/510 3488/82/510
f 3507/56/511 3474/54/511 3475/56/511
f 3494/30/494 3461/28/494 3462/30/603
f 3489/86/513 3488/82/513 3457/86/513
f 3476/58/514 3507/56/514 3475/56/514
f 3463/32/496 3494/30/669 3462/30/669
f 3509/60/484 3476/58/484 3477/60/484
f 3496/34/498 3463/32/498 3464/34/498
f 3510/62/487 3477/60/487 3478/62/487
f 3497/36/500 3464/34/500 3465/36/500
f 3511/64/490 3478/62/490 3479/64/490
f 3498/38/502 3465/36/502 3466/38/502
f 3480/66/493 3511/64/493 3479/64/492
f 3499/40/504 3466/38/504 3467/40/504
f 3481/68/495 3512/66/495 3480/66/495
f 3468/42/506 3499/40/506 3467/40/599
f 3482/70/497 3513/68/497 3481/68/497
f 3469/44/509 3500/42/509 3468/42/509
f 3483/72/499 3514/70/499 3482/70/499
f 3502/46/512 3469/44/598 3470/46/512
f 3484/74/501 3515/72/501 3483/72/501
f 3503/48/515 3470/46/515 3471/48/515
f 3490/22/483 3457/19/606 3458/22/483
f 3485/76/503 3516/74/503 3484/74/503
f 3472/50/485 3503/48/485 3471/48/485
f 3491/24/486 3458/22/486 3459/24/486
f 3486/78/600 3517/76/505 3485/76/505
f 3473/52/488 3504/50/488 3472/50/605
f 3460/26/604 3491/24/604 3459/24/604
f 3487/79/507 3518/78/507 3486/78/507
f 3576/66/555 3543/64/556 3544/66/555
f 3528/34/41 3495/32/41 3496/34/41
f 3542/62/94 3509/60/359 3510/62/570
f 3529/36/42 3496/34/42 3497/36/42
f 3543/64/19 3510/62/19 3511/64/19
f 3530/38/43 3497/36/43 3498/38/43
f 3544/66/20 3511/64/20 3512/66/20
f 3531/40/44 3498/38/44 3499/40/44
f 3545/68/573 3512/66/21 3513/68/573
f 3532/42/45 3499/40/45 3500/42/45
f 3546/70/22 3513/68/22 3514/70/22
f 3533/44/46 3500/42/46 3501/44/46
f 3547/72/24 3514/70/23 3515/72/24
f 3534/46/210 3501/44/210 3502/46/210
f 3548/74/26 3515/72/26 3516/74/26
f 3535/48/48 3502/46/48 3503/48/48
f 3522/22/34 3489/19/34 3490/22/34
f 3549/76/27 3516/74/27 3517/76/27
f 3536/50/50 3503/48/50 3504/50/50
f 3523/24/35 3490/22/35 3491/24/35
f 3550/78/28 3517/76/28 3518/78/28
f 3537/52/95 3504/50/95 3505/52/95
f 3524/26/36 3491/24/36 3492/26/36
f 3551/79/31 3518/78/31 3519/79/31
f 3538/54/14 3505/52/14 3506/54/14
f 3525/28/37 3492/26/37 3493/28/37
f 3552/82/32 3519/79/32 3520/82/32
f 3539/56/588 3506/54/588 3507/56/588
f 3526/30/173 3493/28/173 3494/30/173
f 3521/86/33 3520/82/33 3489/86/33
f 3540/58/16 3507/56/16 3508/58/133
f 3527/32/40 3494/30/40 3495/32/40
f 3601/52/95 3568/50/95 3569/52/95
f 3531/40/527 3562/38/527 3530/38/527
f 3577/68/559 3544/66/560 3545/68/559
f 3532/42/529 3563/40/529 3531/40/670
f 3578/70/607 3545/68/562 3546/70/607
f 3565/44/533 3532/42/533 3533/44/533
f 3579/72/671 3546/70/671 3547/72/671
f 3566/46/537 3533/44/537 3534/46/537
f 3580/74/524 3547/72/616 3548/74/524
f 3567/48/541 3534/46/541 3535/48/542
f 3522/22/543 3553/19/543 3521/19/543
f 3581/76/526 3548/74/526 3549/76/526
f 3568/50/545 3535/48/545 3536/50/545
f 3555/24/546 3522/22/546 3523/24/546
f 3582/78/528 3549/76/528 3550/78/528
f 3569/52/548 3536/50/548 3537/52/548
f 3556/26/550 3523/24/549 3524/26/550
f 3551/79/530 3582/78/530 3550/78/530
f 3570/54/613 3537/52/613 3538/54/613
f 3557/28/672 3524/26/554 3525/28/672
f 3552/82/534 3583/79/534 3551/79/534
f 3571/56/536 3538/54/536 3539/56/536
f 3526/30/557 3557/28/557 3525/28/557
f 3521/86/539 3584/82/539 3552/82/539
f 3540/58/540 3571/56/540 3539/56/540
f 3559/32/561 3526/30/561 3527/32/561
f 3541/60/544 3572/58/544 3540/58/544
f 3528/34/516 3559/32/516 3527/32/516
f 3574/62/547 3541/60/547 3542/62/547
f 3529/36/522 3560/34/522 3528/34/522
f 3575/64/551 3542/62/551 3543/64/551
f 3530/38/525 3561/36/525 3529/36/615
f 3601/87/563 3609/88/563 3585/89/563
f 3615/79/31 3582/78/30 3583/79/31
f 3602/54/14 3569/52/14 3570/54/14
f 3616/82/32 3583/79/32 3584/82/32
f 3586/22/34 3553/19/34 3554/22/34
f 3603/56/15 3570/54/15 3571/56/15
f 3585/86/33 3584/82/33 3553/86/33
f 3587/24/35 3554/22/35 3555/24/35
f 3604/58/133 3571/56/133 3572/58/133
f 3588/26/175 3555/24/175 3556/26/175
f 3605/60/17 3572/58/17 3573/60/17
f 3592/34/41 3559/32/41 3560/34/41
f 3589/28/37 3556/26/37 3557/28/37
f 3606/62/18 3573/60/18 3574/62/18
f 3593/36/42 3560/34/42 3561/36/42
f 3590/30/173 3557/28/173 3558/30/173
f 3607/64/400 3574/62/400 3575/64/96
f 3594/38/43 3561/36/43 3562/38/43
f 3591/32/91 3558/30/135 3559/32/91
f 3608/66/20 3575/64/20 3576/66/20
f 3595/40/44 3562/38/44 3563/40/44
f 3609/68/21 3576/66/21 3577/68/21
f 3596/42/93 3563/40/93 3564/42/93
f 3610/70/22 3577/68/22 3578/70/22
f 3597/44/46 3564/42/46 3565/44/46
f 3611/72/24 3578/70/24 3579/72/24
f 3598/46/132 3565/44/132 3566/46/132
f 3612/74/25 3579/72/25 3580/74/25
f 3599/48/358 3566/46/358 3567/48/358
f 3613/76/27 3580/74/27 3581/76/27
f 3600/50/50 3567/48/50 3568/50/50
f 3614/78/28 3581/76/28 3582/78/28
f 35/18/14 36/22/14 34/19/14
f 37/21/15 38/24/15 36/22/15
f 39/23/16 40/26/16 38/24/16
f 41/25/17 42/28/17 40/26/17
f 43/27/18 44/30/18 42/28/18
f 45/29/19 46/32/19 44/30/19
f 47/31/20 48/34/20 46/32/20
f 49/33/21 50/36/21 48/34/21
f 51/35/22 52/38/22 50/36/22
f 53/37/23 54/40/24 52/38/24
f 55/39/25 56/42/26 54/40/26
f 57/41/27 58/44/27 56/42/27
f 59/43/28 60/46/29 58/44/29
f 61/45/30 62/48/31 60/46/31
f 63/47/32 64/50/32 62/48/32
f 65/49/33 66/52/33 64/50/33
f 67/51/34 68/54/34 66/52/34
f 69/53/35 70/56/35 68/54/35
f 71/55/36 72/58/36 70/56/36
f 73/57/37 74/60/37 72/58/37
f 75/59/38 76/62/39 74/60/39
f 77/61/40 78/64/40 76/62/40
f 79/63/41 80/66/41 78/64/41
f 81/65/42 82/68/42 80/66/42
f 83/67/43 84/70/43 82/68/43
f 85/69/44 86/72/44 84/70/44
f 87/71/45 88/74/45 86/72/45
f 89/73/46 90/76/46 88/74/46
f 91/75/47 92/78/47 90/76/47
f 93/77/48 94/79/48 92/78/48
f 511/79/49 510/78/49 92/78/49
f 95/80/50 96/82/50 94/79/50
f 33/81/51 34/86/51 96/82/51
f 104/31/52 105/33/52 49/33/52
f 149/57/39 150/59/38 118/59/38
f 113/49/53 114/51/53 67/51/53
f 122/67/54 123/69/54 85/69/54
f 100/23/55 101/25/55 41/25/55
f 109/41/56 110/43/56 59/43/56
f 75/59/57 118/59/57 119/61/57
f 93/77/58 127/77/58 128/80/58
f 49/33/59 105/33/59 106/35/59
f 67/51/60 114/51/60 115/53/60
f 123/69/61 124/71/61 87/71/61
f 101/25/62 102/27/62 43/27/62
f 110/43/63 111/45/64 61/45/64
f 77/61/65 119/61/65 120/63/65
f 33/20/66 97/20/565 98/18/66
f 128/80/67 97/81/67 33/81/67
f 106/35/68 107/37/68 53/37/68
f 115/53/69 116/55/69 71/55/69
f 87/71/70 124/71/70 125/73/70
f 43/27/71 102/27/71 103/29/72
f 111/45/73 112/47/73 63/47/73
f 120/63/74 121/65/75 81/65/75
f 98/18/76 99/21/76 37/21/76
f 107/37/77 108/39/77 55/39/77
f 71/55/78 116/55/78 117/57/78
f 89/73/79 125/73/79 126/75/79
f 45/29/80 103/29/80 104/31/81
f 112/47/83 113/49/84 65/49/84
f 81/65/85 121/65/85 122/67/85
f 99/21/86 100/23/86 39/23/86
f 108/39/87 109/41/87 57/41/87
f 73/57/88 117/57/88 118/59/88
f 91/75/89 126/75/89 127/77/89
f 184/63/90 185/65/90 153/65/90
f 136/31/21 137/33/21 105/33/21
f 150/59/91 151/61/91 119/61/91
f 137/33/22 138/35/22 106/35/22
f 151/61/41 152/63/41 120/63/41
f 138/35/24 139/37/24 107/37/24
f 152/63/92 153/65/92 121/65/92
f 139/37/25 140/39/25 108/39/25
f 153/65/43 154/67/43 122/67/43
f 140/39/27 141/41/27 109/41/27
f 154/67/44 155/69/44 123/69/44
f 141/41/29 142/43/29 110/43/29
f 155/69/93 156/71/93 124/71/93
f 142/43/31 143/45/31 111/45/31
f 129/20/14 130/18/14 98/18/14
f 156/71/46 157/73/46 125/73/46
f 143/45/32 144/47/32 112/47/32
f 130/18/15 131/21/15 99/21/15
f 157/73/47 158/75/47 126/75/47
f 144/47/33 145/49/33 113/49/33
f 131/21/16 132/23/16 100/23/16
f 158/75/48 159/77/48 127/77/48
f 145/49/34 146/51/34 114/51/34
f 132/23/17 133/25/17 101/25/17
f 159/77/50 160/80/50 128/80/50
f 146/51/35 147/53/35 115/53/35
f 133/25/94 134/27/18 102/27/18
f 160/80/95 129/81/95 97/81/95
f 147/53/36 148/55/36 116/55/36
f 134/27/96 135/29/96 103/29/96
f 148/55/97 149/57/37 117/57/37
f 135/29/20 136/31/20 104/31/20
f 219/69/93 220/71/93 188/71/93
f 139/37/98 171/37/98 172/39/98
f 153/65/99 185/65/99 186/67/99
f 140/39/100 172/39/100 173/41/100
f 154/67/101 186/67/101 187/69/101
f 141/41/102 173/41/102 174/43/102
f 187/69/103 188/71/103 156/71/103
f 142/43/104 174/43/104 175/45/104
f 129/20/105 161/20/105 162/18/105
f 188/71/106 189/73/106 157/73/106
f 143/45/107 175/45/107 176/47/107
f 162/18/108 163/21/108 131/21/108
f 189/73/109 190/75/110 158/75/110
f 144/47/111 176/47/111 177/49/111
f 163/21/112 164/23/112 132/23/112
f 158/75/113 190/75/113 191/77/113
f 145/49/115 177/49/115 178/51/115
f 164/23/116 165/25/116 133/25/116
f 191/77/117 192/80/117 160/80/117
f 178/51/118 179/53/118 147/53/118
f 133/25/119 165/25/119 166/27/119
f 192/80/120 161/81/120 129/81/120
f 179/53/121 180/55/121 148/55/121
f 134/27/122 166/27/122 167/29/122
f 180/55/123 181/57/123 149/57/123
f 167/29/124 168/31/124 136/31/124
f 149/57/125 181/57/125 182/59/125
f 168/31/126 169/33/126 137/33/126
f 150/59/127 182/59/127 183/61/127
f 137/33/128 169/33/128 170/35/128
f 183/61/129 184/63/129 152/63/129
f 138/35/130 170/35/130 171/37/130
f 227/21/131 228/23/131 196/23/131
f 206/43/30 207/45/31 175/45/31
f 193/20/14 194/18/14 162/18/14
f 220/71/46 221/73/46 189/73/46
f 207/45/32 208/47/32 176/47/32
f 194/18/15 195/21/15 163/21/15
f 221/73/132 222/75/132 190/75/132
f 208/47/33 209/49/33 177/49/33
f 195/21/133 196/23/133 164/23/133
f 222/75/134 223/77/134 191/77/134
f 209/49/34 210/51/34 178/51/34
f 196/23/17 197/25/17 165/25/17
f 223/77/50 224/80/50 192/80/50
f 210/51/35 211/53/35 179/53/35
f 197/25/18 198/27/570 166/27/18
f 224/80/95 193/81/95 161/81/95
f 211/53/36 212/55/36 180/55/36
f 198/27/19 199/29/19 167/29/19
f 212/55/37 213/57/37 181/57/37
f 199/29/20 200/31/20 168/31/20
f 213/57/38 214/59/249 182/59/38
f 200/31/21 201/33/21 169/33/21
f 214/59/91 215/61/135 183/61/135
f 201/33/22 202/35/22 170/35/22
f 215/61/41 216/63/41 184/63/41
f 202/35/24 203/37/24 171/37/24
f 216/63/42 217/65/92 185/65/42
f 203/37/26 204/39/26 172/39/26
f 217/65/43 218/67/43 186/67/43
f 204/39/27 205/41/27 173/41/27
f 218/67/44 219/69/44 187/69/44
f 205/41/29 206/43/357 174/43/29
f 262/27/96 263/29/96 231/29/96
f 222/75/136 254/75/136 255/77/137
f 209/49/138 241/49/138 242/51/138
f 196/23/139 228/23/139 229/25/139
f 255/77/140 256/80/140 224/80/140
f 210/51/141 242/51/141 243/53/141
f 229/25/142 230/27/142 198/27/142
f 256/80/143 225/81/143 193/81/143
f 211/53/144 243/53/144 244/55/144
f 230/27/145 231/29/145 199/29/145
f 212/55/146 244/55/146 245/57/146
f 199/29/147 231/29/147 232/31/147
f 245/57/148 246/59/149 214/59/149
f 200/31/150 232/31/150 233/33/150
f 246/59/151 247/61/151 215/61/151
f 201/33/152 233/33/152 234/35/152
f 247/61/153 248/63/153 216/63/153
f 202/35/154 234/35/154 235/37/155
f 248/63/156 249/65/156 217/65/156
f 203/37/157 235/37/157 236/39/157
f 249/65/158 250/67/158 218/67/158
f 204/39/159 236/39/159 237/41/159
f 250/67/160 251/69/160 219/69/160
f 205/41/161 237/41/161 238/43/162
f 219/69/163 251/69/163 252/71/163
f 238/43/164 239/45/164 207/45/164
f 193/20/165 225/20/165 226/18/165
f 220/71/166 252/71/166 253/73/166
f 239/45/167 240/47/168 208/47/168
f 226/18/169 227/21/169 195/21/169
f 253/73/170 254/75/170 222/75/170
f 240/47/171 241/49/171 209/49/171
f 297/33/172 298/35/172 266/35/172
f 276/55/37 277/57/37 245/57/37
f 263/29/20 264/31/20 232/31/20
f 277/57/173 278/59/38 246/59/173
f 264/31/21 265/33/573 233/33/21
f 278/59/40 279/61/40 247/61/40
f 265/33/22 266/35/22 234/35/22
f 279/61/41 280/63/41 248/63/41
f 266/35/24 267/37/24 235/37/24
f 280/63/42 281/65/92 249/65/42
f 267/37/26 268/39/26 236/39/26
f 281/65/43 282/67/43 250/67/43
f 268/39/27 269/41/27 237/41/27
f 282/67/174 283/69/44 251/69/174
f 269/41/29 270/43/29 238/43/29
f 283/69/93 284/71/93 252/71/93
f 270/43/30 271/45/30 239/45/30
f 257/20/14 258/18/14 226/18/14
f 284/71/46 285/73/46 253/73/46
f 271/45/32 272/47/32 240/47/32
f 258/18/15 259/21/15 227/21/15
f 285/73/132 286/75/132 254/75/132
f 272/47/33 273/49/33 241/49/33
f 259/21/16 260/23/16 228/23/16
f 286/75/48 287/77/358 255/77/48
f 273/49/34 274/51/34 242/51/34
f 260/23/17 261/25/17 229/25/17
f 287/77/50 288/80/50 256/80/50
f 274/51/35 275/53/35 243/53/35
f 261/25/18 262/27/18 230/27/18
f 288/80/95 257/81/95 225/81/95
f 275/53/175 276/55/36 244/55/175
f 332/39/27 333/41/27 301/41/27
f 279/61/176 311/61/176 312/63/176
f 298/35/178 299/37/178 267/37/178
f 280/63/179 312/63/179 313/65/179
f 299/37/180 300/39/180 268/39/180
f 281/65/181 313/65/181 314/67/181
f 300/39/182 301/41/182 269/41/182
f 314/67/183 315/69/183 283/69/183
f 301/41/184 302/43/184 270/43/184
f 315/69/185 316/71/185 284/71/185
f 270/43/186 302/43/186 303/45/186
f 289/20/187 290/18/187 258/18/187
f 316/71/188 317/73/188 285/73/188
f 303/45/189 304/47/189 272/47/189
f 258/18/190 290/18/190 291/21/190
f 317/73/191 318/75/192 286/75/192
f 272/47/193 304/47/193 305/49/193
f 259/21/194 291/21/194 292/23/194
f 286/75/195 318/75/195 319/77/195
f 273/49/196 305/49/196 306/51/196
f 260/23/197 292/23/197 293/25/197
f 319/77/198 320/80/198 288/80/198
f 274/51/199 306/51/199 307/53/199
f 261/25/200 293/25/200 294/27/200
f 320/80/201 289/81/201 257/81/201
f 275/53/202 307/53/202 308/55/202
f 262/27/203 294/27/203 295/29/203
f 308/55/204 309/57/204 277/57/204
f 263/29/205 295/29/205 296/31/205
f 309/57/206 310/59/206 278/59/206
f 296/31/207 297/33/207 265/33/207
f 310/59/208 311/61/208 279/61/208
f 335/45/209 367/45/209 368/47/209
f 346/67/44 347/69/44 315/69/44
f 333/41/29 334/43/29 302/43/29
f 347/69/45 348/71/45 316/71/45
f 334/43/31 335/45/30 303/45/31
f 321/20/14 322/18/14 290/18/14
f 348/71/46 349/73/46 317/73/46
f 335/45/32 336/47/32 304/47/32
f 322/18/15 323/21/15 291/21/15
f 349/73/210 350/75/210 318/75/210
f 336/47/211 337/49/211 305/49/211
f 323/21/16 324/23/16 292/23/16
f 350/75/48 351/77/48 319/77/48
f 337/49/34 338/51/34 306/51/34
f 324/23/17 325/25/17 293/25/17
f 351/77/50 352/80/50 320/80/50
f 338/51/35 339/53/35 307/53/35
f 325/25/18 326/27/18 294/27/18
f 352/80/95 321/81/95 289/81/95
f 339/53/175 340/55/175 308/55/175
f 326/27/96 327/29/96 295/29/96
f 340/55/37 341/57/97 309/57/37
f 327/29/20 328/31/20 296/31/20
f 341/57/38 342/59/38 310/59/38
f 328/31/21 329/33/21 297/33/21
f 342/59/40 343/61/40 311/61/40
f 329/33/22 330/35/22 298/35/22
f 343/61/41 344/63/41 312/63/41
f 330/35/24 331/37/24 299/37/24
f 344/63/42 345/65/42 313/65/42
f 331/37/25 332/39/25 300/39/25
f 345/65/43 346/67/43 314/67/43
f 402/51/35 403/53/212 371/53/212
f 354/18/213 355/21/213 323/21/213
f 349/73/214 381/73/214 382/75/214
f 336/47/215 368/47/215 369/49/215
f 355/21/216 356/23/216 324/23/216
f 350/75/217 382/75/217 383/77/217
f 369/49/218 370/51/218 338/51/218
f 356/23/219 357/25/219 325/25/219
f 383/77/220 384/80/220 352/80/220
f 370/51/221 371/53/222 339/53/222
f 357/25/223 358/27/223 326/27/223
f 352/80/224 384/80/224 353/81/224
f 371/53/225 372/55/225 340/55/225
f 358/27/226 359/29/226 327/29/226
f 372/55/227 373/57/227 341/57/227
f 327/29/228 359/29/228 360/31/228
f 341/57/229 373/57/229 374/59/229
f 328/31/230 360/31/230 361/33/230
f 342/59/231 374/59/231 375/61/231
f 329/33/232 361/33/232 362/35/232
f 375/61/233 376/63/233 344/63/233
f 330/35/234 362/35/234 363/37/234
f 376/63/235 377/65/235 345/65/235
f 331/37/236 363/37/236 364/39/236
f 377/65/237 378/67/237 346/67/237
f 364/39/238 365/41/238 333/41/238
f 346/67/239 378/67/239 379/69/239
f 365/41/240 366/43/240 334/43/240
f 347/69/241 379/69/241 380/71/242
f 334/43/243 366/43/243 367/45/243
f 321/20/244 353/20/244 354/18/244
f 348/71/245 380/71/245 381/73/245
f 405/57/247 437/57/247 438/59/247
f 389/25/18 390/27/248 358/27/248
f 416/80/95 385/81/95 353/81/95
f 403/53/36 404/55/36 372/55/36
f 390/27/19 391/29/19 359/29/19
f 404/55/37 405/57/37 373/57/37
f 391/29/20 392/31/20 360/31/20
f 405/57/39 406/59/249 374/59/249
f 392/31/21 393/33/21 361/33/21
f 406/59/40 407/61/40 375/61/40
f 393/33/22 394/35/22 362/35/22
f 407/61/41 408/63/41 376/63/41
f 394/35/24 395/37/24 363/37/24
f 408/63/42 409/65/42 377/65/42
f 395/37/25 396/39/26 364/39/26
f 409/65/43 410/67/43 378/67/43
f 396/39/27 397/41/27 365/41/27
f 410/67/44 411/69/44 379/69/44
f 397/41/29 398/43/29 366/43/29
f 411/69/93 412/71/93 380/71/93
f 398/43/30 399/45/30 367/45/30
f 385/20/14 386/18/14 354/18/14
f 412/71/46 413/73/46 381/73/46
f 399/45/32 400/47/32 368/47/32
f 386/18/15 387/21/15 355/21/15
f 413/73/210 414/75/250 382/75/250
f 400/47/33 401/49/33 369/49/33
f 387/21/133 388/23/133 356/23/133
f 414/75/48 415/77/252 383/77/252
f 401/49/34 402/51/34 370/51/34
f 388/23/253 389/25/17 357/25/17
f 415/77/50 416/80/50 384/80/50
f 472/63/42 473/65/42 441/65/42
f 424/31/254 425/33/254 393/33/254
f 406/59/255 438/59/255 439/61/255
f 425/33/256 426/35/256 394/35/256
f 407/61/257 439/61/257 440/63/257
f 426/35/258 427/37/258 395/37/258
f 408/63/259 440/63/259 441/65/259
f 427/37/260 428/39/260 396/39/260
f 441/65/261 442/67/261 410/67/261
f 428/39/262 429/41/262 397/41/262
f 442/67/263 443/69/263 411/69/263
f 397/41/264 429/41/264 430/43/264
f 443/69/265 444/71/265 412/71/265
f 398/43/266 430/43/266 431/45/266
f 385/20/267 417/20/267 418/18/267
f 444/71/268 445/73/268 413/73/268
f 431/45/269 432/47/269 400/47/269
f 418/18/270 419/21/270 387/21/270
f 445/73/271 446/75/271 414/75/271
f 432/47/272 433/49/272 401/49/272
f 419/21/273 420/23/273 388/23/273
f 446/75/274 447/77/274 415/77/274
f 401/49/275 433/49/275 434/51/275
f 420/23/276 421/25/276 389/25/276
f 415/77/277 447/77/277 448/80/277
f 402/51/278 434/51/278 435/53/278
f 389/25/279 421/25/279 422/27/279
f 448/80/280 417/81/280 385/81/280
f 403/53/281 435/53/281 436/55/281
f 390/27/282 422/27/282 423/29/282
f 404/55/283 436/55/283 437/57/283
f 423/29/284 424/31/284 392/31/284
f 450/85/285 449/96/285 480/92/285
f 480/92/285 479/97/285 478/98/285
f 478/98/285 477/99/285 476/100/285
f 476/100/285 475/101/285 474/102/285
f 474/102/285 473/103/285 472/91/285
f 472/91/285 471/104/285 470/105/285
f 470/105/285 469/106/285 468/107/285
f 468/107/285 467/108/285 466/83/285
f 466/83/285 465/109/285 464/90/285
f 464/90/285 463/110/285 462/111/285
f 462/111/285 461/112/285 460/113/285
f 460/113/285 459/114/285 458/84/285
f 458/84/285 457/115/285 456/116/285
f 456/116/285 455/117/285 454/118/285
f 454/118/285 453/119/285 452/120/285
f 452/120/285 451/121/285 450/85/285
f 450/85/285 480/92/285 478/98/285
f 478/98/285 476/100/285 474/102/285
f 474/102/285 472/91/285 470/105/285
f 470/105/285 468/107/285 466/83/285
f 466/83/285 464/90/285 462/111/285
f 462/111/285 460/113/285 458/84/285
f 458/84/285 456/116/285 454/118/285
f 454/118/285 452/120/285 450/85/285
f 450/85/285 478/98/285 474/102/285
f 474/102/285 470/105/285 466/83/285
f 466/83/285 462/111/285 458/84/285
f 458/84/285 454/118/285 450/85/285
f 450/85/285 474/102/285 466/83/285
f 459/37/25 460/39/25 428/39/26
f 473/65/43 474/67/43 442/67/43
f 460/39/27 461/41/27 429/41/27
f 474/67/44 475/69/174 443/69/44
f 461/41/28 462/43/28 430/43/28
f 475/69/45 476/71/45 444/71/45
f 462/43/30 463/45/30 431/45/30
f 449/20/14 450/18/14 418/18/14
f 476/71/46 477/73/46 445/73/46
f 463/45/32 464/47/32 432/47/32
f 450/18/15 451/21/15 419/21/15
f 477/73/210 478/75/210 446/75/210
f 464/47/33 465/49/33 433/49/33
f 451/21/133 452/23/133 420/23/133
f 478/75/48 479/77/48 447/77/48
f 465/49/34 466/51/34 434/51/34
f 452/23/17 453/25/17 421/25/17
f 479/77/50 480/80/50 448/80/50
f 466/51/212 467/53/212 435/53/212
f 453/25/18 454/27/18 422/27/18
f 480/80/95 449/81/95 417/81/95
f 467/53/175 468/55/175 436/55/175
f 454/27/96 455/29/400 423/29/96
f 468/55/37 469/57/37 437/57/37
f 455/29/20 456/31/20 424/31/20
f 469/57/173 470/59/173 438/59/173
f 456/31/21 457/33/21 425/33/21
f 470/59/91 471/61/91 439/61/91
f 457/33/22 458/35/22 426/35/22
f 471/61/41 472/63/41 440/63/41
f 458/35/24 459/37/24 427/37/24
f 543/79/48 542/78/48 510/78/48
f 50/36/286 489/36/286 488/34/286
f 498/54/287 497/52/287 66/52/287
f 507/72/288 506/70/288 84/70/288
f 42/28/289 485/28/289 484/26/289
f 60/46/290 494/46/290 493/44/290
f 503/64/291 502/62/291 76/62/291
f 512/82/293 511/79/293 94/79/293
f 490/38/294 489/36/294 50/36/294
f 499/56/295 498/54/295 68/54/295
f 88/74/296 508/74/296 507/72/296
f 486/30/297 485/28/580 42/28/297
f 62/48/298 495/48/298 494/46/298
f 80/66/299 504/66/299 503/64/299
f 36/22/301 482/22/301 481/19/301
f 34/86/302 481/86/302 512/82/302
f 491/40/303 490/38/303 52/38/303
f 72/58/304 500/58/304 499/56/304
f 509/76/305 508/74/305 88/74/305
f 487/32/306 486/30/306 44/30/306
f 64/50/307 496/50/307 495/48/307
f 82/68/308 505/68/308 504/66/308
f 38/24/309 483/24/309 482/22/309
f 56/42/310 492/42/310 491/40/310
f 501/60/312 500/58/312 72/58/312
f 510/78/313 509/76/313 90/76/313
f 48/34/314 488/34/314 487/32/314
f 497/52/315 496/50/315 64/50/315
f 506/70/316 505/68/316 82/68/316
f 40/26/317 484/26/317 483/24/317
f 493/44/318 492/42/318 56/42/318
f 76/62/319 502/62/319 501/60/319
f 533/60/320 565/60/320 564/58/320
f 530/54/34 529/52/34 497/52/34
f 517/28/17 516/26/17 484/26/17
f 544/82/50 543/79/50 511/79/50
f 531/56/35 530/54/212 498/54/35
f 518/30/18 517/28/18 485/28/18
f 513/86/95 544/82/95 512/82/95
f 500/58/36 532/58/36 531/56/36
f 519/32/19 518/30/19 486/30/19
f 501/60/37 533/60/37 532/58/37
f 520/34/20 519/32/20 487/32/20
f 534/62/173 533/60/173 501/60/173
f 521/36/21 520/34/21 488/34/21
f 535/64/91 534/62/40 502/62/91
f 522/38/22 521/36/22 489/36/22
f 536/66/41 535/64/41 503/64/41
f 491/40/24 523/40/24 522/38/24
f 537/68/42 536/66/42 504/66/42
f 492/42/25 524/42/26 523/40/25
f 538/70/43 537/68/43 505/68/43
f 525/44/27 524/42/27 492/42/27
f 539/72/44 538/70/44 506/70/44
f 526/46/29 525/44/29 493/44/29
f 540/74/93 539/72/93 507/72/93
f 527/48/31 526/46/31 494/46/31
f 514/22/14 513/19/14 481/19/14
f 541/76/46 540/74/46 508/74/46
f 496/50/32 528/50/32 527/48/32
f 515/24/15 514/22/15 482/22/15
f 542/78/210 541/76/210 509/76/210
f 529/52/211 528/50/211 496/50/211
f 516/26/16 515/24/16 483/24/16
f 600/66/41 599/64/41 567/64/41
f 552/34/321 551/32/321 519/32/321
f 566/62/322 565/60/322 533/60/322
f 553/36/323 552/34/323 520/34/323
f 567/64/324 566/62/324 534/62/324
f 522/38/325 554/38/325 553/36/325
f 568/66/326 567/64/326 535/64/326
f 523/40/328 555/40/328 554/38/328
f 569/68/329 568/66/329 536/66/329
f 524/42/331 556/42/673 555/40/331
f 538/70/332 570/70/332 569/68/332
f 525/44/333 557/44/333 556/42/333
f 539/72/334 571/72/334 570/70/334
f 526/46/335 558/46/335 557/44/335
f 572/74/336 571/72/336 539/72/336
f 527/48/337 559/48/337 558/46/337
f 546/22/338 545/19/338 513/19/338
f 541/76/339 573/76/339 572/74/339
f 528/50/340 560/50/340 559/48/340
f 547/24/341 546/22/341 514/22/341
f 574/78/342 573/76/342 541/76/342
f 529/52/343 561/52/343 560/50/343
f 548/26/344 547/24/344 515/24/344
f 543/79/346 575/79/346 574/78/347
f 530/54/348 562/54/348 561/52/348
f 517/28/349 549/28/349 548/26/349
f 544/82/350 576/82/350 575/79/350
f 531/56/351 563/56/351 562/54/351
f 550/30/352 549/28/352 517/28/352
f 545/86/353 576/82/353 544/82/353
f 564/58/354 563/56/354 531/56/354
f 519/32/355 551/32/355 550/30/355
f 603/72/356 635/72/674 634/70/356
f 587/40/24 586/38/24 554/38/24
f 601/68/42 600/66/42 568/66/42
f 588/42/25 587/40/25 555/40/26
f 602/70/43 601/68/43 569/68/43
f 589/44/27 588/42/27 556/42/27
f 571/72/44 603/72/174 602/70/174
f 590/46/357 589/44/357 557/44/357
f 572/74/45 604/74/45 603/72/45
f 591/48/30 590/46/30 558/46/30
f 546/22/14 578/22/14 577/19/14
f 573/76/46 605/76/46 604/74/46
f 592/50/32 591/48/32 559/48/32
f 547/24/15 579/24/15 578/22/15
f 574/78/210 606/78/47 605/76/210
f 593/52/33 592/50/33 560/50/33
f 580/26/16 579/24/16 547/24/16
f 607/79/358 606/78/358 574/78/48
f 594/54/34 593/52/34 561/52/34
f 549/28/17 581/28/17 580/26/17
f 608/82/50 607/79/50 575/79/50
f 595/56/35 594/54/35 562/54/35
f 582/30/359 581/28/359 549/28/94
f 577/86/95 608/82/95 576/82/95
f 596/58/36 595/56/175 563/56/36
f 583/32/19 582/30/19 550/30/19
f 597/60/97 596/58/37 564/58/97
f 584/34/20 583/32/20 551/32/20
f 598/62/39 597/60/39 565/60/39
f 585/36/21 584/34/21 552/34/21
f 599/64/91 598/62/135 566/62/91
f 586/38/22 585/36/22 553/36/22
f 643/24/15 642/22/15 610/22/15
f 590/46/360 622/46/360 621/44/360
f 604/74/361 636/74/361 635/72/361
f 623/48/362 622/46/362 590/46/362
f 610/22/363 609/19/363 577/19/363
f 637/76/364 636/74/364 604/74/364
f 624/50/365 623/48/365 591/48/365
f 579/24/366 611/24/366 610/22/366
f 638/78/367 637/76/367 605/76/367
f 593/52/368 625/52/368 624/50/368
f 580/26/369 612/26/369 611/24/369
f 607/79/370 639/79/370 638/78/371
f 594/54/372 626/54/372 625/52/372
f 581/28/373 613/28/373 612/26/373
f 608/82/374 640/82/374 639/79/374
f 627/56/375 626/54/376 594/54/376
f 582/30/377 614/30/377 613/28/377
f 577/86/378 609/86/378 640/82/378
f 628/58/380 627/56/380 595/56/380
f 615/32/381 614/30/382 582/30/382
f 629/60/383 628/58/383 596/58/383
f 616/34/384 615/32/581 583/32/384
f 630/62/385 629/60/385 597/60/385
f 585/36/386 617/36/386 616/34/387
f 631/64/388 630/62/388 598/62/388
f 618/38/389 617/36/389 585/36/389
f 632/66/390 631/64/390 599/64/390
f 619/40/391 618/38/391 586/38/391
f 601/68/393 633/68/393 632/66/394
f 620/42/395 619/40/395 587/40/395
f 634/70/396 633/68/396 601/68/396
f 589/44/398 621/44/398 620/42/398
f 678/30/399 677/28/399 645/28/399
f 670/78/47 669/76/47 637/76/47
f 657/52/211 656/50/33 624/50/211
f 644/26/133 643/24/133 611/24/133
f 671/79/358 670/78/134 638/78/358
f 658/54/34 657/52/34 625/52/34
f 645/28/17 644/26/17 612/26/17
f 672/82/50 671/79/50 639/79/50
f 659/56/212 658/54/35 626/54/35
f 646/30/18 645/28/94 613/28/94
f 641/86/95 672/82/95 640/82/95
f 660/58/36 659/56/36 627/56/36
f 647/32/400 646/30/96 614/30/96
f 661/60/37 660/58/37 628/58/37
f 648/34/20 647/32/20 615/32/20
f 662/62/173 661/60/173 629/60/173
f 649/36/21 648/34/21 616/34/21
f 663/64/40 662/62/91 630/62/91
f 650/38/22 649/36/22 617/36/22
f 664/66/41 663/64/41 631/64/41
f 651/40/24 650/38/24 618/38/24
f 665/68/42 664/66/42 632/66/42
f 652/42/25 651/40/25 619/40/25
f 666/70/43 665/68/43 633/68/43
f 653/44/27 652/42/27 620/42/27
f 667/72/44 666/70/44 634/70/44
f 654/46/29 653/44/357 621/44/357
f 668/74/93 667/72/93 635/72/93
f 655/48/30 654/46/30 622/46/30
f 642/22/14 641/19/14 609/19/14
f 669/76/46 668/74/46 636/74/46
f 656/50/32 655/48/32 623/48/32
f 713/36/21 712/34/21 680/34/21
f 673/86/401 704/82/401 672/82/401
f 692/58/402 691/56/402 659/56/402
f 647/32/403 679/32/403 678/30/403
f 661/60/404 693/60/404 692/58/404
f 680/34/405 679/32/405 647/32/405
f 694/62/406 693/60/406 661/60/406
f 649/36/407 681/36/675 680/34/407
f 663/64/408 695/64/408 694/62/408
f 682/38/409 681/36/409 649/36/409
f 664/66/410 696/66/410 695/64/411
f 683/40/412 682/38/412 650/38/412
f 665/68/413 697/68/413 696/66/413
f 684/42/414 683/40/414 651/40/414
f 666/70/415 698/70/415 697/68/415
f 653/44/416 685/44/416 684/42/417
f 667/72/418 699/72/418 698/70/418
f 686/46/420 685/44/420 653/44/420
f 700/74/422 699/72/422 667/72/422
f 687/48/423 686/46/676 654/46/423
f 642/22/424 674/22/424 673/19/424
f 669/76/425 701/76/425 700/74/425
f 688/50/426 687/48/426 655/48/426
f 675/24/427 674/22/427 642/22/427
f 670/78/428 702/78/428 701/76/428
f 689/52/429 688/50/429 656/50/429
f 644/26/430 676/26/430 675/24/431
f 703/79/432 702/78/432 670/78/432
f 690/54/433 689/52/434 657/52/434
f 645/28/435 677/28/435 676/26/435
f 672/82/437 704/82/437 703/79/437
f 691/56/438 690/54/438 658/54/438
f 748/42/439 747/40/439 715/40/439
f 727/64/91 726/62/91 694/62/91
f 714/38/22 713/36/22 681/36/22
f 728/66/41 727/64/41 695/64/41
f 715/40/24 714/38/24 682/38/24
f 729/68/42 728/66/92 696/66/92
f 716/42/25 715/40/26 683/40/25
f 730/70/43 729/68/43 697/68/43
f 717/44/27 716/42/27 684/42/27
f 731/72/174 730/70/44 698/70/44
f 718/46/29 717/44/29 685/44/29
f 732/74/93 731/72/45 699/72/45
f 719/48/31 718/46/31 686/46/31
f 706/22/14 705/19/14 673/19/14
f 733/76/46 732/74/46 700/74/46
f 720/50/32 719/48/32 687/48/32
f 707/24/15 706/22/588 674/22/15
f 734/78/47 733/76/210 701/76/210
f 721/52/33 720/50/33 688/50/33
f 708/26/16 707/24/16 675/24/16
f 735/79/358 734/78/48 702/78/48
f 722/54/34 721/52/34 689/52/34
f 709/28/17 708/26/441 676/26/441
f 736/82/50 735/79/50 703/79/50
f 723/56/35 722/54/35 690/54/35
f 710/30/94 709/28/94 677/28/94
f 705/86/51 736/82/51 704/82/51
f 724/58/36 723/56/175 691/56/36
f 711/32/96 710/30/400 678/30/96
f 725/60/37 724/58/37 692/58/37
f 712/34/20 711/32/20 679/32/20
f 726/62/39 725/60/173 693/60/38
f 783/48/31 782/46/30 750/46/30
f 762/70/442 761/68/443 729/68/443
f 749/44/444 748/42/444 716/42/444
f 763/72/445 762/70/445 730/70/445
f 750/46/446 749/44/447 717/44/447
f 732/74/448 764/74/448 763/72/448
f 751/48/449 750/46/450 718/46/450
f 706/22/451 738/22/451 737/19/451
f 733/76/452 765/76/452 764/74/452
f 720/50/453 752/50/453 751/48/453
f 739/24/454 738/22/455 706/22/455
f 766/78/456 765/76/456 733/76/456
f 721/52/457 753/52/457 752/50/457
f 708/26/458 740/26/458 739/24/458
f 767/79/459 766/78/460 734/78/460
f 754/54/462 753/52/462 721/52/462
f 709/28/463 741/28/463 740/26/463
f 736/82/465 768/82/465 767/79/465
f 723/56/466 755/56/466 754/54/466
f 742/30/467 741/28/467 709/28/467
f 737/86/468 768/82/469 736/82/469
f 724/58/470 756/58/470 755/56/470
f 743/32/472 742/30/677 710/30/472
f 725/60/473 757/60/473 756/58/473
f 712/34/474 744/34/474 743/32/474
f 726/62/475 758/62/475 757/60/475
f 713/36/476 745/36/476 744/34/476
f 727/64/477 759/64/477 758/62/477
f 714/38/478 746/38/478 745/36/478
f 760/66/479 759/64/479 727/64/479
f 715/40/480 747/40/480 746/38/481
f 761/68/482 760/66/482 728/66/482
f 786/54/483 818/54/483 817/52/483
f 770/22/14 769/19/14 737/19/14
f 797/76/46 796/74/46 764/74/46
f 784/50/32 783/48/32 751/48/32
f 771/24/15 770/22/15 738/22/15
f 798/78/47 797/76/132 765/76/210
f 785/52/33 784/50/33 752/50/33
f 772/26/133 771/24/16 739/24/16
f 799/79/358 798/78/48 766/78/48
f 786/54/34 785/52/34 753/52/34
f 773/28/17 772/26/17 740/26/17
f 800/82/50 799/79/50 767/79/50
f 787/56/35 786/54/35 754/54/35
f 774/30/18 773/28/359 741/28/359
f 769/86/95 800/82/95 768/82/95
f 788/58/175 787/56/36 755/56/36
f 775/32/19 774/30/400 742/30/96
f 789/60/37 788/58/37 756/58/37
f 776/34/20 775/32/20 743/32/20
f 790/62/173 789/60/173 757/60/173
f 777/36/21 776/34/21 744/34/21
f 791/64/91 790/62/91 758/62/91
f 778/38/22 777/36/22 745/36/22
f 792/66/41 791/64/41 759/64/41
f 779/40/24 778/38/24 746/38/24
f 793/68/92 792/66/92 760/66/92
f 780/42/25 779/40/25 747/40/25
f 794/70/43 793/68/43 761/68/43
f 781/44/27 780/42/27 748/42/27
f 795/72/44 794/70/174 762/70/174
f 782/46/29 781/44/357 749/44/357
f 796/74/93 795/72/93 763/72/93
f 853/60/37 852/58/97 820/58/37
f 805/28/484 804/26/484 772/26/484
f 832/82/485 831/79/485 799/79/485
f 819/56/486 818/54/486 786/54/486
f 806/30/487 805/28/487 773/28/487
f 801/86/488 832/82/488 800/82/488
f 788/58/489 820/58/489 819/56/489
f 775/32/490 807/32/490 806/30/490
f 821/60/491 820/58/491 788/58/491
f 808/34/492 807/32/493 775/32/493
f 822/62/494 821/60/494 789/60/494
f 809/36/495 808/34/495 776/34/495
f 823/64/496 822/62/496 790/62/496
f 810/38/497 809/36/497 777/36/497
f 792/66/498 824/66/498 823/64/498
f 811/40/499 810/38/499 778/38/499
f 793/68/500 825/68/500 824/66/500
f 780/42/501 812/42/501 811/40/501
f 794/70/502 826/70/502 825/68/502
f 781/44/503 813/44/503 812/42/503
f 795/72/504 827/72/504 826/70/504
f 814/46/505 813/44/505 781/44/505
f 796/74/506 828/74/506 827/72/506
f 815/48/507 814/46/507 782/46/507
f 802/22/508 801/19/508 769/19/508
f 797/76/509 829/76/509 828/74/509
f 784/50/510 816/50/510 815/48/510
f 803/24/511 802/22/511 770/22/511
f 798/78/512 830/78/598 829/76/512
f 785/52/513 817/52/513 816/50/513
f 772/26/514 804/26/514 803/24/514
f 799/79/515 831/79/515 830/78/515
f 888/66/516 887/64/517 855/64/517
f 840/34/20 839/32/20 807/32/20
f 854/62/519 853/60/173 821/60/519
f 841/36/21 840/34/21 808/34/21
f 855/64/40 854/62/40 822/62/40
f 842/38/22 841/36/22 809/36/22
f 856/66/41 855/64/41 823/64/41
f 843/40/24 842/38/24 810/38/24
f 857/68/42 856/66/42 824/66/42
f 844/42/26 843/40/26 811/40/26
f 858/70/43 857/68/43 825/68/43
f 845/44/27 844/42/27 812/42/27
f 859/72/44 858/70/44 826/70/44
f 846/46/28 845/44/29 813/44/29
f 860/74/93 859/72/45 827/72/45
f 847/48/31 846/46/30 814/46/31
f 834/22/14 833/19/14 801/19/14
f 861/76/46 860/74/46 828/74/46
f 848/50/32 847/48/32 815/48/32
f 835/24/15 834/22/15 802/22/15
f 862/78/132 861/76/132 829/76/132
f 849/52/33 848/50/33 816/50/33
f 836/26/133 835/24/133 803/24/133
f 863/79/134 862/78/358 830/78/358
f 850/54/34 849/52/34 817/52/34
f 837/28/17 836/26/17 804/26/17
f 864/82/50 863/79/50 831/79/50
f 851/56/212 850/54/212 818/54/212
f 838/30/18 837/28/94 805/28/94
f 833/86/95 864/82/95 832/82/95
f 852/58/175 851/56/175 819/56/175
f 839/32/19 838/30/96 806/30/19
f 913/52/33 912/50/33 880/50/33
f 843/40/521 875/40/521 874/38/521
f 889/68/522 888/66/523 856/66/523
f 844/42/524 876/42/524 875/40/524
f 890/70/525 889/68/615 857/68/525
f 877/44/526 876/42/526 844/42/526
f 891/72/527 890/70/527 858/70/527
f 878/46/528 877/44/528 845/44/528
f 892/74/529 891/72/529 859/72/529
f 879/48/530 878/46/530 846/46/530
f 834/22/531 866/22/531 865/19/532
f 893/76/533 892/74/533 860/74/533
f 880/50/534 879/48/535 847/48/535
f 867/24/536 866/22/536 834/22/536
f 894/78/537 893/76/538 861/76/538
f 881/52/539 880/50/539 848/50/539
f 868/26/540 867/24/540 835/24/540
f 863/79/541 895/79/541 894/78/541
f 882/54/543 881/52/543 849/52/543
f 869/28/544 868/26/544 836/26/544
f 864/82/545 896/82/545 895/79/545
f 883/56/546 882/54/678 850/54/546
f 838/30/547 870/30/547 869/28/547
f 833/86/548 865/86/548 896/82/548
f 852/58/549 884/58/549 883/56/550
f 871/32/551 870/30/552 838/30/552
f 853/60/553 885/60/553 884/58/554
f 840/34/555 872/34/555 871/32/556
f 886/62/557 885/60/558 853/60/558
f 841/36/559 873/36/559 872/34/560
f 887/64/561 886/62/561 854/62/561
f 842/38/562 874/38/607 873/36/562
f 897/89/563 898/122/563 899/95/563
f 899/95/563 900/123/563 901/124/563
f 901/124/563 902/125/679 903/126/563
f 903/126/563 904/127/679 905/128/563
f 905/128/563 906/129/679 907/94/563
f 907/94/563 908/130/563 909/131/563
f 909/131/563 910/132/679 911/133/563
f 911/133/563 912/134/563 913/87/563
f 913/87/563 914/135/563 915/93/563
f 915/93/563 916/136/563 917/137/563
f 917/137/563 918/138/563 919/139/563
f 919/139/563 920/140/563 921/88/563
f 921/88/563 922/141/680 923/142/563
f 923/142/563 924/143/563 925/144/563
f 925/144/563 926/145/563 927/146/563
f 927/146/563 928/147/563 897/89/563
f 897/89/563 899/95/563 901/124/563
f 901/124/563 903/126/563 905/128/563
f 905/128/563 907/94/563 909/131/563
f 909/131/563 911/133/563 913/87/563
f 913/87/563 915/93/563 917/137/563
f 917/137/563 919/139/563 921/88/563
f 921/88/563 923/142/563 925/144/563
f 925/144/563 927/146/563 897/89/563
f 897/89/563 901/124/563 905/128/563
f 905/128/563 909/131/563 913/87/563
f 913/87/563 917/137/563 921/88/563
f 921/88/563 925/144/563 897/89/563
f 897/89/563 905/128/563 913/87/563
f 927/79/48 926/78/48 894/78/48
f 914/54/34 913/52/34 881/52/34
f 928/82/50 927/79/50 895/79/50
f 898/22/14 897/19/14 865/19/14
f 915/56/35 914/54/35 882/54/35
f 897/86/95 928/82/95 896/82/95
f 899/24/15 898/22/15 866/22/15
f 916/58/36 915/56/36 883/56/36
f 900/26/16 899/24/16 867/24/16
f 917/60/37 916/58/37 884/58/37
f 904/34/20 903/32/20 871/32/20
f 901/28/17 900/26/17 868/26/17
f 918/62/38 917/60/38 885/60/38
f 905/36/21 904/34/21 872/34/21
f 902/30/18 901/28/18 869/28/18
f 919/64/135 918/62/135 886/62/135
f 906/38/22 905/36/22 873/36/22
f 903/32/400 902/30/400 870/30/400
f 920/66/41 919/64/41 887/64/41
f 907/40/24 906/38/24 874/38/24
f 921/68/42 920/66/42 888/66/42
f 908/42/25 907/40/25 875/40/25
f 922/70/43 921/68/43 889/68/43
f 909/44/27 908/42/27 876/42/27
f 923/72/44 922/70/44 890/70/44
f 910/46/28 909/44/28 877/44/28
f 924/74/93 923/72/93 891/72/93
f 911/48/31 910/46/31 878/46/31
f 925/76/46 924/74/46 892/74/46
f 912/50/32 911/48/32 879/48/32
f 926/78/132 925/76/132 893/76/132
f 930/19/51 932/22/51 931/18/51
f 932/22/50 934/24/50 933/21/50
f 934/24/48 936/26/48 935/23/358
f 936/26/210 938/28/210 937/25/132
f 938/28/46 940/30/46 939/27/46
f 940/30/45 942/32/45 941/29/45
f 942/32/174 944/34/174 943/31/174
f 944/34/43 946/36/43 945/33/43
f 946/36/42 948/38/42 947/35/42
f 948/38/41 950/40/41 949/37/41
f 950/40/40 952/42/40 951/39/91
f 952/42/38 954/44/38 953/41/173
f 954/44/37 956/46/37 955/43/37
f 956/46/36 958/48/36 957/45/36
f 958/48/35 960/50/35 959/47/35
f 960/50/34 962/52/34 961/49/34
f 962/52/33 964/54/33 963/51/33
f 964/54/32 966/56/32 965/53/32
f 966/56/30 968/58/30 967/55/30
f 968/58/357 970/60/357 969/57/29
f 970/60/27 972/62/27 971/59/27
f 972/62/25 974/64/25 973/61/25
f 974/64/24 976/66/24 975/63/24
f 976/66/22 978/68/22 977/65/22
f 978/68/21 980/70/21 979/67/21
f 980/70/20 982/72/20 981/69/20
f 982/72/19 984/74/19 983/71/19
f 984/74/94 986/76/94 985/73/94
f 986/76/17 988/78/17 987/75/17
f 988/78/133 990/79/133 989/77/16
f 988/78/317 1406/78/317 1407/79/317
f 990/79/15 992/82/15 991/80/15
f 992/82/14 930/86/14 929/81/14
f 945/33/85 1001/33/85 1000/31/85
f 1014/59/27 1046/59/27 1045/57/27
f 963/51/83 1010/51/83 1009/49/83
f 981/69/80 1019/69/80 1018/67/80
f 937/25/79 997/25/79 996/23/79
f 955/43/78 1006/43/78 1005/41/78
f 971/59/564 973/61/77 1015/61/77
f 989/77/76 991/80/76 1024/80/76
f 945/33/75 947/35/75 1002/35/75
f 963/51/73 965/53/73 1011/53/73
f 983/71/71 1020/71/71 1019/69/71
f 939/27/70 998/27/70 997/25/70
f 957/45/69 1007/45/69 1006/43/69
f 973/61/68 975/63/68 1016/63/68
f 929/20/67 931/18/67 994/18/67
f 929/81/565 993/81/565 1024/80/66
f 949/37/65 1003/37/65 1002/35/65
f 967/55/64 1012/55/64 1011/53/64
f 983/71/62 985/73/62 1021/73/62
f 939/27/61 941/29/61 999/29/61
f 959/47/60 1008/47/60 1007/45/60
f 977/65/566 1017/65/59 1016/63/567
f 933/21/58 995/21/58 994/18/58
f 951/39/57 1004/39/57 1003/37/57
f 967/55/56 969/57/56 1013/57/56
f 987/75/568 1022/75/568 1021/73/568
f 941/29/54 943/31/54 1000/31/54
f 959/47/53 961/49/53 1009/49/53
f 977/65/52 979/67/52 1018/67/52
f 935/23/89 996/23/89 995/21/89
f 953/41/88 1005/41/88 1004/39/88
f 969/57/87 971/59/87 1014/59/87
f 987/75/86 989/77/86 1023/77/86
f 1049/65/128 1081/65/128 1080/63/128
f 1001/33/43 1033/33/43 1032/31/43
f 1015/61/25 1047/61/25 1046/59/25
f 1002/35/42 1034/35/42 1033/33/42
f 1016/63/24 1048/63/24 1047/61/23
f 1003/37/41 1035/37/41 1034/35/41
f 1017/65/22 1049/65/22 1048/63/22
f 1004/39/91 1036/39/91 1035/37/91
f 1018/67/21 1050/67/21 1049/65/21
f 1005/41/38 1037/41/38 1036/39/38
f 1019/69/20 1051/69/20 1050/67/20
f 1006/43/37 1038/43/37 1037/41/37
f 1020/71/19 1052/71/19 1051/69/19
f 1007/45/36 1039/45/36 1038/43/36
f 994/18/95 1026/18/95 1025/20/95
f 1021/73/94 1053/73/94 1052/71/570
f 1008/47/35 1040/47/35 1039/45/35
f 995/21/50 1027/21/50 1026/18/50
f 1022/75/441 1054/75/441 1053/73/441
f 1009/49/34 1041/49/34 1040/47/34
f 996/23/48 1028/23/48 1027/21/48
f 1023/77/16 1055/77/16 1054/75/16
f 1010/51/33 1042/51/33 1041/49/33
f 997/25/210 1029/25/210 1028/23/210
f 1024/80/15 1056/80/15 1055/77/15
f 1011/53/32 1043/53/32 1042/51/32
f 998/27/46 1030/27/46 1029/25/46
f 993/81/14 1025/81/14 1056/80/14
f 1012/55/31 1044/55/31 1043/53/30
f 999/29/93 1031/29/93 1030/27/45
f 1013/57/357 1045/57/357 1044/55/357
f 1000/31/44 1032/31/44 1031/29/44
f 1084/71/400 1116/71/400 1115/69/96
f 1035/37/127 1036/39/127 1068/39/127
f 1049/65/126 1050/67/126 1082/67/126
f 1036/39/125 1037/41/125 1069/41/125
f 1050/67/124 1051/69/124 1083/69/124
f 1037/41/123 1038/43/123 1070/43/123
f 1052/71/122 1084/71/122 1083/69/122
f 1039/45/121 1071/45/121 1070/43/121
f 1025/20/120 1026/18/120 1058/18/120
f 1053/73/119 1085/73/119 1084/71/119
f 1039/45/118 1040/47/118 1072/47/118
f 1026/18/117 1027/21/117 1059/21/117
f 1054/75/116 1086/75/116 1085/73/116
f 1040/47/115 1041/49/115 1073/49/115
f 1027/21/113 1028/23/113 1060/23/113
f 1054/75/112 1055/77/112 1087/77/112
f 1041/49/111 1042/51/111 1074/51/111
f 1029/25/109 1061/25/109 1060/23/109
f 1056/80/108 1088/80/108 1087/77/108
f 1043/53/107 1075/53/107 1074/51/107
f 1029/25/106 1030/27/106 1062/27/106
f 1025/81/105 1057/81/105 1088/80/105
f 1044/55/104 1076/55/619 1075/53/104
f 1030/27/103 1031/29/103 1063/29/103
f 1045/57/102 1077/57/102 1076/55/102
f 1032/31/101 1064/31/101 1063/29/101
f 1045/57/571 1046/59/571 1078/59/571
f 1033/33/99 1065/33/99 1064/31/99
f 1047/61/98 1079/61/98 1078/59/98
f 1033/33/90 1034/35/90 1066/35/90
f 1048/63/130 1080/63/130 1079/61/130
f 1034/35/129 1035/37/129 1067/37/129
f 1092/23/136 1124/23/136 1123/21/137
f 1071/45/175 1103/45/175 1102/43/36
f 1058/18/95 1090/18/95 1089/20/95
f 1085/73/18 1117/73/248 1116/71/18
f 1072/47/35 1104/47/35 1103/45/35
f 1059/21/50 1091/21/50 1090/18/50
f 1086/75/17 1118/75/17 1117/73/17
f 1073/49/34 1105/49/34 1104/47/34
f 1060/23/358 1092/23/358 1091/21/358
f 1087/77/133 1119/77/133 1118/75/133
f 1074/51/33 1106/51/33 1105/49/33
f 1061/25/132 1093/25/132 1092/23/132
f 1088/80/15 1120/80/15 1119/77/15
f 1075/53/32 1107/53/32 1106/51/32
f 1062/27/46 1094/27/46 1093/25/46
f 1057/81/14 1089/81/14 1120/80/14
f 1076/55/31 1108/55/31 1107/53/31
f 1063/29/45 1095/29/45 1094/27/45
f 1077/57/29 1109/57/29 1108/55/28
f 1064/31/44 1096/31/44 1095/29/174
f 1078/59/27 1110/59/27 1109/57/27
f 1065/33/43 1097/33/43 1096/31/43
f 1079/61/25 1111/61/25 1110/59/25
f 1066/35/42 1098/35/42 1097/33/42
f 1080/63/24 1112/63/24 1111/61/24
f 1067/37/41 1099/37/41 1098/35/41
f 1081/65/22 1113/65/22 1112/63/22
f 1068/39/40 1100/39/40 1099/37/91
f 1082/67/21 1114/67/21 1113/65/21
f 1069/41/38 1101/41/38 1100/39/38
f 1083/69/20 1115/69/20 1114/67/20
f 1070/43/37 1102/43/37 1101/41/37
f 1127/29/93 1159/29/93 1158/27/93
f 1118/75/131 1119/77/131 1151/77/131
f 1105/49/171 1106/51/171 1138/51/171
f 1092/23/170 1093/25/170 1125/25/170
f 1120/80/169 1152/80/169 1151/77/169
f 1107/53/167 1139/53/167 1138/51/167
f 1094/27/166 1126/27/166 1125/25/166
f 1089/81/165 1121/81/165 1152/80/165
f 1108/55/164 1140/55/164 1139/53/164
f 1095/29/163 1127/29/163 1126/27/163
f 1108/55/161 1109/57/162 1141/57/161
f 1095/29/160 1096/31/160 1128/31/160
f 1110/59/159 1142/59/159 1141/57/159
f 1096/31/158 1097/33/158 1129/33/158
f 1111/61/157 1143/61/157 1142/59/157
f 1097/33/156 1098/35/156 1130/35/156
f 1112/63/155 1144/63/155 1143/61/154
f 1098/35/153 1099/37/153 1131/37/153
f 1113/65/152 1145/65/152 1144/63/152
f 1099/37/151 1100/39/151 1132/39/151
f 1114/67/150 1146/67/150 1145/65/150
f 1100/39/149 1101/41/149 1133/41/149
f 1115/69/147 1147/69/623 1146/67/147
f 1101/41/146 1102/43/146 1134/43/146
f 1115/69/145 1116/71/145 1148/71/145
f 1103/45/144 1135/45/144 1134/43/144
f 1089/20/143 1090/18/143 1122/18/143
f 1116/71/142 1117/73/142 1149/73/142
f 1104/47/141 1136/47/141 1135/45/141
f 1090/18/140 1091/21/140 1123/21/140
f 1118/75/139 1150/75/139 1149/73/139
f 1105/49/138 1137/49/138 1136/47/138
f 1162/35/179 1194/35/179 1193/33/179
f 1141/57/29 1173/57/29 1172/55/29
f 1128/31/44 1160/31/44 1159/29/44
f 1142/59/27 1174/59/27 1173/57/27
f 1129/33/43 1161/33/43 1160/31/43
f 1143/61/25 1175/61/25 1174/59/25
f 1130/35/42 1162/35/42 1161/33/42
f 1144/63/24 1176/63/24 1175/61/24
f 1131/37/41 1163/37/41 1162/35/41
f 1145/65/22 1177/65/22 1176/63/22
f 1132/39/91 1164/39/91 1163/37/91
f 1146/67/21 1178/67/21 1177/65/21
f 1133/41/173 1165/41/173 1164/39/173
f 1147/69/20 1179/69/20 1178/67/20
f 1134/43/37 1166/43/37 1165/41/37
f 1148/71/96 1180/71/400 1179/69/96
f 1135/45/175 1167/45/175 1166/43/175
f 1122/18/95 1154/18/95 1153/20/95
f 1149/73/18 1181/73/18 1180/71/18
f 1136/47/35 1168/47/35 1167/45/35
f 1123/21/50 1155/21/50 1154/18/50
f 1150/75/17 1182/75/17 1181/73/17
f 1137/49/34 1169/49/34 1168/47/34
f 1124/23/48 1156/23/48 1155/21/48
f 1151/77/16 1183/77/16 1182/75/16
f 1138/51/33 1170/51/33 1169/49/33
f 1125/25/132 1157/25/132 1156/23/132
f 1152/80/15 1184/80/15 1183/77/15
f 1139/53/32 1171/53/32 1170/51/32
f 1126/27/46 1158/27/46 1157/25/46
f 1121/81/14 1153/81/14 1184/80/14
f 1140/55/30 1172/55/30 1171/53/30
f 1197/41/173 1229/41/173 1228/39/173
f 1175/61/178 1176/63/178 1208/63/178
f 1163/37/176 1195/37/176 1194/35/176
f 1176/63/172 1177/65/172 1209/65/172
f 1164/39/208 1196/39/208 1195/37/208
f 1177/65/207 1178/67/207 1210/67/207
f 1165/41/206 1197/41/206 1196/39/206
f 1179/69/205 1211/69/205 1210/67/205
f 1166/43/204 1198/43/204 1197/41/204
f 1180/71/203 1212/71/203 1211/69/203
f 1167/45/202 1199/45/202 1198/43/202
f 1153/20/201 1154/18/201 1186/18/201
f 1181/73/200 1213/73/200 1212/71/200
f 1168/47/199 1200/47/199 1199/45/199
f 1154/18/198 1155/21/198 1187/21/198
f 1182/75/197 1214/75/197 1213/73/197
f 1168/47/196 1169/49/196 1201/49/196
f 1155/21/195 1156/23/195 1188/23/195
f 1182/75/194 1183/77/194 1215/77/194
f 1169/49/193 1170/51/193 1202/51/193
f 1156/23/192 1157/25/192 1189/25/192
f 1184/80/190 1216/80/190 1215/77/190
f 1170/51/189 1171/53/189 1203/53/189
f 1157/25/188 1158/27/188 1190/27/188
f 1153/81/187 1185/81/187 1216/80/187
f 1172/55/186 1204/55/186 1203/53/186
f 1158/27/185 1159/29/185 1191/29/185
f 1173/57/184 1205/57/184 1204/55/184
f 1159/29/183 1160/31/183 1192/31/183
f 1174/59/182 1206/59/182 1205/57/182
f 1161/33/181 1193/33/181 1192/31/181
f 1175/61/180 1207/61/180 1206/59/180
f 1231/45/222 1232/47/221 1264/47/222
f 1211/69/20 1243/69/20 1242/67/20
f 1198/43/37 1230/43/37 1229/41/37
f 1212/71/19 1244/71/19 1243/69/19
f 1199/45/36 1231/45/36 1230/43/36
f 1186/18/95 1218/18/95 1217/20/95
f 1213/73/94 1245/73/94 1244/71/94
f 1200/47/35 1232/47/35 1231/45/35
f 1187/21/50 1219/21/50 1218/18/50
f 1214/75/17 1246/75/441 1245/73/17
f 1201/49/34 1233/49/34 1232/47/34
f 1188/23/48 1220/23/48 1219/21/48
f 1215/77/16 1247/77/16 1246/75/16
f 1202/51/211 1234/51/211 1233/49/211
f 1189/25/210 1221/25/210 1220/23/210
f 1216/80/15 1248/80/15 1247/77/15
f 1203/53/32 1235/53/32 1234/51/32
f 1190/27/46 1222/27/46 1221/25/46
f 1185/81/14 1217/81/14 1248/80/14
f 1204/55/30 1236/55/30 1235/53/30
f 1191/29/45 1223/29/45 1222/27/45
f 1205/57/29 1237/57/357 1236/55/29
f 1192/31/44 1224/31/44 1223/29/44
f 1206/59/27 1238/59/27 1237/57/27
f 1193/33/43 1225/33/43 1224/31/43
f 1207/61/25 1239/61/25 1238/59/25
f 1194/35/42 1226/35/42 1225/33/42
f 1208/63/24 1240/63/24 1239/61/24
f 1195/37/41 1227/37/41 1226/35/41
f 1209/65/22 1241/65/22 1240/63/22
f 1196/39/91 1228/39/91 1227/37/91
f 1210/67/21 1242/67/21 1241/65/21
f 1267/53/32 1299/53/32 1298/51/32
f 1218/18/220 1219/21/220 1251/21/220
f 1245/73/219 1246/75/219 1278/75/219
f 1232/47/218 1233/49/218 1265/49/218
f 1220/23/217 1252/23/217 1251/21/575
f 1246/75/216 1247/77/216 1279/77/216
f 1234/51/215 1266/51/215 1265/49/215
f 1221/25/214 1253/25/214 1252/23/214
f 1248/80/213 1280/80/213 1279/77/213
f 1235/53/209 1267/53/209 1266/51/209
f 1222/27/245 1254/27/245 1253/25/245
f 1248/80/244 1217/81/244 1249/81/244
f 1236/55/243 1268/55/243 1267/53/243
f 1223/29/242 1255/29/242 1254/27/242
f 1237/57/240 1269/57/240 1268/55/240
f 1223/29/239 1224/31/239 1256/31/239
f 1237/57/238 1238/59/238 1270/59/238
f 1224/31/237 1225/33/237 1257/33/237
f 1238/59/236 1239/61/236 1271/61/236
f 1225/33/235 1226/35/235 1258/35/235
f 1240/63/234 1272/63/234 1271/61/234
f 1226/35/233 1227/37/233 1259/37/233
f 1241/65/232 1273/65/232 1272/63/232
f 1227/37/231 1228/39/231 1260/39/231
f 1242/67/230 1274/67/230 1273/65/230
f 1228/39/229 1229/41/229 1261/41/229
f 1242/67/228 1243/69/228 1275/69/228
f 1230/43/227 1262/43/227 1261/41/227
f 1243/69/226 1244/71/226 1276/71/226
f 1230/43/225 1231/45/225 1263/45/225
f 1217/20/224 1218/18/224 1250/18/224
f 1244/71/223 1245/73/223 1277/73/223
f 1301/57/262 1302/59/262 1334/59/262
f 1254/27/46 1286/27/46 1285/25/46
f 1249/81/14 1281/81/14 1312/80/14
f 1268/55/30 1300/55/30 1299/53/30
f 1255/29/45 1287/29/45 1286/27/93
f 1269/57/357 1301/57/357 1300/55/357
f 1256/31/44 1288/31/44 1287/29/44
f 1270/59/27 1302/59/27 1301/57/27
f 1257/33/43 1289/33/43 1288/31/43
f 1271/61/25 1303/61/25 1302/59/25
f 1258/35/42 1290/35/42 1289/33/42
f 1272/63/24 1304/63/24 1303/61/24
f 1259/37/41 1291/37/41 1290/35/41
f 1273/65/22 1305/65/22 1304/63/22
f 1260/39/91 1292/39/91 1291/37/91
f 1274/67/21 1306/67/21 1305/65/21
f 1261/41/38 1293/41/38 1292/39/173
f 1275/69/20 1307/69/20 1306/67/20
f 1262/43/37 1294/43/37 1293/41/37
f 1276/71/19 1308/71/19 1307/69/96
f 1263/45/36 1295/45/36 1294/43/36
f 1250/18/95 1282/18/95 1281/20/95
f 1277/73/248 1309/73/248 1308/71/18
f 1264/47/35 1296/47/35 1295/45/35
f 1251/21/577 1283/21/577 1282/18/50
f 1278/75/17 1310/75/17 1309/73/17
f 1265/49/34 1297/49/34 1296/47/34
f 1252/23/252 1284/23/252 1283/21/358
f 1279/77/133 1311/77/133 1310/75/133
f 1266/51/33 1298/51/33 1297/49/33
f 1253/25/210 1285/25/210 1284/23/210
f 1280/80/15 1312/80/681 1311/77/579
f 1337/65/22 1369/65/22 1368/63/22
f 1289/33/261 1321/33/261 1320/31/261
f 1302/59/260 1303/61/260 1335/61/260
f 1290/35/259 1322/35/259 1321/33/259
f 1303/61/258 1304/63/258 1336/63/258
f 1291/37/257 1323/37/257 1322/35/257
f 1305/65/256 1337/65/256 1336/63/256
f 1292/39/255 1324/39/255 1323/37/255
f 1306/67/254 1338/67/254 1337/65/254
f 1293/41/247 1325/41/247 1324/39/247
f 1307/69/284 1339/69/284 1338/67/284
f 1294/43/283 1326/43/283 1325/41/283
f 1308/71/282 1340/71/282 1339/69/282
f 1294/43/281 1295/45/281 1327/45/281
f 1281/20/280 1282/18/280 1314/18/280
f 1309/73/279 1341/73/279 1340/71/279
f 1296/47/278 1328/47/278 1327/45/278
f 1283/21/277 1315/21/277 1314/18/277
f 1310/75/276 1342/75/276 1341/73/276
f 1297/49/275 1329/49/275 1328/47/275
f 1284/23/274 1316/23/274 1315/21/274
f 1310/75/273 1311/77/273 1343/77/273
f 1297/49/272 1298/51/272 1330/51/272
f 1285/25/271 1317/25/271 1316/23/271
f 1311/77/270 1312/80/270 1344/80/270
f 1298/51/269 1299/53/269 1331/53/269
f 1285/25/268 1286/27/268 1318/27/268
f 1281/81/267 1313/81/267 1344/80/267
f 1299/53/266 1300/55/266 1332/55/266
f 1286/27/265 1287/29/265 1319/29/265
f 1300/55/264 1301/57/264 1333/57/264
f 1288/31/263 1320/31/263 1319/29/263
f 1376/92/285 1345/96/285 1346/85/285
f 1346/85/285 1347/121/285 1348/120/285
f 1348/120/285 1349/119/285 1350/118/285
f 1350/118/285 1351/117/285 1352/116/285
f 1352/116/285 1353/115/285 1354/84/285
f 1354/84/285 1355/114/285 1356/113/285
f 1356/113/285 1357/112/285 1358/111/285
f 1358/111/285 1359/110/285 1360/90/285
f 1360/90/285 1361/109/285 1362/83/285
f 1362/83/285 1363/108/285 1364/107/285
f 1364/107/285 1365/106/285 1366/105/285
f 1366/105/285 1367/104/285 1368/91/285
f 1368/91/285 1369/103/285 1370/102/285
f 1370/102/285 1371/101/285 1372/100/285
f 1372/100/285 1373/99/285 1374/98/285
f 1374/98/285 1375/97/285 1376/92/285
f 1376/92/285 1346/85/285 1348/120/285
f 1348/120/285 1350/118/285 1352/116/285
f 1352/116/285 1354/84/285 1356/113/285
f 1356/113/285 1358/111/285 1360/90/285
f 1360/90/285 1362/83/285 1364/107/285
f 1364/107/285 1366/105/285 1368/91/285
f 1368/91/285 1370/102/285 1372/100/285
f 1372/100/285 1374/98/285 1376/92/285
f 1376/92/285 1348/120/285 1352/116/285
f 1352/116/285 1356/113/285 1360/90/285
f 1360/90/285 1364/107/285 1368/91/285
f 1368/91/285 1372/100/285 1376/92/285
f 1376/92/285 1352/116/285 1360/90/285
f 1324/39/91 1356/39/40 1355/37/40
f 1338/67/21 1370/67/21 1369/65/21
f 1325/41/173 1357/41/173 1356/39/173
f 1339/69/20 1371/69/20 1370/67/20
f 1326/43/37 1358/43/37 1357/41/37
f 1340/71/96 1372/71/19 1371/69/19
f 1327/45/175 1359/45/175 1358/43/175
f 1314/18/95 1346/18/95 1345/20/95
f 1341/73/18 1373/73/94 1372/71/94
f 1328/47/212 1360/47/212 1359/45/212
f 1315/21/50 1347/21/50 1346/18/50
f 1342/75/17 1374/75/17 1373/73/17
f 1329/49/34 1361/49/34 1360/47/34
f 1316/23/358 1348/23/358 1347/21/358
f 1343/77/16 1375/77/16 1374/75/16
f 1330/51/33 1362/51/33 1361/49/33
f 1317/25/132 1349/25/210 1348/23/132
f 1344/80/15 1376/80/15 1375/77/15
f 1331/53/32 1363/53/32 1362/51/32
f 1318/27/46 1350/27/46 1349/25/46
f 1313/81/14 1345/81/14 1376/80/14
f 1332/55/30 1364/55/30 1363/53/30
f 1319/29/93 1351/29/45 1350/27/93
f 1333/57/29 1365/57/29 1364/55/29
f 1320/31/44 1352/31/44 1351/29/44
f 1334/59/27 1366/59/27 1365/57/27
f 1321/33/43 1353/33/43 1352/31/43
f 1335/61/26 1367/61/26 1366/59/26
f 1322/35/42 1354/35/42 1353/33/42
f 1336/63/24 1368/63/24 1367/61/24
f 1323/37/41 1355/37/41 1354/35/41
f 1406/78/16 1438/78/16 1439/79/16
f 946/36/316 944/34/316 1384/34/316
f 962/52/315 1393/52/315 1394/54/315
f 982/72/314 980/70/314 1402/70/314
f 936/26/313 1380/26/313 1381/28/313
f 956/46/312 954/44/312 1389/44/312
f 972/62/310 1398/62/310 1399/64/310
f 990/79/309 1407/79/309 1408/82/309
f 946/36/308 1385/36/308 1386/38/308
f 964/54/307 1394/54/307 1395/56/307
f 984/74/306 982/72/306 1403/72/306
f 938/28/305 1381/28/305 1382/30/305
f 956/46/304 1390/46/304 1391/48/304
f 976/66/303 974/64/303 1399/64/303
f 932/22/302 930/19/302 1377/19/302
f 930/86/301 992/82/301 1408/82/301
f 948/38/300 1386/38/299 1387/40/300
f 966/56/298 1395/56/298 1396/58/298
f 984/74/297 1404/74/297 1405/76/297
f 940/30/296 1382/30/296 1383/32/296
f 960/50/295 958/48/295 1391/48/295
f 978/68/294 976/66/294 1400/66/294
f 934/24/293 932/22/293 1378/22/293
f 952/42/291 950/40/292 1387/40/291
f 968/58/290 1396/58/290 1397/60/290
f 986/76/289 1405/76/289 1406/78/289
f 944/34/288 942/32/288 1383/32/288
f 960/50/287 1392/50/287 1393/52/287
f 978/68/286 1401/68/286 1402/70/286
f 936/26/49 934/24/49 1379/24/49
f 952/42/319 1388/42/319 1389/44/319
f 972/62/318 970/60/318 1397/60/318
f 1429/60/335 1428/58/335 1460/58/335
f 1393/52/211 1425/52/211 1426/54/211
f 1380/26/132 1412/26/132 1413/28/132
f 1407/79/15 1439/79/15 1440/82/15
f 1394/54/32 1426/54/32 1427/56/32
f 1381/28/46 1413/28/46 1414/30/46
f 1408/82/14 1440/82/14 1409/86/14
f 1396/58/30 1395/56/30 1427/56/30
f 1382/30/45 1414/30/45 1415/32/45
f 1397/60/29 1396/58/29 1428/58/29
f 1383/32/44 1415/32/44 1416/34/44
f 1397/60/27 1429/60/27 1430/62/27
f 1384/34/43 1416/34/43 1417/36/43
f 1398/62/25 1430/62/25 1431/64/25
f 1385/36/42 1417/36/42 1418/38/42
f 1399/64/24 1431/64/24 1432/66/24
f 1387/40/41 1386/38/41 1418/38/41
f 1400/66/22 1432/66/22 1433/68/22
f 1388/42/91 1387/40/135 1419/40/91
f 1401/68/21 1433/68/21 1434/70/21
f 1388/42/173 1420/42/38 1421/44/173
f 1402/70/20 1434/70/20 1435/72/20
f 1389/44/37 1421/44/37 1422/46/37
f 1403/72/96 1435/72/400 1436/74/96
f 1390/46/36 1422/46/36 1423/48/36
f 1377/19/95 1409/19/95 1410/22/95
f 1404/74/18 1436/74/18 1437/76/18
f 1392/50/35 1391/48/35 1423/48/35
f 1378/22/50 1410/22/50 1411/24/50
f 1405/76/17 1437/76/17 1438/78/17
f 1392/50/34 1424/50/34 1425/52/34
f 1379/24/48 1411/24/48 1412/26/48
f 1463/64/24 1495/64/24 1496/66/24
f 1415/32/334 1447/32/334 1448/34/334
f 1429/60/333 1461/60/333 1462/62/333
f 1416/34/332 1448/34/332 1449/36/332
f 1430/62/331 1462/62/331 1463/64/331
f 1418/38/329 1417/36/329 1449/36/329
f 1431/64/328 1463/64/328 1464/66/328
f 1419/40/326 1418/38/327 1450/38/327
f 1432/66/325 1464/66/325 1465/68/325
f 1420/42/324 1419/40/324 1451/40/324
f 1434/70/323 1433/68/323 1465/68/323
f 1421/44/322 1420/42/322 1452/42/322
f 1435/72/321 1434/70/321 1466/70/321
f 1422/46/320 1421/44/320 1453/44/320
f 1435/72/355 1467/72/355 1468/74/355
f 1423/48/354 1422/46/354 1454/46/354
f 1409/19/353 1441/19/353 1442/22/353
f 1436/74/352 1468/74/352 1469/76/352
f 1424/50/351 1423/48/351 1455/48/351
f 1410/22/350 1442/22/350 1443/24/350
f 1437/76/349 1469/76/349 1470/78/349
f 1425/52/348 1424/50/348 1456/50/348
f 1411/24/347 1443/24/346 1444/26/347
f 1439/79/345 1438/78/344 1470/78/345
f 1426/54/343 1425/52/343 1457/52/343
f 1413/28/342 1412/26/342 1444/26/342
f 1440/82/341 1439/79/341 1471/79/341
f 1427/56/340 1426/54/340 1458/54/340
f 1413/28/339 1445/28/339 1446/30/339
f 1440/82/338 1472/82/338 1441/86/338
f 1427/56/337 1459/56/337 1460/58/337
f 1414/30/336 1446/30/336 1447/32/336
f 1499/72/384 1498/70/581 1530/70/581
f 1450/38/41 1482/38/41 1483/40/41
f 1464/66/22 1496/66/22 1497/68/22
f 1451/40/40 1483/40/40 1484/42/40
f 1465/68/21 1497/68/21 1498/70/21
f 1452/42/39 1484/42/38 1485/44/39
f 1467/72/20 1466/70/20 1498/70/20
f 1453/44/97 1485/44/97 1486/46/97
f 1468/74/19 1467/72/19 1499/72/19
f 1454/46/175 1486/46/175 1487/48/175
f 1442/22/95 1441/19/95 1473/19/95
f 1469/76/94 1468/74/18 1500/74/359
f 1455/48/35 1487/48/35 1488/50/35
f 1443/24/50 1442/22/50 1474/22/50
f 1470/78/17 1469/76/17 1501/76/17
f 1456/50/34 1488/50/34 1489/52/34
f 1443/24/48 1475/24/48 1476/26/48
f 1470/78/16 1502/78/16 1503/79/16
f 1457/52/33 1489/52/33 1490/54/33
f 1445/28/210 1444/26/210 1476/26/210
f 1471/79/15 1503/79/15 1504/82/15
f 1458/54/32 1490/54/32 1491/56/32
f 1445/28/46 1477/28/46 1478/30/46
f 1472/82/14 1504/82/14 1473/86/14
f 1459/56/30 1491/56/30 1492/58/30
f 1446/30/45 1478/30/45 1479/32/45
f 1460/58/357 1492/58/357 1493/60/357
f 1447/32/44 1479/32/174 1480/34/44
f 1461/60/520 1493/60/27 1494/62/27
f 1448/34/43 1480/34/43 1481/36/43
f 1462/62/25 1494/62/25 1495/64/25
f 1449/36/42 1481/36/42 1482/38/42
f 1506/22/50 1538/22/50 1539/24/50
f 1486/46/383 1485/44/383 1517/44/383
f 1500/74/382 1499/72/382 1531/72/382
f 1486/46/380 1518/46/380 1519/48/380
f 1473/19/378 1505/19/378 1506/22/378
f 1500/74/377 1532/74/377 1533/76/377
f 1488/50/376 1487/48/375 1519/48/376
f 1475/24/374 1474/22/374 1506/22/374
f 1502/78/373 1501/76/373 1533/76/373
f 1489/52/372 1488/50/372 1520/50/372
f 1476/26/370 1475/24/370 1507/24/370
f 1503/79/582 1502/78/582 1534/78/582
f 1490/54/368 1489/52/368 1521/52/368
f 1477/28/367 1476/26/367 1508/26/367
f 1504/82/366 1503/79/366 1535/79/366
f 1490/54/365 1522/54/365 1523/56/365
f 1478/30/364 1477/28/364 1509/28/364
f 1473/86/363 1504/82/363 1536/82/363
f 1491/56/362 1523/56/362 1524/58/362
f 1478/30/361 1510/30/361 1511/32/361
f 1492/58/360 1524/58/360 1525/60/360
f 1479/32/356 1511/32/674 1512/34/356
f 1493/60/398 1525/60/398 1526/62/398
f 1481/36/396 1480/34/396 1512/34/396
f 1494/62/395 1526/62/395 1527/64/395
f 1481/36/393 1513/36/393 1514/38/393
f 1495/64/391 1527/64/391 1528/66/391
f 1482/38/390 1514/38/390 1515/40/390
f 1497/68/389 1496/66/389 1528/66/389
f 1483/40/585 1515/40/682 1516/42/585
f 1497/68/387 1529/68/387 1530/70/387
f 1485/44/385 1484/42/385 1516/42/385
f 1541/28/425 1573/28/425 1574/30/425
f 1533/76/17 1565/76/17 1566/78/441
f 1520/50/34 1552/50/34 1553/52/34
f 1507/24/358 1539/24/358 1540/26/48
f 1534/78/133 1566/78/133 1567/79/133
f 1521/52/211 1553/52/211 1554/54/33
f 1508/26/210 1540/26/210 1541/28/210
f 1535/79/15 1567/79/15 1568/82/15
f 1522/54/32 1554/54/32 1555/56/32
f 1509/28/46 1541/28/46 1542/30/46
f 1536/82/14 1568/82/14 1537/86/14
f 1523/56/30 1555/56/31 1556/58/30
f 1510/30/93 1542/30/93 1543/32/93
f 1524/58/357 1556/58/357 1557/60/29
f 1511/32/44 1543/32/44 1544/34/44
f 1525/60/27 1557/60/27 1558/62/27
f 1512/34/43 1544/34/43 1545/36/43
f 1526/62/25 1558/62/25 1559/64/25
f 1513/36/42 1545/36/42 1546/38/42
f 1527/64/24 1559/64/24 1560/66/24
f 1514/38/41 1546/38/41 1547/40/41
f 1528/66/22 1560/66/22 1561/68/22
f 1515/40/91 1547/40/91 1548/42/91
f 1529/68/21 1561/68/21 1562/70/21
f 1516/42/173 1548/42/173 1549/44/173
f 1530/70/20 1562/70/20 1563/72/20
f 1517/44/37 1549/44/37 1550/46/37
f 1531/72/96 1563/72/400 1564/74/96
f 1518/46/36 1550/46/36 1551/48/175
f 1505/19/95 1537/19/95 1538/22/95
f 1532/74/359 1564/74/359 1565/76/359
f 1519/48/35 1551/48/35 1552/50/35
f 1576/34/43 1608/34/43 1609/36/43
f 1568/82/424 1600/82/424 1569/86/424
f 1555/56/423 1587/56/423 1588/58/423
f 1543/32/422 1542/30/422 1574/30/422
f 1557/60/420 1556/58/420 1588/58/420
f 1543/32/419 1575/32/419 1576/34/419
f 1557/60/416 1589/60/416 1590/62/416
f 1544/34/415 1576/34/415 1577/36/415
f 1559/64/414 1558/62/683 1590/62/414
f 1545/36/413 1577/36/413 1578/38/413
f 1560/66/412 1559/64/412 1591/64/412
f 1546/38/410 1578/38/411 1579/40/410
f 1561/68/409 1560/66/409 1592/66/409
f 1548/42/586 1547/40/586 1579/40/586
f 1562/70/407 1561/68/407 1593/68/407
f 1549/44/587 1548/42/406 1580/42/587
f 1563/72/405 1562/70/405 1594/70/405
f 1549/44/404 1581/44/404 1582/46/404
f 1563/72/403 1595/72/403 1596/74/403
f 1550/46/402 1582/46/402 1583/48/402
f 1538/22/401 1537/19/401 1569/19/401
f 1565/76/399 1564/74/399 1596/74/399
f 1551/48/438 1583/48/438 1584/50/438
f 1538/22/437 1570/22/437 1571/24/437
f 1566/78/435 1565/76/435 1597/76/435
f 1552/50/434 1584/50/434 1585/52/434
f 1540/26/432 1539/24/432 1571/24/432
f 1567/79/431 1566/78/431 1598/78/431
f 1553/52/429 1585/52/429 1586/54/429
f 1541/28/428 1540/26/428 1572/26/428
f 1568/82/427 1567/79/427 1599/79/427
f 1554/54/426 1586/54/426 1587/56/426
f 1611/40/477 1643/40/477 1644/42/477
f 1590/62/25 1622/62/25 1623/64/25
f 1577/36/42 1609/36/42 1610/38/42
f 1591/64/23 1623/64/23 1624/66/24
f 1578/38/41 1610/38/41 1611/40/41
f 1592/66/22 1624/66/22 1625/68/22
f 1579/40/91 1611/40/91 1612/42/40
f 1593/68/21 1625/68/21 1626/70/21
f 1580/42/38 1612/42/38 1613/44/38
f 1594/70/20 1626/70/20 1627/72/20
f 1581/44/37 1613/44/37 1614/46/37
f 1595/72/19 1627/72/19 1628/74/96
f 1582/46/36 1614/46/36 1615/48/36
f 1569/19/95 1601/19/95 1602/22/95
f 1596/74/94 1628/74/94 1629/76/94
f 1583/48/35 1615/48/35 1616/50/35
f 1570/22/50 1602/22/50 1603/24/50
f 1597/76/17 1629/76/17 1630/78/17
f 1584/50/34 1616/50/34 1617/52/34
f 1571/24/48 1603/24/48 1604/26/358
f 1598/78/16 1630/78/16 1631/79/133
f 1585/52/33 1617/52/33 1618/54/33
f 1572/26/210 1604/26/210 1605/28/47
f 1599/79/588 1631/79/588 1632/82/588
f 1586/54/32 1618/54/32 1619/56/32
f 1573/28/46 1605/28/46 1606/30/46
f 1600/82/14 1632/82/14 1601/86/14
f 1587/56/31 1619/56/31 1620/58/31
f 1574/30/93 1606/30/93 1607/32/93
f 1588/58/29 1620/58/29 1621/60/29
f 1575/32/44 1607/32/44 1608/34/44
f 1589/60/520 1621/60/520 1622/62/27
f 1646/46/36 1678/46/175 1679/48/36
f 1625/68/476 1657/68/476 1658/70/476
f 1612/42/475 1644/42/475 1645/44/475
f 1626/70/474 1658/70/474 1659/72/474
f 1613/44/589 1645/44/589 1646/46/473
f 1628/74/472 1627/72/472 1659/72/472
f 1614/46/470 1646/46/470 1647/48/470
f 1601/19/468 1633/19/468 1634/22/468
f 1629/76/467 1628/74/467 1660/74/467
f 1616/50/466 1615/48/466 1647/48/466
f 1602/22/465 1634/22/465 1635/24/465
f 1630/78/464 1629/76/463 1661/76/463
f 1617/52/462 1616/50/462 1648/50/462
f 1604/26/460 1603/24/590 1635/24/590
f 1631/79/458 1630/78/458 1662/78/458
f 1617/52/457 1649/52/457 1650/54/457
f 1605/28/456 1604/26/456 1636/26/456
f 1632/82/455 1631/79/455 1663/79/455
f 1619/56/453 1618/54/453 1650/54/453
f 1605/28/452 1637/28/452 1638/30/452
f 1632/82/451 1664/82/451 1633/86/591
f 1620/58/449 1619/56/449 1651/56/449
f 1607/32/448 1606/30/448 1638/30/448
f 1621/60/446 1620/58/446 1652/58/446
f 1608/34/445 1607/32/593 1639/32/593
f 1622/62/594 1621/60/595 1653/60/595
f 1609/36/442 1608/34/442 1640/34/442
f 1623/64/439 1622/62/439 1654/62/439
f 1610/38/482 1609/36/482 1641/36/482
f 1623/64/597 1655/64/597 1656/66/597
f 1611/40/479 1610/38/479 1642/38/479
f 1624/66/478 1656/66/478 1657/68/478
f 1682/54/513 1681/52/513 1713/52/513
f 1633/19/95 1665/19/95 1666/22/95
f 1660/74/18 1692/74/18 1693/76/359
f 1647/48/35 1679/48/35 1680/50/35
f 1634/22/50 1666/22/50 1667/24/50
f 1661/76/17 1693/76/17 1694/78/17
f 1648/50/34 1680/50/34 1681/52/34
f 1635/24/358 1667/24/358 1668/26/358
f 1662/78/16 1694/78/16 1695/79/16
f 1649/52/33 1681/52/33 1682/54/33
f 1636/26/47 1668/26/210 1669/28/47
f 1663/79/15 1695/79/15 1696/82/15
f 1650/54/32 1682/54/32 1683/56/32
f 1637/28/46 1669/28/46 1670/30/46
f 1664/82/14 1696/82/14 1665/86/14
f 1651/56/30 1683/56/30 1684/58/30
f 1638/30/93 1670/30/93 1671/32/93
f 1652/58/28 1684/58/28 1685/60/29
f 1639/32/44 1671/32/44 1672/34/44
f 1653/60/27 1685/60/27 1686/62/27
f 1640/34/43 1672/34/43 1673/36/43
f 1654/62/25 1686/62/26 1687/64/25
f 1641/36/42 1673/36/42 1674/38/42
f 1655/64/24 1687/64/23 1688/66/24
f 1642/38/41 1674/38/41 1675/40/41
f 1656/66/22 1688/66/22 1689/68/22
f 1643/40/135 1675/40/135 1676/42/91
f 1657/68/21 1689/68/21 1690/70/21
f 1644/42/38 1676/42/38 1677/44/173
f 1658/70/20 1690/70/20 1691/72/20
f 1645/44/37 1677/44/37 1678/46/37
f 1659/72/19 1691/72/19 1692/74/96
f 1716/58/28 1748/58/28 1749/60/28
f 1668/26/598 1700/26/598 1701/28/512
f 1695/79/511 1727/79/511 1728/82/511
f 1682/54/510 1714/54/510 1715/56/510
f 1669/28/509 1701/28/509 1702/30/509
f 1696/82/508 1728/82/508 1697/86/508
f 1684/58/507 1683/56/507 1715/56/507
f 1671/32/599 1670/30/506 1702/30/506
f 1684/58/600 1716/58/600 1717/60/505
f 1671/32/504 1703/32/504 1704/34/504
f 1685/60/503 1717/60/503 1718/62/601
f 1672/34/502 1704/34/502 1705/36/502
f 1686/62/501 1718/62/501 1719/64/501
f 1673/36/500 1705/36/500 1706/38/500
f 1688/66/499 1687/64/499 1719/64/499
f 1674/38/498 1706/38/498 1707/40/498
f 1689/68/602 1688/66/497 1720/66/497
f 1676/42/496 1675/40/496 1707/40/496
f 1690/70/495 1689/68/684 1721/68/495
f 1677/44/494 1676/42/494 1708/42/494
f 1691/72/493 1690/70/493 1722/70/493
f 1677/44/491 1709/44/491 1710/46/491
f 1692/74/490 1691/72/490 1723/72/490
f 1678/46/489 1710/46/489 1711/48/489
f 1666/22/488 1665/19/605 1697/19/605
f 1693/76/487 1692/74/487 1724/74/487
f 1680/50/486 1679/48/486 1711/48/486
f 1666/22/485 1698/22/485 1699/24/485
f 1694/78/484 1693/76/484 1725/76/484
f 1681/52/606 1680/50/483 1712/50/483
f 1668/26/515 1667/24/515 1699/24/515
f 1695/79/514 1694/78/514 1726/78/514
f 1751/64/521 1783/64/521 1784/66/521
f 1703/32/44 1735/32/44 1736/34/44
f 1717/60/520 1749/60/520 1750/62/27
f 1704/34/43 1736/34/43 1737/36/43
f 1718/62/26 1750/62/26 1751/64/26
f 1705/36/42 1737/36/42 1738/38/42
f 1719/64/24 1751/64/24 1752/66/24
f 1706/38/41 1738/38/41 1739/40/41
f 1720/66/22 1752/66/22 1753/68/22
f 1707/40/40 1739/40/40 1740/42/40
f 1721/68/21 1753/68/573 1754/70/21
f 1708/42/39 1740/42/39 1741/44/39
f 1722/70/20 1754/70/20 1755/72/20
f 1709/44/37 1741/44/37 1742/46/37
f 1723/72/19 1755/72/19 1756/74/19
f 1710/46/36 1742/46/36 1743/48/36
f 1697/19/95 1729/19/95 1730/22/95
f 1724/74/248 1756/74/248 1757/76/248
f 1711/48/212 1743/48/35 1744/50/212
f 1698/22/50 1730/22/50 1731/24/50
f 1725/76/17 1757/76/17 1758/78/17
f 1712/50/34 1744/50/34 1745/52/34
f 1699/24/358 1731/24/358 1732/26/358
f 1726/78/16 1758/78/16 1759/79/133
f 1713/52/33 1745/52/33 1746/54/33
f 1700/26/210 1732/26/210 1733/28/210
f 1727/79/15 1759/79/15 1760/82/15
f 1714/54/32 1746/54/32 1747/56/32
f 1701/28/46 1733/28/46 1734/30/46
f 1728/82/14 1760/82/14 1729/86/14
f 1715/56/30 1747/56/31 1748/58/30
f 1702/30/45 1734/30/93 1735/32/45
f 1776/50/34 1808/50/34 1809/52/34
f 1739/40/516 1738/38/516 1770/38/516
f 1752/66/607 1784/66/607 1785/68/607
f 1739/40/608 1771/40/561 1772/42/608
f 1753/68/560 1785/68/560 1786/70/560
f 1740/42/557 1772/42/557 1773/44/609
f 1754/70/556 1786/70/555 1787/72/556
f 1741/44/553 1773/44/554 1774/46/553
f 1755/72/551 1787/72/551 1788/74/551
f 1742/46/549 1774/46/549 1775/48/549
f 1730/22/548 1729/19/548 1761/19/548
f 1756/74/547 1788/74/547 1789/76/547
f 1743/48/546 1775/48/546 1776/50/546
f 1730/22/545 1762/22/545 1763/24/545
f 1757/76/544 1789/76/544 1790/78/544
f 1744/50/543 1776/50/543 1777/52/543
f 1731/24/541 1763/24/541 1764/26/541
f 1759/79/611 1758/78/540 1790/78/540
f 1745/52/539 1777/52/539 1778/54/539
f 1733/28/537 1732/26/537 1764/26/537
f 1760/82/612 1759/79/612 1791/79/612
f 1746/54/535 1778/54/535 1779/56/535
f 1734/30/533 1733/28/533 1765/28/533
f 1729/86/531 1760/82/613 1792/82/613
f 1747/56/530 1779/56/530 1780/58/530
f 1734/30/529 1766/30/529 1767/32/529
f 1748/58/528 1780/58/528 1781/60/528
f 1736/34/527 1735/32/527 1767/32/527
f 1749/60/526 1781/60/526 1782/62/614
f 1737/36/525 1736/34/615 1768/34/615
f 1751/64/524 1750/62/685 1782/62/616
f 1738/38/617 1737/36/522 1769/36/522
f 1795/95/563 1794/122/563 1793/89/563
f 1793/89/563 1824/147/563 1823/146/563
f 1823/146/563 1822/145/679 1821/144/563
f 1821/144/563 1820/143/563 1819/142/563
f 1819/142/563 1818/141/563 1817/88/563
f 1817/88/563 1816/140/563 1815/139/563
f 1815/139/563 1814/138/563 1813/137/563
f 1813/137/563 1812/136/563 1811/93/563
f 1811/93/563 1810/135/563 1809/87/563
f 1809/87/563 1808/134/563 1807/133/563
f 1807/133/563 1806/132/563 1805/131/563
f 1805/131/563 1804/130/679 1803/94/563
f 1803/94/563 1802/129/679 1801/128/563
f 1801/128/563 1800/127/679 1799/126/563
f 1799/126/563 1798/125/563 1797/124/563
f 1797/124/563 1796/123/563 1795/95/563
f 1795/95/563 1793/89/563 1823/146/563
f 1823/146/563 1821/144/563 1819/142/563
f 1819/142/563 1817/88/563 1815/139/563
f 1815/139/563 1813/137/563 1811/93/563
f 1811/93/563 1809/87/563 1807/133/563
f 1807/133/563 1805/131/563 1803/94/563
f 1803/94/563 1801/128/563 1799/126/563
f 1799/126/563 1797/124/563 1795/95/563
f 1795/95/563 1823/146/563 1819/142/563
f 1819/142/563 1815/139/563 1811/93/563
f 1811/93/563 1807/133/563 1803/94/563
f 1803/94/563 1799/126/563 1795/95/563
f 1795/95/563 1819/142/563 1811/93/563
f 1790/78/133 1822/78/16 1823/79/133
f 1777/52/33 1809/52/33 1810/54/33
f 1791/79/15 1823/79/15 1824/82/15
f 1761/19/95 1793/19/95 1794/22/95
f 1778/54/32 1810/54/32 1811/56/32
f 1792/82/14 1824/82/14 1793/86/14
f 1762/22/50 1794/22/50 1795/24/50
f 1779/56/31 1811/56/31 1812/58/31
f 1763/24/48 1795/24/48 1796/26/48
f 1780/58/29 1812/58/29 1813/60/28
f 1767/32/44 1799/32/44 1800/34/44
f 1764/26/210 1796/26/210 1797/28/210
f 1781/60/27 1813/60/27 1814/62/27
f 1768/34/43 1800/34/43 1801/36/43
f 1765/28/46 1797/28/46 1798/30/46
f 1782/62/25 1814/62/25 1815/64/25
f 1769/36/42 1801/36/42 1802/38/42
f 1766/30/93 1798/30/93 1799/32/93
f 1783/64/24 1815/64/24 1816/66/24
f 1770/38/41 1802/38/41 1803/40/41
f 1784/66/22 1816/66/22 1817/68/22
f 1771/40/91 1803/40/40 1804/42/91
f 1785/68/21 1817/68/21 1818/70/21
f 1772/42/173 1804/42/173 1805/44/38
f 1786/70/20 1818/70/20 1819/72/20
f 1773/44/37 1805/44/37 1806/46/37
f 1787/72/96 1819/72/96 1820/74/96
f 1774/46/36 1806/46/36 1807/48/36
f 1788/74/18 1820/74/18 1821/76/18
f 1775/48/35 1807/48/35 1808/50/35
f 1789/76/17 1821/76/17 1822/78/17
f 1826/19/211 1828/22/211 1827/18/211
f 1828/22/32 1830/24/32 1829/21/32
f 1830/24/30 1832/26/30 1831/23/30
f 1832/26/29 1834/28/29 1833/25/29
f 1834/28/27 1836/30/27 1835/27/27
f 1836/30/25 1838/32/25 1837/29/26
f 1838/32/23 1840/34/23 1839/31/24
f 1840/34/22 1842/36/22 1841/33/22
f 1842/36/21 1844/38/21 1843/35/21
f 1844/38/20 1846/40/20 1845/37/20
f 1846/40/19 1848/42/19 1847/39/19
f 1848/42/94 1850/44/94 1849/41/94
f 1850/44/17 1852/46/17 1851/43/17
f 1852/46/133 1854/48/133 1853/45/133
f 1854/48/15 1856/50/15 1855/47/15
f 1856/50/14 1858/52/14 1857/49/14
f 1858/52/95 1860/54/95 1859/51/95
f 1860/54/50 1862/56/50 1861/53/50
f 1862/56/48 1864/58/48 1863/55/358
f 1864/58/47 1866/60/47 1865/57/210
f 1866/60/46 1868/62/46 1867/59/440
f 1868/62/93 1870/64/93 1869/61/45
f 1870/64/44 1872/66/44 1871/63/44
f 1872/66/43 1874/68/43 1873/65/43
f 1874/68/92 1876/70/92 1875/67/42
f 1876/70/41 1878/72/41 1877/69/41
f 1878/72/40 1880/74/40 1879/71/40
f 1880/74/38 1882/76/38 1881/73/39
f 1882/76/37 1884/78/37 1883/75/37
f 1884/78/175 1886/79/175 1885/77/175
f 1884/78/304 2302/78/304 2303/79/304
f 1886/79/35 1888/82/35 1887/80/35
f 1888/82/34 1826/86/34 1825/81/34
f 1841/33/59 1897/33/686 1896/31/59
f 1910/59/46 1942/59/46 1941/57/46
f 1859/51/67 1906/51/67 1905/49/67
f 1877/69/65 1915/69/65 1914/67/65
f 1833/25/56 1893/25/56 1892/23/56
f 1851/43/568 1902/43/568 1901/41/568
f 1867/59/61 1869/61/61 1911/61/61
f 1885/77/60 1887/80/60 1920/80/60
f 1841/33/52 1843/35/52 1898/35/52
f 1859/51/58 1861/53/58 1907/53/58
f 1879/71/57 1916/71/57 1915/69/57
f 1835/27/87 1894/27/87 1893/25/87
f 1853/45/86 1903/45/86 1902/43/86
f 1869/61/54 1871/63/54 1912/63/54
f 1825/20/83 1827/18/84 1890/18/84
f 1825/81/53 1889/81/53 1920/80/53
f 1845/37/80 1899/37/80 1898/35/81
f 1863/55/89 1908/55/89 1907/53/89
f 1879/71/88 1881/73/88 1917/73/88
f 1835/27/77 1837/29/77 1895/29/77
f 1855/47/76 1904/47/76 1903/45/76
f 1873/65/85 1913/65/85 1912/63/85
f 1829/21/73 1891/21/73 1890/18/73
f 1847/39/71 1900/39/71 1899/37/71
f 1863/55/79 1865/57/79 1909/57/79
f 1883/75/78 1918/75/78 1917/73/78
f 1837/29/68 1839/31/68 1896/31/68
f 1855/47/565 1857/49/565 1905/49/565
f 1873/65/75 1875/67/75 1914/67/75
f 1831/23/63 1892/23/63 1891/21/63
f 1849/41/62 1901/41/62 1900/39/62
f 1865/57/70 1867/59/70 1910/59/70
f 1883/75/69 1885/77/618 1919/77/618
f 1945/65/99 1977/65/99 1976/63/99
f 1897/33/22 1929/33/22 1928/31/22
f 1911/61/93 1943/61/93 1942/59/93
f 1898/35/21 1930/35/21 1929/33/21
f 1912/63/44 1944/63/44 1943/61/44
f 1899/37/20 1931/37/20 1930/35/20
f 1913/65/43 1945/65/43 1944/63/43
f 1900/39/96 1932/39/96 1931/37/96
f 1914/67/42 1946/67/42 1945/65/42
f 1901/41/94 1933/41/94 1932/39/18
f 1915/69/41 1947/69/41 1946/67/41
f 1902/43/17 1934/43/17 1933/41/17
f 1916/71/40 1948/71/40 1947/69/91
f 1903/45/133 1935/45/16 1934/43/133
f 1890/18/33 1922/18/33 1921/20/33
f 1917/73/38 1949/73/173 1948/71/38
f 1904/47/15 1936/47/15 1935/45/15
f 1891/21/32 1923/21/32 1922/18/32
f 1918/75/97 1950/75/97 1949/73/97
f 1905/49/14 1937/49/14 1936/47/14
f 1892/23/30 1924/23/30 1923/21/30
f 1919/77/175 1951/77/175 1950/75/175
f 1906/51/95 1938/51/95 1937/49/95
f 1893/25/357 1925/25/357 1924/23/357
f 1920/80/35 1952/80/35 1951/77/35
f 1907/53/50 1939/53/50 1938/51/50
f 1894/27/27 1926/27/27 1925/25/27
f 1889/81/34 1921/81/34 1952/80/34
f 1908/55/48 1940/55/358 1939/53/48
f 1895/29/25 1927/29/25 1926/27/25
f 1909/57/47 1941/57/47 1940/55/47
f 1896/31/24 1928/31/24 1927/29/24
f 1980/71/135 2012/71/135 2011/69/91
f 1931/37/122 1932/39/122 1964/39/122
f 1945/65/90 1946/67/90 1978/67/90
f 1932/39/119 1933/41/119 1965/41/119
f 1946/67/129 1947/69/129 1979/69/129
f 1933/41/116 1934/43/116 1966/43/116
f 1948/71/127 1980/71/127 1979/69/127
f 1935/45/112 1967/45/112 1966/43/112
f 1921/20/111 1922/18/111 1954/18/111
f 1949/73/125 1981/73/125 1980/71/125
f 1935/45/108 1936/47/108 1968/47/108
f 1922/18/107 1923/21/107 1955/21/107
f 1950/75/123 1982/75/687 1981/73/123
f 1936/47/105 1937/49/105 1969/49/105
f 1923/21/104 1924/23/619 1956/23/619
f 1950/75/121 1951/77/121 1983/77/121
f 1937/49/120 1938/51/120 1970/51/120
f 1925/25/102 1957/25/102 1956/23/102
f 1952/80/118 1984/80/118 1983/77/620
f 1939/53/117 1971/53/117 1970/51/117
f 1925/25/100 1926/27/100 1958/27/100
f 1921/81/621 1953/81/621 1984/80/115
f 1940/55/113 1972/55/113 1971/53/113
f 1926/27/98 1927/29/98 1959/29/98
f 1941/57/109 1973/57/109 1972/55/109
f 1928/31/130 1960/31/130 1959/29/130
f 1941/57/106 1942/59/106 1974/59/106
f 1929/33/128 1961/33/128 1960/31/128
f 1943/61/103 1975/61/103 1974/59/103
f 1929/33/126 1930/35/126 1962/35/126
f 1944/63/101 1976/63/101 1975/61/101
f 1930/35/124 1931/37/124 1963/37/124
f 1988/23/164 2020/23/164 2019/21/164
f 1967/45/133 1999/45/16 1998/43/133
f 1954/18/33 1986/18/33 1985/20/33
f 1981/73/173 2013/73/173 2012/71/173
f 1968/47/15 2000/47/15 1999/45/15
f 1955/21/32 1987/21/32 1986/18/32
f 1982/75/37 2014/75/37 2013/73/37
f 1969/49/14 2001/49/14 2000/47/14
f 1956/23/572 1988/23/572 1987/21/572
f 1983/77/36 2015/77/36 2014/75/36
f 1970/51/95 2002/51/95 2001/49/95
f 1957/25/28 1989/25/28 1988/23/28
f 1984/80/35 2016/80/35 2015/77/35
f 1971/53/50 2003/53/50 2002/51/50
f 1958/27/27 1990/27/27 1989/25/27
f 1953/81/34 1985/81/34 2016/80/34
f 1972/55/358 2004/55/358 2003/53/358
f 1959/29/26 1991/29/26 1990/27/26
f 1973/57/210 2005/57/210 2004/55/132
f 1960/31/24 1992/31/24 1991/29/24
f 1974/59/46 2006/59/46 2005/57/46
f 1961/33/22 1993/33/22 1992/31/22
f 1975/61/93 2007/61/93 2006/59/93
f 1962/35/21 1994/35/21 1993/33/21
f 1976/63/44 2008/63/44 2007/61/44
f 1963/37/20 1995/37/20 1994/35/20
f 1977/65/43 2009/65/43 2008/63/43
f 1964/39/19 1996/39/19 1995/37/19
f 1978/67/42 2010/67/42 2009/65/42
f 1965/41/18 1997/41/18 1996/39/94
f 1979/69/41 2011/69/41 2010/67/41
f 1966/43/17 1998/43/17 1997/41/17
f 2023/29/25 2055/29/25 2054/27/25
f 2014/75/144 2015/77/144 2047/77/144
f 2001/49/143 2002/51/143 2034/51/143
f 1988/23/162 1989/25/162 2021/25/162
f 2016/80/141 2048/80/141 2047/77/141
f 2003/53/140 2035/53/140 2034/51/140
f 1990/27/159 2022/27/159 2021/25/159
f 1985/81/138 2017/81/138 2048/80/138
f 2004/55/136 2036/55/136 2035/53/136
f 1991/29/157 2023/29/157 2022/27/157
f 2004/55/170 2005/57/170 2037/57/170
f 1991/29/155 1992/31/155 2024/31/155
f 2006/59/166 2038/59/166 2037/57/166
f 1992/31/152 1993/33/152 2025/33/152
f 2007/61/163 2039/61/163 2038/59/163
f 1993/33/150 1994/35/150 2026/35/150
f 2008/63/160 2040/63/160 2039/61/160
f 1994/35/623 1995/37/147 2027/37/147
f 2009/65/158 2041/65/158 2040/63/158
f 1995/37/145 1996/39/145 2028/39/145
f 2010/67/156 2042/67/156 2041/65/156
f 1996/39/142 1997/41/142 2029/41/142
f 2011/69/153 2043/69/153 2042/67/153
f 1997/41/139 1998/43/139 2030/43/139
f 2011/69/151 2012/71/151 2044/71/151
f 1999/45/131 2031/45/131 2030/43/131
f 1985/20/171 1986/18/171 2018/18/171
f 2012/71/149 2013/73/148 2045/73/148
f 2000/47/169 2032/47/169 2031/45/169
f 1986/18/167 1987/21/167 2019/21/167
f 2014/75/146 2046/75/146 2045/73/146
f 2001/49/165 2033/49/165 2032/47/165
f 2058/35/207 2090/35/207 2089/33/207
f 2037/57/210 2069/57/210 2068/55/210
f 2024/31/24 2056/31/24 2055/29/24
f 2038/59/46 2070/59/46 2069/57/46
f 2025/33/22 2057/33/22 2056/31/22
f 2039/61/93 2071/61/93 2070/59/93
f 2026/35/21 2058/35/21 2057/33/21
f 2040/63/44 2072/63/44 2071/61/44
f 2027/37/20 2059/37/20 2058/35/20
f 2041/65/43 2073/65/43 2072/63/43
f 2028/39/19 2060/39/19 2059/37/19
f 2042/67/42 2074/67/42 2073/65/42
f 2029/41/18 2061/41/18 2060/39/18
f 2043/69/41 2075/69/41 2074/67/41
f 2030/43/17 2062/43/17 2061/41/17
f 2044/71/91 2076/71/91 2075/69/91
f 2031/45/16 2063/45/16 2062/43/16
f 2018/18/33 2050/18/33 2049/20/33
f 2045/73/173 2077/73/173 2076/71/173
f 2032/47/15 2064/47/15 2063/45/588
f 2019/21/32 2051/21/32 2050/18/32
f 2046/75/37 2078/75/37 2077/73/37
f 2033/49/14 2065/49/14 2064/47/14
f 2020/23/30 2052/23/30 2051/21/30
f 2047/77/175 2079/77/175 2078/75/175
f 2034/51/95 2066/51/95 2065/49/95
f 2021/25/28 2053/25/28 2052/23/28
f 2048/80/35 2080/80/35 2079/77/35
f 2035/53/50 2067/53/50 2066/51/50
f 2022/27/27 2054/27/27 2053/25/27
f 2017/81/34 2049/81/34 2080/80/34
f 2036/55/48 2068/55/48 2067/53/48
f 2093/41/18 2125/41/18 2124/39/18
f 2071/61/183 2072/63/183 2104/63/183
f 2059/37/205 2091/37/205 2090/35/205
f 2072/63/181 2073/65/181 2105/65/181
f 2060/39/203 2092/39/203 2091/37/203
f 2073/65/179 2074/67/179 2106/67/179
f 2061/41/200 2093/41/200 2092/39/200
f 2075/69/176 2107/69/176 2106/67/176
f 2062/43/197 2094/43/197 2093/41/197
f 2076/71/208 2108/71/208 2107/69/208
f 2063/45/194 2095/45/194 2094/43/194
f 2049/20/193 2050/18/193 2082/18/193
f 2077/73/206 2109/73/206 2108/71/206
f 2064/47/190 2096/47/190 2095/45/190
f 2050/18/189 2051/21/189 2083/21/189
f 2078/75/204 2110/75/204 2109/73/204
f 2064/47/187 2065/49/187 2097/49/187
f 2051/21/186 2052/23/186 2084/23/186
f 2078/75/202 2079/77/202 2111/77/202
f 2065/49/201 2066/51/201 2098/51/201
f 2052/23/184 2053/25/184 2085/25/184
f 2080/80/199 2112/80/199 2111/77/199
f 2066/51/198 2067/53/198 2099/53/198
f 2053/25/182 2054/27/182 2086/27/182
f 2049/81/196 2081/81/196 2112/80/196
f 2068/55/195 2100/55/195 2099/53/195
f 2054/27/180 2055/29/180 2087/29/180
f 2069/57/192 2101/57/192 2100/55/191
f 2055/29/178 2056/31/178 2088/31/178
f 2070/59/188 2102/59/188 2101/57/188
f 2057/33/172 2089/33/172 2088/31/172
f 2071/61/185 2103/61/185 2102/59/185
f 2127/45/213 2128/47/213 2160/47/213
f 2107/69/41 2139/69/41 2138/67/41
f 2094/43/17 2126/43/17 2125/41/17
f 2108/71/40 2140/71/40 2139/69/40
f 2095/45/133 2127/45/16 2126/43/133
f 2082/18/33 2114/18/33 2113/20/33
f 2109/73/39 2141/73/39 2140/71/39
f 2096/47/15 2128/47/15 2127/45/15
f 2083/21/32 2115/21/32 2114/18/32
f 2110/75/37 2142/75/37 2141/73/37
f 2097/49/14 2129/49/14 2128/47/14
f 2084/23/30 2116/23/30 2115/21/30
f 2111/77/175 2143/77/175 2142/75/175
f 2098/51/51 2130/51/51 2129/49/51
f 2085/25/29 2117/25/29 2116/23/29
f 2112/80/35 2144/80/35 2143/77/35
f 2099/53/50 2131/53/50 2130/51/50
f 2086/27/27 2118/27/27 2117/25/27
f 2081/81/34 2113/81/34 2144/80/34
f 2100/55/48 2132/55/48 2131/53/48
f 2087/29/25 2119/29/26 2118/27/25
f 2101/57/210 2133/57/210 2132/55/210
f 2088/31/24 2120/31/23 2119/29/24
f 2102/59/46 2134/59/46 2133/57/46
f 2089/33/22 2121/33/22 2120/31/22
f 2103/61/93 2135/61/45 2134/59/93
f 2090/35/21 2122/35/21 2121/33/21
f 2104/63/44 2136/63/44 2135/61/44
f 2091/37/20 2123/37/20 2122/35/20
f 2105/65/43 2137/65/43 2136/63/43
f 2092/39/96 2124/39/96 2123/37/96
f 2106/67/42 2138/67/42 2137/65/42
f 2163/53/50 2195/53/50 2194/51/50
f 2114/18/209 2115/21/209 2147/21/209
f 2141/73/227 2142/75/227 2174/75/227
f 2128/47/244 2129/49/244 2161/49/244
f 2116/23/243 2148/23/654 2147/21/243
f 2142/75/225 2143/77/225 2175/77/225
f 2130/51/224 2162/51/224 2161/49/224
f 2117/25/240 2149/25/240 2148/23/240
f 2144/80/222 2176/80/222 2175/77/222
f 2131/53/220 2163/53/220 2162/51/220
f 2118/27/238 2150/27/238 2149/25/238
f 2144/80/218 2113/81/218 2145/81/218
f 2132/55/217 2164/55/217 2163/53/575
f 2119/29/236 2151/29/236 2150/27/236
f 2133/57/214 2165/57/214 2164/55/214
f 2119/29/234 2120/31/234 2152/31/234
f 2133/57/576 2134/59/246 2166/59/624
f 2120/31/232 2121/33/232 2153/33/232
f 2134/59/242 2135/61/242 2167/61/242
f 2121/33/230 2122/35/230 2154/35/230
f 2136/63/239 2168/63/239 2167/61/239
f 2122/35/228 2123/37/228 2155/37/228
f 2137/65/237 2169/65/237 2168/63/237
f 2123/37/226 2124/39/226 2156/39/226
f 2138/67/235 2170/67/235 2169/65/235
f 2124/39/223 2125/41/223 2157/41/223
f 2138/67/233 2139/69/233 2171/69/233
f 2126/43/219 2158/43/219 2157/41/219
f 2139/69/231 2140/71/231 2172/71/231
f 2126/43/216 2127/45/216 2159/45/216
f 2113/20/215 2114/18/215 2146/18/215
f 2140/71/625 2141/73/229 2173/73/229
f 2197/57/268 2198/59/268 2230/59/268
f 2150/27/27 2182/27/27 2181/25/27
f 2145/81/34 2177/81/34 2208/80/34
f 2164/55/48 2196/55/48 2195/53/48
f 2151/29/25 2183/29/25 2182/27/26
f 2165/57/210 2197/57/47 2196/55/210
f 2152/31/24 2184/31/24 2183/29/24
f 2166/59/46 2198/59/46 2197/57/46
f 2153/33/22 2185/33/22 2184/31/22
f 2167/61/45 2199/61/45 2198/59/45
f 2154/35/21 2186/35/21 2185/33/21
f 2168/63/174 2200/63/174 2199/61/44
f 2155/37/20 2187/37/20 2186/35/20
f 2169/65/43 2201/65/43 2200/63/43
f 2156/39/19 2188/39/19 2187/37/96
f 2170/67/42 2202/67/42 2201/65/92
f 2157/41/94 2189/41/94 2188/39/18
f 2171/69/41 2203/69/41 2202/67/41
f 2158/43/17 2190/43/17 2189/41/17
f 2172/71/91 2204/71/91 2203/69/91
f 2159/45/16 2191/45/16 2190/43/133
f 2146/18/627 2178/18/627 2177/20/33
f 2173/73/519 2205/73/519 2204/71/519
f 2160/47/15 2192/47/15 2191/45/15
f 2147/21/628 2179/21/628 2178/18/32
f 2174/75/37 2206/75/37 2205/73/37
f 2161/49/14 2193/49/14 2192/47/14
f 2148/23/30 2180/23/30 2179/21/630
f 2175/77/36 2207/77/36 2206/75/36
f 2162/51/95 2194/51/95 2193/49/95
f 2149/25/28 2181/25/28 2180/23/29
f 2176/80/632 2208/80/632 2207/77/35
f 2233/65/43 2265/65/43 2264/63/43
f 2185/33/256 2217/33/256 2216/31/256
f 2198/59/265 2199/61/265 2231/61/265
f 2186/35/254 2218/35/254 2217/33/254
f 2199/61/263 2200/63/263 2232/63/263
f 2187/37/284 2219/37/284 2218/35/284
f 2201/65/261 2233/65/261 2232/63/261
f 2188/39/282 2220/39/282 2219/37/282
f 2202/67/259 2234/67/259 2233/65/259
f 2189/41/279 2221/41/279 2220/39/279
f 2203/69/257 2235/69/257 2234/67/257
f 2190/43/276 2222/43/276 2221/41/276
f 2204/71/255 2236/71/255 2235/69/255
f 2190/43/273 2191/45/273 2223/45/273
f 2177/20/272 2178/18/272 2210/18/272
f 2205/73/247 2237/73/247 2236/71/247
f 2192/47/270 2224/47/270 2223/45/270
f 2179/21/269 2211/21/269 2210/18/269
f 2206/75/283 2238/75/283 2237/73/283
f 2193/49/267 2225/49/267 2224/47/267
f 2180/23/266 2212/23/688 2211/21/266
f 2206/75/281 2207/77/281 2239/77/281
f 2193/49/633 2194/51/633 2226/51/633
f 2181/25/264 2213/25/264 2212/23/264
f 2207/77/278 2208/80/278 2240/80/278
f 2194/51/277 2195/53/277 2227/53/277
f 2181/25/262 2182/27/262 2214/27/262
f 2177/81/275 2209/81/275 2240/80/275
f 2195/53/274 2196/55/274 2228/55/274
f 2182/27/260 2183/29/260 2215/29/260
f 2196/55/271 2197/57/271 2229/57/271
f 2184/31/258 2216/31/258 2215/29/258
f 2272/92/285 2241/96/285 2242/85/285
f 2242/85/285 2243/121/285 2244/120/285
f 2244/120/285 2245/119/285 2246/118/285
f 2246/118/285 2247/117/285 2248/116/285
f 2248/116/285 2249/115/285 2250/84/285
f 2250/84/285 2251/114/285 2252/113/285
f 2252/113/285 2253/112/285 2254/111/285
f 2254/111/285 2255/110/285 2256/90/285
f 2256/90/285 2257/109/285 2258/83/285
f 2258/83/285 2259/108/285 2260/107/285
f 2260/107/285 2261/106/285 2262/105/285
f 2262/105/285 2263/104/285 2264/91/285
f 2264/91/285 2265/103/285 2266/102/285
f 2266/102/285 2267/101/285 2268/100/285
f 2268/100/285 2269/99/285 2270/98/285
f 2270/98/285 2271/97/285 2272/92/285
f 2272/92/285 2242/85/285 2244/120/285
f 2244/120/285 2246/118/285 2248/116/285
f 2248/116/285 2250/84/285 2252/113/285
f 2252/113/285 2254/111/285 2256/90/285
f 2256/90/285 2258/83/285 2260/107/285
f 2260/107/285 2262/105/285 2264/91/285
f 2264/91/285 2266/102/285 2268/100/285
f 2268/100/285 2270/98/285 2272/92/285
f 2272/92/285 2244/120/285 2248/116/285
f 2248/116/285 2252/113/285 2256/90/285
f 2256/90/285 2260/107/285 2264/91/285
f 2264/91/285 2268/100/285 2272/92/285
f 2272/92/285 2248/116/285 2256/90/285
f 2220/39/19 2252/39/96 2251/37/96
f 2234/67/42 2266/67/42 2265/65/42
f 2221/41/18 2253/41/18 2252/39/18
f 2235/69/41 2267/69/41 2266/67/41
f 2222/43/17 2254/43/17 2253/41/17
f 2236/71/40 2268/71/40 2267/69/40
f 2223/45/16 2255/45/16 2254/43/16
f 2210/18/33 2242/18/33 2241/20/33
f 2237/73/38 2269/73/38 2268/71/38
f 2224/47/588 2256/47/588 2255/45/588
f 2211/21/32 2243/21/32 2242/18/32
f 2238/75/37 2270/75/37 2269/73/37
f 2225/49/14 2257/49/14 2256/47/14
f 2212/23/31 2244/23/31 2243/21/31
f 2239/77/175 2271/77/175 2270/75/175
f 2226/51/95 2258/51/95 2257/49/95
f 2213/25/28 2245/25/29 2244/23/29
f 2240/80/35 2272/80/35 2271/77/35
f 2227/53/50 2259/53/50 2258/51/50
f 2214/27/27 2246/27/27 2245/25/27
f 2209/81/34 2241/81/34 2272/80/34
f 2228/55/48 2260/55/48 2259/53/48
f 2215/29/25 2247/29/25 2246/27/25
f 2229/57/210 2261/57/132 2260/55/132
f 2216/31/24 2248/31/24 2247/29/24
f 2230/59/46 2262/59/46 2261/57/46
f 2217/33/22 2249/33/22 2248/31/22
f 2231/61/93 2263/61/93 2262/59/93
f 2218/35/21 2250/35/21 2249/33/21
f 2232/63/44 2264/63/44 2263/61/44
f 2219/37/20 2251/37/20 2250/35/20
f 2302/78/175 2334/78/175 2335/79/175
f 1842/36/294 1840/34/294 2280/34/294
f 1858/52/302 2289/52/302 2290/54/302
f 1878/72/300 1876/70/300 2298/70/299
f 1832/26/290 2276/26/290 2277/28/290
f 1852/46/289 1850/44/289 2285/44/289
f 1868/62/296 2294/62/689 2295/64/296
f 1886/79/295 2303/79/295 2304/82/295
f 1842/36/286 2281/36/286 2282/38/286
f 1860/54/293 2290/54/293 2291/56/293
f 1880/74/291 1878/72/291 2299/72/291
f 1834/28/318 2277/28/318 2278/30/318
f 1852/46/317 2286/46/317 2287/48/317
f 1872/66/288 1870/64/288 2295/64/288
f 1828/22/315 1826/19/315 2273/19/315
f 1826/86/287 1888/82/287 2304/82/287
f 1844/38/314 2282/38/314 2283/40/314
f 1862/56/49 2291/56/49 2292/58/49
f 1880/74/319 2300/74/319 2301/76/319
f 1836/30/310 2278/30/311 2279/32/310
f 1856/50/309 1854/48/309 2287/48/309
f 1874/68/316 1872/66/316 2296/66/316
f 1830/24/307 1828/22/661 2274/22/307
f 1848/42/306 1846/40/306 2283/40/306
f 1864/58/313 2292/58/313 2293/60/313
f 1882/76/312 2301/76/312 2302/78/312
f 1840/34/303 1838/32/303 2279/32/303
f 1856/50/301 2288/50/301 2289/52/301
f 1874/68/308 2297/68/308 2298/70/308
f 1832/26/298 1830/24/298 2275/24/298
f 1848/42/580 2284/42/297 2285/44/580
f 1868/62/305 1866/60/305 2293/60/305
f 2325/60/342 2324/58/342 2356/58/342
f 2289/52/95 2321/52/51 2322/54/95
f 2276/26/29 2308/26/29 2309/28/29
f 2303/79/35 2335/79/35 2336/82/35
f 2290/54/50 2322/54/50 2323/56/50
f 2277/28/27 2309/28/27 2310/30/27
f 2304/82/34 2336/82/34 2305/86/34
f 2292/58/48 2291/56/358 2323/56/48
f 2278/30/26 2310/30/25 2311/32/26
f 2293/60/210 2292/58/210 2324/58/210
f 2279/32/24 2311/32/23 2312/34/24
f 2293/60/46 2325/60/46 2326/62/46
f 2280/34/22 2312/34/22 2313/36/22
f 2294/62/93 2326/62/93 2327/64/93
f 2281/36/21 2313/36/21 2314/38/21
f 2295/64/44 2327/64/44 2328/66/44
f 2283/40/20 2282/38/20 2314/38/20
f 2296/66/43 2328/66/43 2329/68/43
f 2284/42/19 2283/40/19 2315/40/19
f 2297/68/42 2329/68/42 2330/70/42
f 2284/42/18 2316/42/18 2317/44/18
f 2298/70/41 2330/70/41 2331/72/41
f 2285/44/17 2317/44/17 2318/46/17
f 2299/72/91 2331/72/40 2332/74/91
f 2286/46/133 2318/46/133 2319/48/133
f 2273/19/33 2305/19/33 2306/22/33
f 2300/74/173 2332/74/173 2333/76/173
f 2288/50/15 2287/48/15 2319/48/15
f 2274/22/32 2306/22/32 2307/24/32
f 2301/76/37 2333/76/37 2334/78/37
f 2288/50/14 2320/50/14 2321/52/14
f 2275/24/30 2307/24/30 2308/26/30
f 2359/64/44 2391/64/44 2392/66/44
f 2311/32/328 2343/32/328 2344/34/328
f 2325/60/339 2357/60/339 2358/62/339
f 2312/34/325 2344/34/325 2345/36/325
f 2326/62/336 2358/62/336 2359/64/336
f 2314/38/323 2313/36/323 2345/36/323
f 2327/64/334 2359/64/334 2360/66/334
f 2315/40/321 2314/38/321 2346/38/321
f 2328/66/332 2360/66/332 2361/68/332
f 2316/42/355 2315/40/355 2347/40/355
f 2330/70/329 2329/68/329 2361/68/329
f 2317/44/352 2316/42/352 2348/42/352
f 2331/72/326 2330/70/326 2362/70/326
f 2318/46/349 2317/44/349 2349/44/349
f 2331/72/324 2363/72/324 2364/74/324
f 2319/48/345 2318/46/345 2350/46/345
f 2305/19/343 2337/19/343 2338/22/343
f 2332/74/322 2364/74/322 2365/76/322
f 2320/50/341 2319/48/341 2351/48/341
f 2306/22/340 2338/22/340 2339/24/340
f 2333/76/320 2365/76/320 2366/78/320
f 2321/52/338 2320/50/635 2352/50/635
f 2307/24/337 2339/24/337 2340/26/337
f 2335/79/354 2334/78/354 2366/78/354
f 2322/54/353 2321/52/353 2353/52/353
f 2309/28/335 2308/26/335 2340/26/335
f 2336/82/351 2335/79/351 2367/79/351
f 2323/56/350 2322/54/350 2354/54/350
f 2309/28/333 2341/28/333 2342/30/333
f 2336/82/348 2368/82/348 2337/86/348
f 2323/56/347 2355/56/347 2356/58/346
f 2310/30/331 2342/30/331 2343/32/331
f 2395/72/390 2394/70/390 2426/70/390
f 2346/38/20 2378/38/20 2379/40/20
f 2360/66/43 2392/66/43 2393/68/43
f 2347/40/19 2379/40/19 2380/42/19
f 2361/68/42 2393/68/42 2394/70/42
f 2348/42/359 2380/42/94 2381/44/94
f 2363/72/41 2362/70/41 2394/70/41
f 2349/44/441 2381/44/441 2382/46/441
f 2364/74/40 2363/72/40 2395/72/40
f 2350/46/16 2382/46/16 2383/48/16
f 2338/22/33 2337/19/33 2369/19/33
f 2365/76/38 2364/74/38 2396/74/39
f 2351/48/15 2383/48/15 2384/50/15
f 2339/24/32 2338/22/32 2370/22/32
f 2366/78/37 2365/76/37 2397/76/37
f 2352/50/14 2384/50/14 2385/52/14
f 2339/24/30 2371/24/30 2372/26/30
f 2366/78/175 2398/78/175 2399/79/175
f 2353/52/95 2385/52/95 2386/54/95
f 2341/28/29 2340/26/29 2372/26/29
f 2367/79/35 2399/79/35 2400/82/35
f 2354/54/50 2386/54/50 2387/56/50
f 2341/28/27 2373/28/27 2374/30/27
f 2368/82/34 2400/82/34 2369/86/34
f 2355/56/48 2387/56/358 2388/58/48
f 2342/30/26 2374/30/25 2375/32/26
f 2356/58/47 2388/58/47 2389/60/47
f 2343/32/24 2375/32/24 2376/34/24
f 2357/60/46 2389/60/46 2390/62/46
f 2344/34/22 2376/34/22 2377/36/22
f 2358/62/93 2390/62/93 2391/64/93
f 2345/36/21 2377/36/21 2378/38/21
f 2402/22/32 2434/22/32 2435/24/32
f 2382/46/373 2381/44/690 2413/44/373
f 2396/74/388 2395/72/585 2427/72/388
f 2382/46/369 2414/46/369 2415/48/369
f 2369/19/636 2401/19/636 2402/22/636
f 2396/74/385 2428/74/385 2429/76/385
f 2384/50/366 2383/48/366 2415/48/366
f 2371/24/365 2370/22/365 2402/22/365
f 2398/78/383 2397/76/383 2429/76/383
f 2385/52/363 2384/50/363 2416/50/363
f 2372/26/362 2371/24/362 2403/24/362
f 2399/79/380 2398/78/380 2430/78/380
f 2386/54/378 2385/52/378 2417/52/378
f 2373/28/360 2372/26/360 2404/26/360
f 2400/82/376 2399/79/376 2431/79/376
f 2386/54/374 2418/54/374 2419/56/374
f 2374/30/398 2373/28/398 2405/28/398
f 2369/86/637 2400/82/372 2432/82/372
f 2387/56/371 2419/56/371 2420/58/371
f 2374/30/395 2406/30/395 2407/32/395
f 2388/58/367 2420/58/367 2421/60/367
f 2375/32/391 2407/32/391 2408/34/391
f 2389/60/364 2421/60/364 2422/62/364
f 2377/36/389 2376/34/389 2408/34/389
f 2390/62/361 2422/62/361 2423/64/361
f 2377/36/386 2409/36/386 2410/38/386
f 2391/64/638 2423/64/638 2424/66/639
f 2378/38/384 2410/38/384 2411/40/384
f 2393/68/396 2392/66/397 2424/66/397
f 2379/40/382 2411/40/382 2412/42/382
f 2393/68/393 2425/68/393 2426/70/393
f 2381/44/377 2380/42/377 2412/42/377
f 2437/28/416 2469/28/416 2470/30/416
f 2429/76/97 2461/76/97 2462/78/37
f 2416/50/14 2448/50/14 2449/52/14
f 2403/24/31 2435/24/31 2436/26/30
f 2430/78/36 2462/78/36 2463/79/36
f 2417/52/51 2449/52/95 2450/54/51
f 2404/26/29 2436/26/29 2437/28/29
f 2431/79/35 2463/79/35 2464/82/35
f 2418/54/50 2450/54/50 2451/56/50
f 2405/28/27 2437/28/27 2438/30/27
f 2432/82/34 2464/82/34 2433/86/34
f 2419/56/48 2451/56/48 2452/58/48
f 2406/30/25 2438/30/25 2439/32/25
f 2420/58/210 2452/58/47 2453/60/210
f 2407/32/24 2439/32/24 2440/34/24
f 2421/60/46 2453/60/46 2454/62/46
f 2408/34/22 2440/34/22 2441/36/22
f 2422/62/93 2454/62/93 2455/64/93
f 2409/36/21 2441/36/21 2442/38/21
f 2423/64/44 2455/64/44 2456/66/44
f 2410/38/20 2442/38/20 2443/40/20
f 2424/66/43 2456/66/43 2457/68/43
f 2411/40/96 2443/40/19 2444/42/400
f 2425/68/42 2457/68/42 2458/70/42
f 2412/42/18 2444/42/570 2445/44/18
f 2426/70/41 2458/70/41 2459/72/41
f 2413/44/17 2445/44/17 2446/46/17
f 2427/72/91 2459/72/135 2460/74/40
f 2414/46/133 2446/46/133 2447/48/133
f 2401/19/33 2433/19/33 2434/22/33
f 2428/74/39 2460/74/39 2461/76/39
f 2415/48/15 2447/48/15 2448/50/15
f 2472/34/22 2504/34/22 2505/36/22
f 2464/82/434 2496/82/434 2465/86/433
f 2451/56/641 2483/56/641 2484/58/641
f 2439/32/414 2438/30/414 2470/30/414
f 2453/60/428 2452/58/428 2484/58/428
f 2439/32/412 2471/32/412 2472/34/412
f 2453/60/425 2485/60/425 2486/62/425
f 2440/34/409 2472/34/409 2473/36/409
f 2455/64/642 2454/62/422 2486/62/422
f 2441/36/407 2473/36/407 2474/38/407
f 2456/66/418 2455/64/419 2487/64/419
f 2442/38/405 2474/38/405 2475/40/405
f 2457/68/415 2456/66/415 2488/66/415
f 2444/42/403 2443/40/403 2475/40/403
f 2458/70/413 2457/68/413 2489/68/413
f 2445/44/399 2444/42/399 2476/42/399
f 2459/72/410 2458/70/411 2490/70/410
f 2445/44/435 2477/44/435 2478/46/435
f 2459/72/408 2491/72/408 2492/74/408
f 2446/46/431 2478/46/431 2479/48/431
f 2434/22/643 2433/19/643 2465/19/643
f 2461/76/406 2460/74/406 2492/74/406
f 2447/48/644 2479/48/644 2480/50/427
f 2434/22/426 2466/22/426 2467/24/426
f 2462/78/404 2461/76/404 2493/76/404
f 2448/50/424 2480/50/424 2481/52/424
f 2436/26/423 2435/24/423 2467/24/423
f 2463/79/402 2462/78/402 2494/78/402
f 2449/52/401 2481/52/401 2482/54/401
f 2437/28/420 2436/26/420 2468/26/420
f 2464/82/438 2463/79/438 2495/79/438
f 2450/54/437 2482/54/691 2483/56/437
f 2507/40/472 2539/40/472 2540/42/472
f 2486/62/93 2518/62/93 2519/64/93
f 2473/36/21 2505/36/21 2506/38/21
f 2487/64/44 2519/64/44 2520/66/44
f 2474/38/20 2506/38/20 2507/40/20
f 2488/66/43 2520/66/43 2521/68/43
f 2475/40/19 2507/40/19 2508/42/19
f 2489/68/42 2521/68/42 2522/70/42
f 2476/42/94 2508/42/94 2509/44/94
f 2490/70/41 2522/70/41 2523/72/41
f 2477/44/17 2509/44/17 2510/46/17
f 2491/72/40 2523/72/40 2524/74/40
f 2478/46/133 2510/46/133 2511/48/16
f 2465/19/33 2497/19/33 2498/22/33
f 2492/74/39 2524/74/39 2525/76/39
f 2479/48/15 2511/48/15 2512/50/15
f 2466/22/32 2498/22/32 2499/24/32
f 2493/76/37 2525/76/37 2526/78/37
f 2480/50/14 2512/50/14 2513/52/14
f 2467/24/30 2499/24/30 2500/26/30
f 2494/78/175 2526/78/175 2527/79/175
f 2481/52/95 2513/52/95 2514/54/95
f 2468/26/357 2500/26/357 2501/28/357
f 2495/79/212 2527/79/212 2528/82/212
f 2482/54/50 2514/54/50 2515/56/50
f 2469/28/27 2501/28/27 2502/30/27
f 2496/82/34 2528/82/34 2497/86/34
f 2483/56/358 2515/56/358 2516/58/358
f 2470/30/25 2502/30/25 2503/32/25
f 2484/58/210 2516/58/210 2517/60/210
f 2471/32/24 2503/32/24 2504/34/24
f 2485/60/46 2517/60/46 2518/62/46
f 2542/46/133 2574/46/133 2575/48/16
f 2521/68/482 2553/68/482 2554/70/482
f 2508/42/467 2540/42/467 2541/44/467
f 2522/70/479 2554/70/479 2555/72/479
f 2509/44/463 2541/44/464 2542/46/463
f 2524/74/477 2523/72/477 2555/72/477
f 2510/46/458 2542/46/458 2543/48/458
f 2497/19/457 2529/19/457 2530/22/457
f 2525/76/475 2524/74/475 2556/74/475
f 2512/50/455 2511/48/455 2543/48/455
f 2498/22/453 2530/22/453 2531/24/453
f 2526/78/473 2525/76/473 2557/76/473
f 2513/52/591 2512/50/591 2544/50/591
f 2500/26/449 2499/24/449 2531/24/449
f 2527/79/471 2526/78/470 2558/78/471
f 2513/52/468 2545/52/468 2546/54/468
f 2501/28/447 2500/26/447 2532/26/447
f 2528/82/466 2527/79/466 2559/79/466
f 2515/56/465 2514/54/465 2546/54/465
f 2501/28/594 2533/28/444 2534/30/595
f 2528/82/462 2560/82/462 2529/86/462
f 2516/58/460 2515/56/590 2547/56/590
f 2503/32/439 2502/30/439 2534/30/439
f 2517/60/456 2516/58/456 2548/58/456
f 2504/34/597 2503/32/597 2535/32/597
f 2518/62/452 2517/60/452 2549/60/452
f 2505/36/478 2504/34/478 2536/34/478
f 2519/64/448 2518/62/592 2550/62/592
f 2506/38/476 2505/36/476 2537/36/476
f 2519/64/445 2551/64/445 2552/66/445
f 2507/40/474 2506/38/474 2538/38/474
f 2520/66/442 2552/66/442 2553/68/443
f 2578/54/488 2577/52/488 2609/52/488
f 2529/19/33 2561/19/33 2562/22/33
f 2556/74/38 2588/74/38 2589/76/38
f 2543/48/15 2575/48/15 2576/50/15
f 2530/22/32 2562/22/32 2563/24/32
f 2557/76/37 2589/76/37 2590/78/37
f 2544/50/14 2576/50/14 2577/52/14
f 2531/24/30 2563/24/30 2564/26/31
f 2558/78/36 2590/78/36 2591/79/36
f 2545/52/95 2577/52/95 2578/54/95
f 2532/26/29 2564/26/29 2565/28/29
f 2559/79/35 2591/79/35 2592/82/35
f 2546/54/50 2578/54/50 2579/56/50
f 2533/28/27 2565/28/27 2566/30/27
f 2560/82/34 2592/82/34 2561/86/34
f 2547/56/358 2579/56/358 2580/58/48
f 2534/30/25 2566/30/25 2567/32/25
f 2548/58/132 2580/58/132 2581/60/132
f 2535/32/24 2567/32/24 2568/34/24
f 2549/60/46 2581/60/46 2582/62/46
f 2536/34/22 2568/34/22 2569/36/22
f 2550/62/93 2582/62/45 2583/64/93
f 2537/36/21 2569/36/21 2570/38/21
f 2551/64/44 2583/64/44 2584/66/44
f 2538/38/20 2570/38/20 2571/40/20
f 2552/66/43 2584/66/43 2585/68/43
f 2539/40/96 2571/40/19 2572/42/400
f 2553/68/42 2585/68/42 2586/70/42
f 2540/42/18 2572/42/18 2573/44/94
f 2554/70/41 2586/70/41 2587/72/41
f 2541/44/17 2573/44/17 2574/46/17
f 2555/72/40 2587/72/91 2588/74/40
f 2612/58/132 2644/58/132 2645/60/132
f 2564/26/505 2596/26/505 2597/28/505
f 2591/79/486 2623/79/486 2624/82/486
f 2578/54/485 2610/54/485 2611/56/485
f 2565/28/503 2597/28/503 2598/30/503
f 2592/82/483 2624/82/483 2593/86/483
f 2580/58/515 2579/56/515 2611/56/515
f 2567/32/501 2566/30/501 2598/30/501
f 2580/58/598 2612/58/598 2613/60/598
f 2567/32/499 2599/32/499 2600/34/499
f 2581/60/509 2613/60/509 2614/62/509
f 2568/34/497 2600/34/497 2601/36/497
f 2582/62/506 2614/62/506 2615/64/506
f 2569/36/495 2601/36/495 2602/38/495
f 2584/66/504 2583/64/504 2615/64/504
f 2570/38/493 2602/38/493 2603/40/492
f 2585/68/645 2584/66/645 2616/66/645
f 2572/42/490 2571/40/490 2603/40/490
f 2586/70/500 2585/68/500 2617/68/500
f 2573/44/487 2572/42/487 2604/42/487
f 2587/72/498 2586/70/498 2618/70/498
f 2573/44/484 2605/44/484 2606/46/484
f 2588/74/496 2587/72/496 2619/72/496
f 2574/46/514 2606/46/514 2607/48/514
f 2562/22/513 2561/19/513 2593/19/513
f 2589/76/494 2588/74/494 2620/74/494
f 2576/50/511 2575/48/511 2607/48/511
f 2562/22/510 2594/22/692 2595/24/510
f 2590/78/491 2589/76/491 2621/76/491
f 2577/52/508 2576/50/508 2608/50/508
f 2564/26/507 2563/24/507 2595/24/507
f 2591/79/604 2590/78/489 2622/78/489
f 2647/64/527 2679/64/527 2680/66/527
f 2599/32/24 2631/32/24 2632/34/23
f 2613/60/46 2645/60/46 2646/62/46
f 2600/34/22 2632/34/22 2633/36/22
f 2614/62/45 2646/62/45 2647/64/45
f 2601/36/21 2633/36/21 2634/38/21
f 2615/64/174 2647/64/174 2648/66/44
f 2602/38/20 2634/38/20 2635/40/20
f 2616/66/43 2648/66/43 2649/68/43
f 2603/40/19 2635/40/19 2636/42/19
f 2617/68/42 2649/68/42 2650/70/42
f 2604/42/359 2636/42/359 2637/44/359
f 2618/70/41 2650/70/41 2651/72/41
f 2605/44/17 2637/44/17 2638/46/17
f 2619/72/91 2651/72/91 2652/74/91
f 2606/46/16 2638/46/16 2639/48/16
f 2593/19/33 2625/19/33 2626/22/33
f 2620/74/173 2652/74/519 2653/76/173
f 2607/48/588 2639/48/15 2640/50/588
f 2594/22/32 2626/22/32 2627/24/32
f 2621/76/37 2653/76/37 2654/78/37
f 2608/50/14 2640/50/14 2641/52/14
f 2595/24/31 2627/24/31 2628/26/31
f 2622/78/36 2654/78/36 2655/79/36
f 2609/52/95 2641/52/95 2642/54/95
f 2596/26/28 2628/26/28 2629/28/28
f 2623/79/35 2655/79/35 2656/82/35
f 2610/54/50 2642/54/50 2643/56/50
f 2597/28/27 2629/28/27 2630/30/27
f 2624/82/34 2656/82/34 2625/86/34
f 2611/56/48 2643/56/358 2644/58/48
f 2598/30/26 2630/30/25 2631/32/26
f 2672/50/14 2704/50/14 2705/52/14
f 2635/40/555 2634/38/555 2666/38/555
f 2648/66/525 2680/66/525 2681/68/525
f 2635/40/552 2667/40/552 2668/42/552
f 2649/68/523 2681/68/523 2682/70/522
f 2636/42/547 2668/42/547 2669/44/547
f 2650/70/516 2682/70/518 2683/72/516
f 2637/44/544 2669/44/544 2670/46/544
f 2651/72/561 2683/72/561 2684/74/561
f 2638/46/540 2670/46/540 2671/48/540
f 2626/22/539 2625/19/539 2657/19/539
f 2652/74/557 2684/74/557 2685/76/609
f 2639/48/536 2671/48/612 2672/50/536
f 2626/22/535 2658/22/693 2659/24/535
f 2653/76/553 2685/76/672 2686/78/553
f 2640/50/532 2672/50/532 2673/52/532
f 2627/24/530 2659/24/530 2660/26/530
f 2655/79/550 2654/78/549 2686/78/549
f 2641/52/548 2673/52/548 2674/54/548
f 2629/28/648 2628/26/528 2660/26/528
f 2656/82/546 2655/79/546 2687/79/546
f 2642/54/545 2674/54/545 2675/56/545
f 2630/30/526 2629/28/614 2661/28/614
f 2625/86/543 2656/82/543 2688/82/543
f 2643/56/542 2675/56/542 2676/58/541
f 2630/30/524 2662/30/524 2663/32/524
f 2644/58/537 2676/58/537 2677/60/537
f 2632/34/521 2631/32/521 2663/32/521
f 2645/60/649 2677/60/649 2678/62/533
f 2633/36/607 2632/34/562 2664/34/562
f 2647/64/529 2646/62/529 2678/62/529
f 2634/38/559 2633/36/560 2665/36/560
f 2691/95/563 2690/122/563 2689/89/563
f 2689/89/563 2720/147/563 2719/146/563
f 2719/146/563 2718/145/563 2717/144/563
f 2717/144/563 2716/143/680 2715/142/563
f 2715/142/563 2714/141/563 2713/88/563
f 2713/88/563 2712/140/563 2711/139/563
f 2711/139/563 2710/138/563 2709/137/563
f 2709/137/563 2708/136/563 2707/93/563
f 2707/93/563 2706/135/563 2705/87/563
f 2705/87/563 2704/134/563 2703/133/563
f 2703/133/563 2702/132/563 2701/131/563
f 2701/131/563 2700/130/563 2699/94/563
f 2699/94/563 2698/129/679 2697/128/563
f 2697/128/563 2696/127/679 2695/126/563
f 2695/126/563 2694/125/679 2693/124/563
f 2693/124/563 2692/123/563 2691/95/563
f 2691/95/563 2689/89/563 2719/146/563
f 2719/146/563 2717/144/563 2715/142/563
f 2715/142/563 2713/88/563 2711/139/563
f 2711/139/563 2709/137/563 2707/93/563
f 2707/93/563 2705/87/563 2703/133/563
f 2703/133/563 2701/131/563 2699/94/563
f 2699/94/563 2697/128/563 2695/126/563
f 2695/126/563 2693/124/563 2691/95/563
f 2691/95/563 2719/146/563 2715/142/563
f 2715/142/563 2711/139/563 2707/93/563
f 2707/93/563 2703/133/563 2699/94/563
f 2699/94/563 2695/126/563 2691/95/563
f 2691/95/563 2715/142/563 2707/93/563
f 2686/78/175 2718/78/175 2719/79/175
f 2673/52/95 2705/52/95 2706/54/95
f 2687/79/35 2719/79/35 2720/82/35
f 2657/19/33 2689/19/33 2690/22/33
f 2674/54/50 2706/54/50 2707/56/50
f 2688/82/34 2720/82/34 2689/86/34
f 2658/22/32 2690/22/32 2691/24/32
f 2675/56/358 2707/56/358 2708/58/358
f 2659/24/30 2691/24/30 2692/26/30
f 2676/58/210 2708/58/210 2709/60/210
f 2663/32/24 2695/32/24 2696/34/24
f 2660/26/29 2692/26/29 2693/28/29
f 2677/60/46 2709/60/46 2710/62/46
f 2664/34/22 2696/34/22 2697/36/22
f 2661/28/27 2693/28/27 2694/30/27
f 2678/62/93 2710/62/93 2711/64/93
f 2665/36/21 2697/36/21 2698/38/21
f 2662/30/25 2694/30/25 2695/32/25
f 2679/64/44 2711/64/44 2712/66/44
f 2666/38/20 2698/38/20 2699/40/20
f 2680/66/43 2712/66/43 2713/68/43
f 2667/40/96 2699/40/96 2700/42/96
f 2681/68/42 2713/68/42 2714/70/42
f 2668/42/18 2700/42/18 2701/44/18
f 2682/70/41 2714/70/41 2715/72/41
f 2669/44/17 2701/44/17 2702/46/17
f 2683/72/91 2715/72/91 2716/74/91
f 2670/46/133 2702/46/133 2703/48/133
f 2684/74/173 2716/74/519 2717/76/173
f 2671/48/15 2703/48/15 2704/50/15
f 2685/76/37 2717/76/37 2718/78/37
f 2723/18/34 2724/22/34 2722/19/34
f 2725/21/35 2726/24/35 2724/22/35
f 2727/23/175 2728/26/175 2726/24/175
f 2729/25/37 2730/28/37 2728/26/37
f 2731/27/173 2732/30/173 2730/28/173
f 2733/29/40 2734/32/40 2732/30/40
f 2735/31/41 2736/34/41 2734/32/41
f 2737/33/42 2738/36/42 2736/34/42
f 2739/35/43 2740/38/43 2738/36/43
f 2741/37/174 2742/40/174 2740/38/174
f 2743/39/93 2744/42/93 2742/40/93
f 2745/41/46 2746/44/46 2744/42/46
f 2747/43/210 2748/46/210 2746/44/210
f 2749/45/358 2750/48/358 2748/46/358
f 2751/47/50 2752/50/50 2750/48/50
f 2753/49/95 2754/52/95 2752/50/95
f 2755/51/14 2756/54/14 2754/52/14
f 2757/53/15 2758/56/15 2756/54/15
f 2759/55/133 2760/58/133 2758/56/133
f 2761/57/17 2762/60/17 2760/58/17
f 2763/59/359 2764/62/359 2762/60/359
f 2765/61/96 2766/64/19 2764/62/19
f 2767/63/20 2768/66/20 2766/64/20
f 2769/65/21 2770/68/21 2768/66/21
f 2771/67/22 2772/70/22 2770/68/22
f 2773/69/24 2774/72/24 2772/70/24
f 2775/71/26 2776/74/26 2774/72/26
f 2777/73/27 2778/76/27 2776/74/27
f 2779/75/357 2780/78/357 2778/76/357
f 2781/77/30 2782/79/30 2780/78/30
f 3199/79/298 3198/78/298 2780/78/298
f 2783/80/32 2784/82/32 2782/79/32
f 2721/81/211 2722/86/211 2784/82/211
f 2792/31/74 2793/33/75 2737/33/75
f 2837/57/574 2838/59/570 2806/59/574
f 2801/49/565 2802/51/66 2755/51/66
f 2810/67/68 2811/69/68 2773/69/68
f 2788/23/78 2789/25/78 2729/25/78
f 2797/41/79 2798/43/79 2747/43/79
f 2763/59/71 2806/59/71 2807/61/71
f 2781/77/73 2815/77/73 2816/80/73
f 2737/33/85 2793/33/85 2794/35/85
f 2755/51/76 2802/51/76 2803/53/76
f 2811/69/77 2812/71/77 2775/71/77
f 2789/25/88 2790/27/88 2731/27/88
f 2798/43/89 2799/45/89 2749/45/89
f 2765/61/80 2807/61/81 2808/63/80
f 2721/20/53 2785/20/53 2786/18/53
f 2816/80/84 2785/81/83 2721/81/83
f 2794/35/54 2795/37/54 2741/37/54
f 2803/53/86 2804/55/86 2759/55/86
f 2775/71/87 2812/71/87 2813/73/87
f 2731/27/57 2790/27/57 2791/29/57
f 2799/45/58 2800/47/58 2751/47/58
f 2808/63/52 2809/65/52 2769/65/52
f 2786/18/60 2787/21/60 2725/21/60
f 2795/37/61 2796/39/61 2743/39/61
f 2759/55/568 2804/55/568 2805/57/55
f 2777/73/56 2813/73/56 2814/75/56
f 2733/29/65 2791/29/65 2792/31/65
f 2800/47/67 2801/49/67 2753/49/67
f 2769/65/566 2809/65/59 2810/67/566
f 2787/21/69 2788/23/618 2727/23/618
f 2796/39/70 2797/41/70 2745/41/70
f 2761/57/62 2805/57/62 2806/59/62
f 2779/75/63 2814/75/63 2815/77/63
f 2872/63/126 2873/65/126 2841/65/126
f 2824/31/42 2825/33/42 2793/33/42
f 2838/59/19 2839/61/19 2807/61/19
f 2825/33/43 2826/35/43 2794/35/43
f 2839/61/20 2840/63/20 2808/63/20
f 2826/35/44 2827/37/44 2795/37/44
f 2840/63/573 2841/65/573 2809/65/573
f 2827/37/45 2828/39/45 2796/39/45
f 2841/65/22 2842/67/22 2810/67/22
f 2828/39/46 2829/41/46 2797/41/46
f 2842/67/24 2843/69/24 2811/69/24
f 2829/41/47 2830/43/47 2798/43/47
f 2843/69/25 2844/71/25 2812/71/25
f 2830/43/358 2831/45/358 2799/45/358
f 2817/20/34 2818/18/34 2786/18/34
f 2844/71/27 2845/73/27 2813/73/27
f 2831/45/50 2832/47/50 2800/47/50
f 2818/18/35 2819/21/35 2787/21/35
f 2845/73/29 2846/75/357 2814/75/357
f 2832/47/95 2833/49/95 2801/49/95
f 2819/21/175 2820/23/175 2788/23/175
f 2846/75/30 2847/77/30 2815/77/30
f 2833/49/14 2834/51/14 2802/51/14
f 2820/23/37 2821/25/37 2789/25/37
f 2847/77/32 2848/80/32 2816/80/32
f 2834/51/15 2835/53/15 2803/53/15
f 2821/25/173 2822/27/38 2790/27/173
f 2848/80/33 2817/81/33 2785/81/33
f 2835/53/133 2836/55/133 2804/55/133
f 2822/27/40 2823/29/40 2791/29/40
f 2836/55/441 2837/57/17 2805/57/441
f 2823/29/41 2824/31/41 2792/31/41
f 2907/69/25 2908/71/25 2876/71/25
f 2827/37/103 2859/37/103 2860/39/103
f 2841/65/128 2873/65/128 2874/67/128
f 2828/39/106 2860/39/106 2861/41/106
f 2842/67/130 2874/67/130 2875/69/130
f 2829/41/109 2861/41/109 2862/43/109
f 2875/69/98 2876/71/98 2844/71/98
f 2830/43/113 2862/43/113 2863/45/113
f 2817/20/650 2849/20/694 2850/18/115
f 2876/71/100 2877/73/100 2845/73/100
f 2831/45/117 2863/45/117 2864/47/117
f 2850/18/118 2851/21/620 2819/21/118
f 2877/73/102 2878/75/102 2846/75/102
f 2832/47/120 2864/47/120 2865/49/120
f 2851/21/121 2852/23/121 2820/23/121
f 2846/75/619 2878/75/619 2879/77/104
f 2833/49/105 2865/49/105 2866/51/105
f 2852/23/123 2853/25/123 2821/25/123
f 2879/77/107 2880/80/107 2848/80/107
f 2866/51/108 2867/53/108 2835/53/108
f 2821/25/125 2853/25/125 2854/27/125
f 2880/80/111 2849/81/111 2817/81/111
f 2867/53/112 2868/55/112 2836/55/112
f 2822/27/127 2854/27/127 2855/29/127
f 2868/55/116 2869/57/116 2837/57/116
f 2855/29/129 2856/31/129 2824/31/129
f 2837/57/119 2869/57/119 2870/59/119
f 2856/31/90 2857/33/90 2825/33/90
f 2838/59/122 2870/59/122 2871/61/122
f 2825/33/99 2857/33/99 2858/35/99
f 2871/61/124 2872/63/124 2840/63/124
f 2826/35/101 2858/35/101 2859/37/101
f 2915/21/144 2916/23/144 2884/23/144
f 2894/43/48 2895/45/48 2863/45/48
f 2881/20/34 2882/18/34 2850/18/34
f 2908/71/27 2909/73/27 2877/73/27
f 2895/45/50 2896/47/50 2864/47/50
f 2882/18/35 2883/21/35 2851/21/35
f 2909/73/28 2910/75/28 2878/75/28
f 2896/47/95 2897/49/95 2865/49/95
f 2883/21/36 2884/23/36 2852/23/36
f 2910/75/572 2911/77/572 2879/77/572
f 2897/49/14 2898/51/14 2866/51/14
f 2884/23/37 2885/25/37 2853/25/37
f 2911/77/32 2912/80/32 2880/80/32
f 2898/51/15 2899/53/15 2867/53/15
f 2885/25/173 2886/27/173 2854/27/173
f 2912/80/33 2881/81/33 2849/81/33
f 2899/53/133 2900/55/133 2868/55/133
f 2886/27/91 2887/29/91 2855/29/91
f 2900/55/17 2901/57/17 2869/57/17
f 2887/29/41 2888/31/41 2856/31/41
f 2901/57/94 2902/59/94 2870/59/94
f 2888/31/42 2889/33/42 2857/33/42
f 2902/59/96 2903/61/400 2871/61/400
f 2889/33/43 2890/35/43 2858/35/43
f 2903/61/20 2904/63/20 2872/63/20
f 2890/35/44 2891/37/44 2859/37/44
f 2904/63/21 2905/65/573 2873/65/21
f 2891/37/93 2892/39/93 2860/39/93
f 2905/65/22 2906/67/22 2874/67/22
f 2892/39/46 2893/41/46 2861/41/46
f 2906/67/24 2907/69/24 2875/69/24
f 2893/41/47 2894/43/47 2862/43/47
f 2950/27/91 2951/29/91 2919/29/91
f 2910/75/164 2942/75/164 2943/77/164
f 2897/49/165 2929/49/165 2930/51/165
f 2884/23/146 2916/23/146 2917/25/146
f 2943/77/167 2944/80/167 2912/80/167
f 2898/51/169 2930/51/169 2931/53/169
f 2917/25/148 2918/27/651 2886/27/651
f 2944/80/171 2913/81/171 2881/81/171
f 2899/53/131 2931/53/131 2932/55/131
f 2918/27/151 2919/29/151 2887/29/151
f 2900/55/139 2932/55/139 2933/57/139
f 2887/29/153 2919/29/153 2920/31/153
f 2933/57/142 2934/59/142 2902/59/142
f 2888/31/156 2920/31/156 2921/33/156
f 2934/59/145 2935/61/145 2903/61/145
f 2889/33/158 2921/33/158 2922/35/158
f 2935/61/623 2936/63/147 2904/63/147
f 2890/35/160 2922/35/160 2923/37/160
f 2936/63/150 2937/65/150 2905/65/150
f 2891/37/163 2923/37/163 2924/39/163
f 2937/65/152 2938/67/152 2906/67/152
f 2892/39/166 2924/39/166 2925/41/166
f 2938/67/155 2939/69/155 2907/69/155
f 2893/41/170 2925/41/170 2926/43/170
f 2907/69/157 2939/69/157 2940/71/157
f 2926/43/137 2927/45/136 2895/45/137
f 2881/20/138 2913/20/138 2914/18/138
f 2908/71/159 2940/71/159 2941/73/159
f 2927/45/140 2928/47/140 2896/47/140
f 2914/18/652 2915/21/652 2883/21/652
f 2941/73/162 2942/75/162 2910/75/162
f 2928/47/143 2929/49/143 2897/49/143
f 2985/33/181 2986/35/181 2954/35/181
f 2964/55/17 2965/57/17 2933/57/17
f 2951/29/41 2952/31/41 2920/31/41
f 2965/57/18 2966/59/94 2934/59/94
f 2952/31/42 2953/33/42 2921/33/42
f 2966/59/19 2967/61/19 2935/61/19
f 2953/33/43 2954/35/43 2922/35/43
f 2967/61/20 2968/63/20 2936/63/20
f 2954/35/44 2955/37/44 2923/37/44
f 2968/63/21 2969/65/21 2937/65/21
f 2955/37/93 2956/39/93 2924/39/93
f 2969/65/22 2970/67/22 2938/67/22
f 2956/39/46 2957/41/46 2925/41/46
f 2970/67/23 2971/69/24 2939/69/24
f 2957/41/210 2958/43/210 2926/43/210
f 2971/69/25 2972/71/25 2940/71/25
f 2958/43/48 2959/45/48 2927/45/48
f 2945/20/34 2946/18/34 2914/18/34
f 2972/71/27 2973/73/27 2941/73/27
f 2959/45/50 2960/47/50 2928/47/50
f 2946/18/35 2947/21/35 2915/21/35
f 2973/73/28 2974/75/28 2942/75/28
f 2960/47/95 2961/49/95 2929/49/95
f 2947/21/175 2948/23/175 2916/23/175
f 2974/75/30 2975/77/31 2943/77/30
f 2961/49/14 2962/51/14 2930/51/14
f 2948/23/37 2949/25/37 2917/25/37
f 2975/77/32 2976/80/32 2944/80/32
f 2962/51/15 2963/53/15 2931/53/15
f 2949/25/173 2950/27/173 2918/27/173
f 2976/80/33 2945/81/33 2913/81/33
f 2963/53/16 2964/55/16 2932/55/16
f 3020/39/46 3021/41/46 2989/41/46
f 2967/61/205 2999/61/205 3000/63/205
f 2986/35/183 2987/37/183 2955/37/183
f 2968/63/207 3000/63/207 3001/65/207
f 2987/37/185 2988/39/185 2956/39/185
f 2969/65/172 3001/65/172 3002/67/172
f 2988/39/188 2989/41/188 2957/41/188
f 3002/67/178 3003/69/178 2971/69/178
f 2989/41/192 2990/43/192 2958/43/192
f 3003/69/180 3004/71/180 2972/71/180
f 2958/43/195 2990/43/195 2991/45/195
f 2977/20/196 2978/18/196 2946/18/196
f 3004/71/182 3005/73/182 2973/73/182
f 2991/45/198 2992/47/198 2960/47/198
f 2946/18/199 2978/18/199 2979/21/199
f 3005/73/184 3006/75/184 2974/75/184
f 2960/47/201 2992/47/201 2993/49/201
f 2947/21/202 2979/21/202 2980/23/202
f 2974/75/186 3006/75/186 3007/77/186
f 2961/49/187 2993/49/187 2994/51/187
f 2948/23/204 2980/23/204 2981/25/204
f 3007/77/189 3008/80/189 2976/80/189
f 2962/51/190 2994/51/190 2995/53/190
f 2949/25/206 2981/25/206 2982/27/206
f 3008/80/193 2977/81/193 2945/81/193
f 2963/53/194 2995/53/194 2996/55/194
f 2950/27/208 2982/27/208 2983/29/208
f 2996/55/197 2997/57/197 2965/57/197
f 2951/29/176 2983/29/176 2984/31/176
f 2997/57/200 2998/59/200 2966/59/200
f 2984/31/179 2985/33/179 2953/33/179
f 2998/59/203 2999/61/203 2967/61/203
f 3023/45/220 3055/45/220 3056/47/220
f 3034/67/24 3035/69/24 3003/69/24
f 3021/41/210 3022/43/210 2990/43/210
f 3035/69/26 3036/71/25 3004/71/26
f 3022/43/48 3023/45/358 2991/45/48
f 3009/20/34 3010/18/34 2978/18/34
f 3036/71/27 3037/73/27 3005/73/27
f 3023/45/50 3024/47/50 2992/47/50
f 3010/18/35 3011/21/35 2979/21/35
f 3037/73/29 3038/75/357 3006/75/29
f 3024/47/51 3025/49/51 2993/49/51
f 3011/21/175 3012/23/175 2980/23/175
f 3038/75/30 3039/77/30 3007/77/30
f 3025/49/14 3026/51/14 2994/51/14
f 3012/23/37 3013/25/37 2981/25/37
f 3039/77/32 3040/80/32 3008/80/32
f 3026/51/15 3027/53/588 2995/53/15
f 3013/25/173 3014/27/173 2982/27/173
f 3040/80/33 3009/81/33 2977/81/33
f 3027/53/16 3028/55/16 2996/55/16
f 3014/27/91 3015/29/91 2983/29/91
f 3028/55/441 3029/57/441 2997/57/441
f 3015/29/41 3016/31/41 2984/31/41
f 3029/57/359 3030/59/359 2998/59/359
f 3016/31/42 3017/33/42 2985/33/42
f 3030/59/19 3031/61/19 2999/61/19
f 3017/33/43 3018/35/43 2986/35/43
f 3031/61/20 3032/63/20 3000/63/20
f 3018/35/44 3019/37/174 2987/37/44
f 3032/63/21 3033/65/573 3001/65/21
f 3019/37/45 3020/39/45 2988/39/45
f 3033/65/22 3034/67/22 3002/67/22
f 3090/51/15 3091/53/15 3059/53/15
f 3042/18/222 3043/21/695 3011/21/222
f 3037/73/240 3069/73/240 3070/75/240
f 3024/47/224 3056/47/224 3057/49/224
f 3043/21/225 3044/23/225 3012/23/225
f 3038/75/654 3070/75/654 3071/77/243
f 3057/49/244 3058/51/244 3026/51/244
f 3044/23/227 3045/25/227 3013/25/227
f 3071/77/209 3072/80/209 3040/80/209
f 3058/51/213 3059/53/213 3027/53/213
f 3045/25/229 3046/27/229 3014/27/229
f 3040/80/215 3072/80/215 3041/81/215
f 3059/53/216 3060/55/216 3028/55/216
f 3046/27/231 3047/29/231 3015/29/231
f 3060/55/219 3061/57/219 3029/57/219
f 3015/29/233 3047/29/233 3048/31/233
f 3029/57/223 3061/57/223 3062/59/223
f 3016/31/235 3048/31/235 3049/33/235
f 3030/59/226 3062/59/226 3063/61/226
f 3017/33/237 3049/33/237 3050/35/237
f 3063/61/228 3064/63/228 3032/63/228
f 3018/35/239 3050/35/239 3051/37/239
f 3064/63/230 3065/65/230 3033/65/230
f 3019/37/242 3051/37/242 3052/39/242
f 3065/65/232 3066/67/232 3034/67/232
f 3052/39/245 3053/41/245 3021/41/245
f 3034/67/234 3066/67/234 3067/69/234
f 3053/41/214 3054/43/214 3022/43/214
f 3035/69/655 3067/69/655 3068/71/655
f 3022/43/575 3054/43/575 3055/45/575
f 3009/20/218 3041/20/218 3042/18/218
f 3036/71/238 3068/71/238 3069/73/238
f 3093/57/279 3125/57/279 3126/59/279
f 3077/25/519 3078/27/173 3046/27/173
f 3104/80/33 3073/81/33 3041/81/33
f 3091/53/133 3092/55/133 3060/55/133
f 3078/27/91 3079/29/40 3047/29/40
f 3092/55/17 3093/57/17 3061/57/17
f 3079/29/41 3080/31/41 3048/31/41
f 3093/57/94 3094/59/570 3062/59/570
f 3080/31/42 3081/33/42 3049/33/42
f 3094/59/96 3095/61/96 3063/61/96
f 3081/33/43 3082/35/43 3050/35/43
f 3095/61/20 3096/63/20 3064/63/20
f 3082/35/44 3083/37/44 3051/37/44
f 3096/63/21 3097/65/21 3065/65/21
f 3083/37/45 3084/39/45 3052/39/45
f 3097/65/22 3098/67/22 3066/67/22
f 3084/39/46 3085/41/46 3053/41/46
f 3098/67/24 3099/69/24 3067/69/24
f 3085/41/210 3086/43/132 3054/43/132
f 3099/69/26 3100/71/26 3068/71/26
f 3086/43/358 3087/45/358 3055/45/358
f 3073/20/34 3074/18/34 3042/18/34
f 3100/71/27 3101/73/27 3069/73/27
f 3087/45/50 3088/47/50 3056/47/50
f 3074/18/35 3075/21/632 3043/21/632
f 3101/73/658 3102/75/28 3070/75/28
f 3088/47/95 3089/49/95 3057/49/95
f 3075/21/175 3076/23/36 3044/23/36
f 3102/75/30 3103/77/30 3071/77/30
f 3089/49/14 3090/51/14 3058/51/14
f 3076/23/37 3077/25/660 3045/25/660
f 3103/77/629 3104/80/628 3072/80/32
f 3160/63/21 3161/65/573 3129/65/21
f 3112/31/259 3113/33/259 3081/33/259
f 3094/59/282 3126/59/282 3127/61/282
f 3113/33/261 3114/35/261 3082/35/261
f 3095/61/284 3127/61/284 3128/63/284
f 3114/35/263 3115/37/263 3083/37/263
f 3096/63/254 3128/63/254 3129/65/254
f 3115/37/265 3116/39/265 3084/39/265
f 3129/65/256 3130/67/256 3098/67/256
f 3116/39/268 3117/41/268 3085/41/268
f 3130/67/258 3131/69/258 3099/69/258
f 3085/41/271 3117/41/271 3118/43/271
f 3131/69/260 3132/71/260 3100/71/260
f 3086/43/274 3118/43/274 3119/45/274
f 3073/20/275 3105/20/275 3106/18/275
f 3132/71/262 3133/73/262 3101/73/262
f 3119/45/277 3120/47/277 3088/47/277
f 3106/18/278 3107/21/278 3075/21/278
f 3133/73/264 3134/75/264 3102/75/264
f 3120/47/633 3121/49/633 3089/49/633
f 3107/21/281 3108/23/281 3076/23/281
f 3134/75/266 3135/77/266 3103/77/266
f 3089/49/267 3121/49/267 3122/51/267
f 3108/23/283 3109/25/283 3077/25/283
f 3103/77/269 3135/77/269 3136/80/269
f 3090/51/270 3122/51/270 3123/53/270
f 3077/25/247 3109/25/247 3110/27/247
f 3136/80/272 3105/81/272 3073/81/272
f 3091/53/273 3123/53/273 3124/55/273
f 3078/27/255 3110/27/255 3111/29/255
f 3092/55/276 3124/55/276 3125/57/276
f 3111/29/257 3112/31/257 3080/31/257
f 3138/85/285 3137/96/285 3168/92/285
f 3168/92/285 3167/97/285 3166/98/285
f 3166/98/285 3165/99/285 3164/100/285
f 3164/100/285 3163/101/285 3162/102/285
f 3162/102/285 3161/103/285 3160/91/285
f 3160/91/285 3159/104/285 3158/105/285
f 3158/105/285 3157/106/285 3156/107/285
f 3156/107/285 3155/108/285 3154/83/285
f 3154/83/285 3153/109/285 3152/90/285
f 3152/90/285 3151/110/285 3150/111/285
f 3150/111/285 3149/112/285 3148/113/285
f 3148/113/285 3147/114/285 3146/84/285
f 3146/84/285 3145/115/285 3144/116/285
f 3144/116/285 3143/117/285 3142/118/285
f 3142/118/285 3141/119/285 3140/120/285
f 3140/120/285 3139/121/285 3138/85/285
f 3138/85/285 3168/92/285 3166/98/285
f 3166/98/285 3164/100/285 3162/102/285
f 3162/102/285 3160/91/285 3158/105/285
f 3158/105/285 3156/107/285 3154/83/285
f 3154/83/285 3152/90/285 3150/111/285
f 3150/111/285 3148/113/285 3146/84/285
f 3146/84/285 3144/116/285 3142/118/285
f 3142/118/285 3140/120/285 3138/85/285
f 3138/85/285 3166/98/285 3162/102/285
f 3162/102/285 3158/105/285 3154/83/285
f 3154/83/285 3150/111/285 3146/84/285
f 3146/84/285 3142/118/285 3138/85/285
f 3138/85/285 3162/102/285 3154/83/285
f 3147/37/93 3148/39/93 3116/39/93
f 3161/65/22 3162/67/22 3130/67/22
f 3148/39/46 3149/41/46 3117/41/46
f 3162/67/24 3163/69/24 3131/69/24
f 3149/41/132 3150/43/132 3118/43/132
f 3163/69/25 3164/71/26 3132/71/25
f 3150/43/48 3151/45/48 3119/45/48
f 3137/20/34 3138/18/34 3106/18/34
f 3164/71/27 3165/73/27 3133/73/27
f 3151/45/50 3152/47/50 3120/47/50
f 3138/18/35 3139/21/35 3107/21/35
f 3165/73/28 3166/75/28 3134/75/29
f 3152/47/95 3153/49/95 3121/49/95
f 3139/21/36 3140/23/36 3108/23/36
f 3166/75/30 3167/77/30 3135/77/30
f 3153/49/14 3154/51/14 3122/51/14
f 3140/23/37 3141/25/37 3109/25/37
f 3167/77/32 3168/80/32 3136/80/32
f 3154/51/588 3155/53/588 3123/53/588
f 3141/25/173 3142/27/173 3110/27/173
f 3168/80/33 3137/81/33 3105/81/33
f 3155/53/16 3156/55/16 3124/55/16
f 3142/27/91 3143/29/91 3111/29/91
f 3156/55/17 3157/57/17 3125/57/17
f 3143/29/41 3144/31/41 3112/31/41
f 3157/57/18 3158/59/18 3126/59/94
f 3144/31/42 3145/33/42 3113/33/42
f 3158/59/19 3159/61/19 3127/61/96
f 3145/33/43 3146/35/43 3114/35/43
f 3159/61/20 3160/63/20 3128/63/20
f 3146/35/44 3147/37/44 3115/37/44
f 3231/79/30 3230/78/30 3198/78/30
f 2738/36/308 3177/36/308 3176/34/308
f 3186/54/301 3185/52/301 2754/52/301
f 3195/72/303 3194/70/303 2772/70/303
f 2730/28/312 3173/28/312 3172/26/312
f 2748/46/313 3182/46/313 3181/44/313
f 3191/64/306 3190/62/306 2764/62/306
f 3200/82/661 3199/79/307 2782/79/661
f 3178/38/316 3177/36/316 2738/36/316
f 3187/56/309 3186/54/309 2756/54/309
f 2776/74/311 3196/74/311 3195/72/311
f 3174/30/319 3173/28/319 2730/28/319
f 2750/48/49 3183/48/49 3182/46/49
f 2768/66/314 3192/66/314 3191/64/314
f 2724/22/287 3170/22/287 3169/19/287
f 2722/86/315 3169/86/315 3200/82/315
f 3179/40/288 3178/38/288 2740/38/288
f 2760/58/317 3188/58/317 3187/56/317
f 3197/76/318 3196/74/318 2776/74/318
f 3175/32/291 3174/30/291 2732/30/291
f 2752/50/293 3184/50/293 3183/48/293
f 2770/68/286 3193/68/286 3192/66/286
f 2726/24/295 3171/24/295 3170/22/295
f 2744/42/296 3180/42/296 3179/40/296
f 3189/60/289 3188/58/289 2760/58/289
f 3198/78/290 3197/76/290 2778/76/290
f 2736/34/299 3176/34/299 3175/32/299
f 3185/52/302 3184/50/302 2752/50/302
f 3194/70/294 3193/68/294 2770/68/294
f 2728/26/304 3172/26/304 3171/24/304
f 3181/44/305 3180/42/305 2744/42/305
f 2764/62/580 3190/62/580 3189/60/580
f 3221/60/349 3253/60/349 3252/58/349
f 3218/54/14 3217/52/14 3185/52/14
f 3205/28/37 3204/26/37 3172/26/37
f 3232/82/32 3231/79/32 3199/79/32
f 3219/56/15 3218/54/15 3186/54/15
f 3206/30/173 3205/28/38 3173/28/173
f 3201/86/33 3232/82/33 3200/82/33
f 3188/58/16 3220/58/16 3219/56/16
f 3207/32/40 3206/30/91 3174/30/40
f 3189/60/17 3221/60/17 3220/58/17
f 3208/34/41 3207/32/41 3175/32/41
f 3222/62/18 3221/60/94 3189/60/18
f 3209/36/42 3208/34/42 3176/34/42
f 3223/64/96 3222/62/96 3190/62/96
f 3210/38/43 3209/36/43 3177/36/43
f 3224/66/20 3223/64/20 3191/64/20
f 3179/40/44 3211/40/44 3210/38/44
f 3225/68/573 3224/66/573 3192/66/573
f 3180/42/93 3212/42/93 3211/40/93
f 3226/70/22 3225/68/22 3193/68/22
f 3213/44/46 3212/42/46 3180/42/46
f 3227/72/24 3226/70/24 3194/70/24
f 3214/46/210 3213/44/132 3181/44/210
f 3228/74/25 3227/72/25 3195/72/25
f 3215/48/358 3214/46/358 3182/46/358
f 3202/22/34 3201/19/34 3169/19/34
f 3229/76/27 3228/74/27 3196/74/27
f 3184/50/50 3216/50/50 3215/48/50
f 3203/24/35 3202/22/35 3170/22/35
f 3230/78/29 3229/76/29 3197/76/29
f 3217/52/51 3216/50/51 3184/50/51
f 3204/26/175 3203/24/175 3171/24/175
f 3288/66/20 3287/64/20 3255/64/20
f 3240/34/326 3239/32/326 3207/32/326
f 3254/62/352 3253/60/352 3221/60/352
f 3241/36/329 3240/34/329 3208/34/329
f 3255/64/355 3254/62/355 3222/62/355
f 3210/38/332 3242/38/332 3241/36/332
f 3256/66/321 3255/64/321 3223/64/321
f 3211/40/334 3243/40/334 3242/38/334
f 3257/68/323 3256/66/323 3224/66/323
f 3212/42/336 3244/42/336 3243/40/336
f 3226/70/325 3258/70/325 3257/68/325
f 3213/44/339 3245/44/339 3244/42/339
f 3227/72/328 3259/72/328 3258/70/328
f 3214/46/342 3246/46/342 3245/44/342
f 3260/74/331 3259/72/673 3227/72/331
f 3215/48/346 3247/48/347 3246/46/346
f 3234/22/348 3233/19/348 3201/19/348
f 3229/76/333 3261/76/333 3260/74/333
f 3216/50/350 3248/50/350 3247/48/350
f 3235/24/351 3234/22/351 3202/22/351
f 3262/78/335 3261/76/335 3229/76/335
f 3217/52/353 3249/52/353 3248/50/353
f 3236/26/354 3235/24/354 3203/24/354
f 3231/79/337 3263/79/337 3262/78/337
f 3218/54/338 3250/54/338 3249/52/338
f 3205/28/320 3237/28/320 3236/26/320
f 3232/82/340 3264/82/340 3263/79/340
f 3219/56/341 3251/56/341 3250/54/341
f 3238/30/322 3237/28/322 3205/28/322
f 3233/86/343 3264/82/343 3232/82/343
f 3252/58/344 3251/56/345 3219/56/344
f 3207/32/324 3239/32/324 3238/30/324
f 3291/72/391 3323/72/391 3322/70/391
f 3275/40/44 3274/38/174 3242/38/44
f 3289/68/21 3288/66/21 3256/66/21
f 3276/42/93 3275/40/93 3243/40/45
f 3290/70/22 3289/68/22 3257/68/22
f 3277/44/46 3276/42/46 3244/42/46
f 3259/72/24 3291/72/24 3290/70/24
f 3278/46/47 3277/44/47 3245/44/47
f 3260/74/26 3292/74/26 3291/72/26
f 3279/48/48 3278/46/48 3246/46/48
f 3234/22/34 3266/22/34 3265/19/34
f 3261/76/27 3293/76/27 3292/74/27
f 3280/50/50 3279/48/50 3247/48/50
f 3235/24/35 3267/24/35 3266/22/35
f 3262/78/29 3294/78/357 3293/76/29
f 3281/52/95 3280/50/95 3248/50/95
f 3268/26/175 3267/24/175 3235/24/175
f 3295/79/31 3294/78/31 3262/78/30
f 3282/54/14 3281/52/14 3249/52/14
f 3237/28/37 3269/28/37 3268/26/37
f 3296/82/32 3295/79/32 3263/79/32
f 3283/56/15 3282/54/15 3250/54/15
f 3270/30/38 3269/28/38 3237/28/39
f 3265/86/33 3296/82/33 3264/82/33
f 3284/58/16 3283/56/16 3251/56/133
f 3271/32/40 3270/30/40 3238/30/40
f 3285/60/441 3284/58/441 3252/58/441
f 3272/34/41 3271/32/41 3239/32/41
f 3286/62/359 3285/60/94 3253/60/359
f 3273/36/42 3272/34/42 3240/34/42
f 3287/64/400 3286/62/400 3254/62/96
f 3274/38/43 3273/36/43 3241/36/43
f 3331/24/35 3330/22/35 3298/22/35
f 3278/46/367 3310/46/367 3309/44/367
f 3292/74/395 3324/74/395 3323/72/395
f 3311/48/370 3310/46/370 3278/46/370
f 3298/22/372 3297/19/637 3265/19/372
f 3325/76/398 3324/74/398 3292/74/398
f 3312/50/374 3311/48/374 3279/48/374
f 3267/24/375 3299/24/375 3298/22/375
f 3326/78/360 3325/76/360 3293/76/360
f 3281/52/378 3313/52/378 3312/50/378
f 3268/26/380 3300/26/380 3299/24/380
f 3295/79/362 3327/79/362 3326/78/362
f 3282/54/363 3314/54/363 3313/52/363
f 3269/28/383 3301/28/383 3300/26/383
f 3296/82/365 3328/82/365 3327/79/365
f 3315/56/366 3314/54/366 3282/54/366
f 3270/30/385 3302/30/385 3301/28/385
f 3265/86/368 3297/86/636 3328/82/368
f 3316/58/369 3315/56/369 3283/56/369
f 3303/32/388 3302/30/388 3270/30/388
f 3317/60/373 3316/58/373 3284/58/373
f 3304/34/390 3303/32/583 3271/32/390
f 3318/62/377 3317/60/377 3285/60/377
f 3273/36/393 3305/36/394 3304/34/393
f 3319/64/382 3318/62/382 3286/62/382
f 3306/38/396 3305/36/396 3273/36/396
f 3320/66/384 3319/64/384 3287/64/384
f 3307/40/356 3306/38/356 3274/38/356
f 3289/68/387 3321/68/387 3320/66/387
f 3308/42/361 3307/40/361 3275/40/361
f 3322/70/584 3321/68/389 3289/68/389
f 3277/44/364 3309/44/364 3308/42/364
f 3366/30/406 3365/28/406 3333/28/406
f 3358/78/29 3357/76/357 3325/76/357
f 3345/52/95 3344/50/95 3312/50/95
f 3332/26/175 3331/24/175 3299/24/175
f 3359/79/31 3358/78/31 3326/78/31
f 3346/54/14 3345/52/14 3313/52/14
f 3333/28/37 3332/26/37 3300/26/37
f 3360/82/32 3359/79/32 3327/79/32
f 3347/56/15 3346/54/15 3314/54/15
f 3334/30/173 3333/28/39 3301/28/38
f 3329/86/33 3360/82/33 3328/82/33
f 3348/58/133 3347/56/16 3315/56/16
f 3335/32/135 3334/30/135 3302/30/135
f 3349/60/17 3348/58/17 3316/58/17
f 3336/34/41 3335/32/41 3303/32/41
f 3350/62/18 3349/60/18 3317/60/18
f 3337/36/42 3336/34/42 3304/34/42
f 3351/64/96 3350/62/96 3318/62/96
f 3338/38/43 3337/36/43 3305/36/43
f 3352/66/20 3351/64/20 3319/64/20
f 3339/40/44 3338/38/44 3306/38/44
f 3353/68/21 3352/66/21 3320/66/21
f 3340/42/93 3339/40/93 3307/40/93
f 3354/70/22 3353/68/22 3321/68/22
f 3341/44/46 3340/42/46 3308/42/46
f 3355/72/24 3354/70/24 3322/70/24
f 3342/46/132 3341/44/210 3309/44/210
f 3356/74/25 3355/72/25 3323/72/25
f 3343/48/358 3342/46/48 3310/46/48
f 3330/22/34 3329/19/34 3297/19/34
f 3357/76/27 3356/74/27 3324/74/27
f 3344/50/50 3343/48/50 3311/48/50
f 3401/36/42 3400/34/42 3368/34/42
f 3361/86/643 3392/82/643 3360/82/643
f 3380/58/431 3379/56/431 3347/56/431
f 3335/32/408 3367/32/408 3366/30/408
f 3349/60/436 3381/60/436 3380/58/435
f 3368/34/410 3367/32/410 3335/32/410
f 3382/62/399 3381/60/399 3349/60/399
f 3337/36/413 3369/36/413 3368/34/413
f 3351/64/403 3383/64/403 3382/62/403
f 3370/38/415 3369/36/415 3337/36/415
f 3352/66/405 3384/66/405 3383/64/405
f 3371/40/419 3370/38/419 3338/38/419
f 3353/68/407 3385/68/407 3384/66/407
f 3372/42/422 3371/40/642 3339/40/642
f 3354/70/409 3386/70/409 3385/68/409
f 3341/44/425 3373/44/425 3372/42/425
f 3355/72/412 3387/72/412 3386/70/412
f 3374/46/428 3373/44/428 3341/44/428
f 3388/74/414 3387/72/414 3355/72/414
f 3375/48/432 3374/46/432 3342/46/432
f 3330/22/434 3362/22/434 3361/19/433
f 3357/76/416 3389/76/416 3388/74/416
f 3376/50/437 3375/48/437 3343/48/437
f 3363/24/438 3362/22/438 3330/22/438
f 3358/78/420 3390/78/420 3389/76/420
f 3377/52/401 3376/50/401 3344/50/401
f 3332/26/402 3364/26/402 3363/24/402
f 3391/79/423 3390/78/423 3358/78/423
f 3378/54/424 3377/52/424 3345/52/424
f 3333/28/404 3365/28/404 3364/26/404
f 3360/82/426 3392/82/426 3391/79/426
f 3379/56/427 3378/54/427 3346/54/427
f 3436/42/448 3435/40/448 3403/40/448
f 3415/64/19 3414/62/19 3382/62/19
f 3402/38/43 3401/36/43 3369/36/43
f 3416/66/20 3415/64/20 3383/64/20
f 3403/40/44 3402/38/44 3370/38/44
f 3417/68/573 3416/66/21 3384/66/21
f 3404/42/45 3403/40/45 3371/40/45
f 3418/70/22 3417/68/22 3385/68/22
f 3405/44/46 3404/42/46 3372/42/46
f 3419/72/24 3418/70/24 3386/70/24
f 3406/46/210 3405/44/210 3373/44/210
f 3420/74/25 3419/72/25 3387/72/25
f 3407/48/358 3406/46/358 3374/46/358
f 3394/22/34 3393/19/34 3361/19/34
f 3421/76/27 3420/74/27 3388/74/27
f 3408/50/50 3407/48/50 3375/48/50
f 3395/24/35 3394/22/35 3362/22/35
f 3422/78/357 3421/76/29 3389/76/29
f 3409/52/95 3408/50/95 3376/50/95
f 3396/26/175 3395/24/175 3363/24/175
f 3423/79/31 3422/78/30 3390/78/31
f 3410/54/14 3409/52/14 3377/52/14
f 3397/28/97 3396/26/37 3364/26/97
f 3424/82/32 3423/79/32 3391/79/32
f 3411/56/15 3410/54/15 3378/54/15
f 3398/30/38 3397/28/173 3365/28/173
f 3393/86/211 3424/82/211 3392/82/211
f 3412/58/16 3411/56/133 3379/56/133
f 3399/32/91 3398/30/91 3366/30/91
f 3413/60/17 3412/58/17 3380/58/17
f 3400/34/41 3399/32/41 3367/32/41
f 3414/62/359 3413/60/359 3381/60/359
f 3471/48/48 3470/46/358 3438/46/358
f 3450/70/478 3449/68/478 3417/68/478
f 3437/44/452 3436/42/665 3404/42/665
f 3451/72/597 3450/70/597 3418/70/597
f 3438/46/456 3437/44/456 3405/44/456
f 3420/74/666 3452/74/666 3451/72/439
f 3439/48/460 3438/46/461 3406/46/461
f 3394/22/462 3426/22/462 3425/19/462
f 3421/76/444 3453/76/444 3452/74/667
f 3408/50/465 3440/50/465 3439/48/465
f 3427/24/466 3426/22/466 3394/22/466
f 3454/78/447 3453/76/447 3421/76/447
f 3409/52/468 3441/52/468 3440/50/468
f 3396/26/470 3428/26/470 3427/24/470
f 3455/79/450 3454/78/449 3422/78/449
f 3442/54/591 3441/52/591 3409/52/591
f 3397/28/589 3429/28/589 3428/26/473
f 3424/82/453 3456/82/453 3455/79/453
f 3411/56/455 3443/56/455 3442/54/455
f 3430/30/475 3429/28/475 3397/28/475
f 3425/86/457 3456/82/457 3424/82/457
f 3412/58/458 3444/58/458 3443/56/458
f 3431/32/477 3430/30/477 3398/30/477
f 3413/60/668 3445/60/668 3444/58/668
f 3400/34/479 3432/34/479 3431/32/479
f 3414/62/467 3446/62/467 3445/60/467
f 3401/36/482 3433/36/482 3432/34/482
f 3415/64/472 3447/64/472 3446/62/472
f 3402/38/442 3434/38/442 3433/36/442
f 3448/66/474 3447/64/474 3415/64/474
f 3403/40/445 3435/40/445 3434/38/445
f 3449/68/476 3448/66/476 3416/66/476
f 3474/54/508 3506/54/508 3505/52/508
f 3458/22/34 3457/19/34 3425/19/34
f 3485/76/27 3484/74/27 3452/74/27
f 3472/50/50 3471/48/50 3439/48/50
f 3459/24/35 3458/22/35 3426/22/35
f 3486/78/29 3485/76/357 3453/76/357
f 3473/52/95 3472/50/95 3440/50/95
f 3460/26/36 3459/24/36 3427/24/36
f 3487/79/30 3486/78/31 3454/78/31
f 3474/54/14 3473/52/14 3441/52/14
f 3461/28/37 3460/26/37 3428/26/37
f 3488/82/32 3487/79/32 3455/79/32
f 3475/56/15 3474/54/15 3442/54/15
f 3462/30/39 3461/28/173 3429/28/173
f 3457/86/33 3488/82/33 3456/82/33
f 3476/58/133 3475/56/16 3443/56/16
f 3463/32/91 3462/30/91 3430/30/91
f 3477/60/17 3476/58/17 3444/58/17
f 3464/34/41 3463/32/41 3431/32/41
f 3478/62/18 3477/60/18 3445/60/18
f 3465/36/42 3464/34/42 3432/34/42
f 3479/64/96 3478/62/19 3446/62/19
f 3466/38/43 3465/36/43 3433/36/43
f 3480/66/20 3479/64/20 3447/64/20
f 3467/40/44 3466/38/44 3434/38/44
f 3481/68/21 3480/66/573 3448/66/573
f 3468/42/93 3467/40/93 3435/40/93
f 3482/70/22 3481/68/22 3449/68/22
f 3469/44/46 3468/42/46 3436/42/46
f 3483/72/24 3482/70/23 3450/70/24
f 3470/46/210 3469/44/210 3437/44/210
f 3484/74/25 3483/72/26 3451/72/25
f 3541/60/17 3540/58/17 3508/58/17
f 3493/28/491 3492/26/491 3460/26/491
f 3520/82/510 3519/79/510 3487/79/510
f 3507/56/511 3506/54/511 3474/54/511
f 3494/30/494 3493/28/494 3461/28/494
f 3489/86/513 3520/82/513 3488/82/513
f 3476/58/514 3508/58/514 3507/56/514
f 3463/32/496 3495/32/496 3494/30/669
f 3509/60/484 3508/58/484 3476/58/484
f 3496/34/498 3495/32/498 3463/32/498
f 3510/62/487 3509/60/487 3477/60/487
f 3497/36/500 3496/34/500 3464/34/500
f 3511/64/490 3510/62/490 3478/62/490
f 3498/38/502 3497/36/502 3465/36/502
f 3480/66/493 3512/66/493 3511/64/493
f 3499/40/504 3498/38/504 3466/38/504
f 3481/68/495 3513/68/495 3512/66/495
f 3468/42/506 3500/42/506 3499/40/506
f 3482/70/497 3514/70/497 3513/68/497
f 3469/44/509 3501/44/509 3500/42/509
f 3483/72/499 3515/72/499 3514/70/499
f 3502/46/512 3501/44/598 3469/44/598
f 3484/74/501 3516/74/501 3515/72/501
f 3503/48/515 3502/46/515 3470/46/515
f 3490/22/483 3489/19/606 3457/19/606
f 3485/76/503 3517/76/503 3516/74/503
f 3472/50/485 3504/50/485 3503/48/485
f 3491/24/486 3490/22/486 3458/22/486
f 3486/78/600 3518/78/696 3517/76/505
f 3473/52/488 3505/52/488 3504/50/488
f 3460/26/604 3492/26/604 3491/24/604
f 3487/79/507 3519/79/507 3518/78/507
f 3576/66/555 3575/64/556 3543/64/556
f 3528/34/41 3527/32/41 3495/32/41
f 3542/62/94 3541/60/359 3509/60/359
f 3529/36/42 3528/34/42 3496/34/42
f 3543/64/19 3542/62/19 3510/62/19
f 3530/38/43 3529/36/43 3497/36/43
f 3544/66/20 3543/64/20 3511/64/20
f 3531/40/44 3530/38/44 3498/38/44
f 3545/68/573 3544/66/21 3512/66/21
f 3532/42/45 3531/40/45 3499/40/45
f 3546/70/22 3545/68/22 3513/68/22
f 3533/44/46 3532/42/46 3500/42/46
f 3547/72/24 3546/70/23 3514/70/23
f 3534/46/210 3533/44/210 3501/44/210
f 3548/74/26 3547/72/26 3515/72/26
f 3535/48/48 3534/46/48 3502/46/48
f 3522/22/34 3521/19/34 3489/19/34
f 3549/76/27 3548/74/27 3516/74/27
f 3536/50/50 3535/48/50 3503/48/50
f 3523/24/35 3522/22/35 3490/22/35
f 3550/78/28 3549/76/28 3517/76/28
f 3537/52/95 3536/50/95 3504/50/95
f 3524/26/36 3523/24/36 3491/24/36
f 3551/79/31 3550/78/31 3518/78/31
f 3538/54/14 3537/52/14 3505/52/14
f 3525/28/37 3524/26/37 3492/26/37
f 3552/82/32 3551/79/32 3519/79/32
f 3539/56/588 3538/54/588 3506/54/588
f 3526/30/173 3525/28/38 3493/28/173
f 3521/86/33 3552/82/33 3520/82/33
f 3540/58/16 3539/56/16 3507/56/16
f 3527/32/40 3526/30/40 3494/30/40
f 3601/52/95 3600/50/95 3568/50/95
f 3531/40/527 3563/40/527 3562/38/527
f 3577/68/559 3576/66/560 3544/66/560
f 3532/42/529 3564/42/529 3563/40/529
f 3578/70/607 3577/68/562 3545/68/562
f 3565/44/533 3564/42/697 3532/42/533
f 3579/72/671 3578/70/671 3546/70/671
f 3566/46/537 3565/44/537 3533/44/537
f 3580/74/524 3579/72/616 3547/72/616
f 3567/48/541 3566/46/541 3534/46/541
f 3522/22/543 3554/22/543 3553/19/543
f 3581/76/526 3580/74/526 3548/74/526
f 3568/50/545 3567/48/545 3535/48/545
f 3555/24/546 3554/22/546 3522/22/546
f 3582/78/528 3581/76/528 3549/76/528
f 3569/52/548 3568/50/548 3536/50/548
f 3556/26/550 3555/24/549 3523/24/549
f 3551/79/530 3583/79/530 3582/78/530
f 3570/54/613 3569/52/613 3537/52/613
f 3557/28/672 3556/26/554 3524/26/554
f 3552/82/534 3584/82/693 3583/79/534
f 3571/56/536 3570/54/536 3538/54/536
f 3526/30/557 3558/30/609 3557/28/557
f 3521/86/539 3553/86/539 3584/82/539
f 3540/58/540 3572/58/540 3571/56/540
f 3559/32/561 3558/30/608 3526/30/561
f 3541/60/544 3573/60/544 3572/58/544
f 3528/34/516 3560/34/516 3559/32/516
f 3574/62/547 3573/60/547 3541/60/547
f 3529/36/522 3561/36/522 3560/34/522
f 3575/64/551 3574/62/551 3542/62/551
f 3530/38/525 3562/38/525 3561/36/525
f 3585/89/563 3586/122/563 3587/95/563
f 3587/95/563 3588/123/563 3589/124/563
f 3589/124/563 3590/125/563 3591/126/563
f 3591/126/563 3592/127/679 3593/128/563
f 3593/128/563 3594/129/679 3595/94/563
f 3595/94/563 3596/130/679 3597/131/563
f 3597/131/563 3598/132/563 3599/133/563
f 3599/133/563 3600/134/563 3601/87/563
f 3601/87/563 3602/135/563 3603/93/563
f 3603/93/563 3604/136/563 3605/137/563
f 3605/137/563 3606/138/563 3607/139/563
f 3607/139/563 3608/140/563 3609/88/563
f 3609/88/563 3610/141/563 3611/142/563
f 3611/142/563 3612/143/563 3613/144/563
f 3613/144/563 3614/145/563 3615/146/563
f 3615/146/563 3616/147/563 3585/89/563
f 3585/89/563 3587/95/563 3589/124/563
f 3589/124/563 3591/126/563 3593/128/563
f 3593/128/563 3595/94/563 3597/131/563
f 3597/131/563 3599/133/563 3601/87/563
f 3601/87/563 3603/93/563 3605/137/563
f 3605/137/563 3607/139/563 3609/88/563
f 3609/88/563 3611/142/563 3613/144/563
f 3613/144/563 3615/146/563 3585/89/563
f 3585/89/563 3589/124/563 3593/128/563
f 3593/128/563 3597/131/563 3601/87/563
f 3601/87/563 3605/137/563 3609/88/563
f 3609/88/563 3613/144/563 3585/89/563
f 3585/89/563 3593/128/563 3601/87/563
f 3615/79/31 3614/78/30 3582/78/30
f 3602/54/14 3601/52/14 3569/52/14
f 3616/82/32 3615/79/32 3583/79/32
f 3586/22/34 3585/19/34 3553/19/34
f 3603/56/15 3602/54/15 3570/54/15
f 3585/86/33 3616/82/33 3584/82/33
f 3587/24/35 3586/22/35 3554/22/35
f 3604/58/133 3603/56/133 3571/56/133
f 3588/26/175 3587/24/175 3555/24/175
f 3605/60/17 3604/58/17 3572/58/17
f 3592/34/41 3591/32/41 3559/32/41
f 3589/28/37 3588/26/37 3556/26/37
f 3606/62/18 3605/60/94 3573/60/18
f 3593/36/42 3592/34/42 3560/34/42
f 3590/30/173 3589/28/173 3557/28/173
f 3607/64/400 3606/62/400 3574/62/400
f 3594/38/43 3593/36/43 3561/36/43
f 3591/32/91 3590/30/135 3558/30/135
f 3608/66/20 3607/64/20 3575/64/20
f 3595/40/44 3594/38/44 3562/38/44
f 3609/68/21 3608/66/21 3576/66/21
f 3596/42/93 3595/40/93 3563/40/93
f 3610/70/22 3609/68/22 3577/68/22
f 3597/44/46 3596/42/46 3564/42/46
f 3611/72/24 3610/70/24 3578/70/24
f 3598/46/132 3597/44/132 3565/44/132
f 3612/74/25 3611/72/25 3579/72/25
f 3599/48/358 3598/46/358 3566/46/358
f 3613/76/27 3612/74/27 3580/74/27
f 3600/50/50 3599/48/50 3567/48/50
f 3614/78/28 3613/76/28 3581/76/28
o Pinturas
v 2.316611 5.110714 1.771419
v 2.313724 5.113570 4.167219
v -2.321512 5.110424 1.765830
v -2.324399 5.113280 4.161630
v -2.321505 4.990620 1.765973
v 2.316618 4.990910 1.771562
v 2.313731 4.993766 4.167361
v -2.324392 4.993476 4.161773
v 2.317234 -5.106194 1.783599
v 2.314347 -5.103338 4.179398
v -2.320889 -5.106484 1.778010
v -2.323776 -5.103628 4.173809
v -2.320896 -4.986680 1.777867
v 2.317227 -4.986390 1.783456
v 2.314340 -4.983534 4.179255
v -2.323783 -4.983823 4.173666
vn -0.0001 1.0000 -0.0012
vn 0.0001 -1.0000 0.0012
vn -0.0012 0.0012 1.0000
vn 0.0012 -0.0012 -1.0000
vn -1.0000 -0.0001 -0.0012
vn 1.0000 0.0001 0.0012
vt -0.002918 -0.000145
vt 0.996717 1.001696
vt 0.995167 -0.001696
vt -0.002918 0.001405
vt 0.273017 1.000000
vt 0.726983 0.988274
vt 0.726983 1.000000
vt 0.273017 0.988274
vt 0.273017 1.000000
vt 1.000000 0.382753
vt 0.988274 0.617247
vt 1.000000 0.617247
vt 0.988274 0.382753
vt 1.000000 0.382753
vt 0.995167 -0.001695
vt 0.003283 0.998595
vt -0.001367 0.012256
vt 0.996717 1.001696
vt 0.726983 0.011726
vt 0.273017 0.000000
vt 0.726983 0.000000
vt 0.273017 0.011726
vt 0.011726 0.617247
vt 0.000000 0.382753
vt 0.000000 0.617247
vt 0.011726 0.382753
vt 0.000000 0.617247
vt 0.000000 0.382753
vt -0.001367 1.000145
vt 0.003283 0.995495
vt 0.988274 0.382753
vt -0.006018 0.006055
vt 0.273017 0.011726
vt 0.011726 0.382753
vt 0.011726 0.617247
s 1
usemtl Material.002
f 3619/148/698 3618/149/698 3617/150/698
f 3623/149/699 3621/151/699 3622/150/699
f 3620/152/700 3623/153/700 3618/154/700
f 3617/154/701 3621/155/701 3619/156/701
f 3619/157/702 3624/158/702 3620/159/702
f 3618/159/703 3622/160/703 3617/161/703
f 3625/162/699 3628/163/699 3627/164/699
f 3631/166/700 3628/167/700 3626/168/700
f 3629/169/701 3625/168/701 3627/167/701
f 3632/170/702 3627/171/702 3628/172/702
f 3630/173/703 3626/174/703 3625/175/703
f 3619/148/698 3620/176/698 3618/149/698
f 3623/149/699 3624/177/699 3621/151/699
f 3620/152/700 3624/155/700 3623/153/700
f 3617/154/701 3622/153/701 3621/155/701
f 3619/157/702 3621/178/702 3624/158/702
f 3618/159/703 3623/158/703 3622/160/703
f 3625/162/699 3626/165/699 3628/163/699
f 3631/166/700 3632/180/700 3628/167/700
f 3629/169/701 3630/166/701 3625/168/701
f 3632/170/702 3629/181/702 3627/171/702
f 3630/173/703 3631/182/703 3626/174/703
usemtl Material.003
f 3630/162/698 3632/163/698 3631/165/698
f 3630/162/698 3629/179/698 3632/163/698
o Piso
v -5.126413 5.125780 -0.012287
v -5.125787 -5.126420 -0.000066
v 5.125787 5.126420 0.000066
v 5.126413 -5.125780 0.012287
vn -0.0012 0.0012 1.0000
vt 1.000000 0.000000
vt 0.000000 1.000000
vt 0.000000 0.000000
vt 1.000000 1.000000
s 1
usemtl Piso
f 3634/183/704 3635/184/704 3633/185/704
f 3634/183/704 3636/186/704 3635/184/704
o Portal
v -9.432363 -1.213740 2.585880
v -9.432511 1.218748 2.582980
v -9.429304 1.215576 -0.078889
v -9.429155 -1.216913 -0.075989
vn 1.0000 0.0001 0.0012
vt 0.343604 0.656396
vt 0.656396 0.343604
vt 0.343604 0.343604
vt 0.656396 0.656396
s 1
usemtl Material.001
f 3637/187/705 3639/188/705 3638/189/705
f 3637/187/705 3640/190/705 3639/188/705
o PuertaDeslizable
v -5.861557 -1.213517 2.590182
v -5.861705 1.218972 2.587282
v -5.858498 1.215799 -0.074587
v -5.858349 -1.216689 -0.071687
vn 1.0000 0.0001 0.0012
vt 0.343604 0.656396
vt 0.656396 0.343604
vt 0.343604 0.343604
vt 0.656396 0.656396
s 1
usemtl Material.001
f 3641/191/706 3643/192/706 3642/193/706
f 3641/191/706 3644/194/706 3643/192/706
o Puertas
v 5.081605 1.435110 -0.037003
v 5.081693 -0.001414 -0.035291
v 5.078254 1.438425 2.744018
v 5.078342 0.001901 2.745730
v 5.006420 1.438421 2.743931
v 5.009771 1.435106 -0.037090
v 5.009859 -0.001418 -0.035378
v 5.006508 0.001897 2.745644
v 5.081781 -1.434574 -0.033583
v 5.081693 0.001950 -0.035295
v 5.078430 -1.431259 2.747438
v 5.078342 0.005265 2.745726
v 5.006595 -1.431263 2.747352
v 5.009947 -1.434579 -0.033669
v 5.009859 0.001946 -0.035382
v 5.006508 0.005261 2.745640
vn 1.0000 0.0001 0.0012
vn -1.0000 -0.0001 -0.0012
vn 0.0001 -1.0000 0.0012
vn -0.0001 1.0000 -0.0012
vn -0.0012 0.0012 1.0000
vn 0.0012 -0.0012 -1.0000
vt 0.297305 0.935592
vt 0.710632 0.064408
vt 0.297305 0.064408
vt 0.704889 0.066079
vt 0.295111 0.933921
vt 0.295111 0.066079
vt 0.710632 0.935592
vt 0.302181 0.065927
vt 0.708402 0.934073
vt 0.302181 0.934073
vt 0.708402 0.065927
vt 0.704889 0.933921
s 1
usemtl Puerta
f 3647/195/707 3646/196/707 3645/197/707
f 3651/198/708 3649/199/708 3650/200/708
f 3648/201/709 3651/196/709 3646/196/709
f 3645/197/710 3649/195/710 3647/195/710
f 3647/195/711 3652/201/711 3648/201/711
f 3646/196/712 3650/197/712 3645/197/712
f 3653/202/707 3656/203/707 3655/204/707
f 3658/202/708 3660/203/708 3659/205/708
f 3659/205/710 3656/203/710 3654/205/710
f 3657/204/709 3653/202/709 3655/204/709
f 3660/203/711 3655/204/711 3656/203/711
f 3658/202/712 3654/205/712 3653/202/712
f 3647/195/707 3648/201/707 3646/196/707
f 3651/198/708 3652/206/708 3649/199/708
f 3648/201/709 3652/201/709 3651/196/709
f 3645/197/710 3650/197/710 3649/195/710
f 3647/195/711 3649/195/711 3652/201/711
f 3646/196/712 3651/196/712 3650/197/712
f 3653/202/707 3654/205/707 3656/203/707
f 3658/202/708 3657/204/708 3660/203/708
f 3659/205/710 3660/203/710 3656/203/710
f 3657/204/709 3658/202/709 3653/202/709
f 3660/203/711 3657/204/711 3655/204/711
f 3658/202/712 3659/205/712 3654/205/712
o Techo
v -5.133085 -5.119201 6.057032
v -5.133712 5.132999 6.044816
v 5.119115 -5.118560 6.069385
v 5.118488 5.133640 6.057168
vn 0.0012 -0.0012 -1.0000
vt 2.695688 -1.695688
vt -1.695688 2.695688
vt -1.695688 -1.695688
vt 2.695688 2.695688
s 1
usemtl Concreto
f 3662/207/713 3663/208/713 3661/209/713
f 3662/207/713 3664/210/713 3663/208/713
