# Blender 4.3.2
# www.blender.org
mtllib SalaInicial.mtl
o AreaPortal
v -5.861557 -1.213517 2.590182
v -5.861705 1.218972 2.587282
v -5.858498 1.215799 -0.074587
v -5.858349 -1.216689 -0.071687
v -10.019989 -1.213777 2.585171
v -10.020138 1.218712 2.582272
v -10.016931 1.215539 -0.079597
v -10.016782 -1.216950 -0.076698
vn 1.0000 0.0001 0.0012
vn -0.0012 0.0012 1.0000
vn 0.0012 -0.0012 -1.0000
vn -0.0001 1.0000 -0.0012
vn 0.0001 -1.0000 0.0012
vt 0.343604 0.656396
vt 0.656396 0.343604
vt 0.343604 0.343604
vt 0.656396 0.656396
s 1
usemtl Material.001
f 5/1/1 7/2/1 6/3/1
f 3/2/2 8/4/2 4/4/2
f 1/1/3 6/3/3 2/3/3
f 4/4/4 5/1/4 1/1/4
f 2/3/5 7/2/5 3/2/5
f 5/1/1 8/4/1 7/2/1
f 3/2/2 7/2/2 8/4/2
f 1/1/3 5/1/3 6/3/3
f 4/4/4 8/4/4 5/1/4
f 2/3/5 6/3/5 7/2/5
o ParedesFT
v 5.054419 5.133658 6.075643
v 5.061831 5.126327 -0.075675
v 5.055046 -5.118542 6.087864
v 5.062458 -5.125874 -0.063453
v -5.069687 5.133026 6.063444
v -5.062275 5.125693 -0.087873
v -5.069061 -5.119174 6.075665
v -5.061649 -5.126507 -0.075652
v -5.065107 -1.213467 2.591142
v -5.065256 1.219022 2.588242
v -5.062048 1.215849 -0.073627
v -5.061899 -1.216640 -0.070727
v -5.861557 -1.213517 2.590182
v -5.861705 1.218972 2.587282
v -5.858498 1.215799 -0.074587
v -5.858349 -1.216689 -0.071687
vn -1.0000 -0.0001 -0.0012
vn -0.0001 1.0000 -0.0012
vn 1.0000 0.0001 0.0012
vn 0.0001 -1.0000 0.0012
vn -0.0012 0.0012 1.0000
vn 0.0012 -0.0012 -1.0000
vt -1.518264 -0.063597
vt 2.530666 2.365762
vt -1.518264 2.365761
vt 0.986536 -0.059811
vt 0.986536 0.991449
vt 0.025866 0.991449
vt -1.518264 2.365762
vt 0.025866 -0.059811
vt 2.530666 -0.063597
s 1
usemtl Concreto
f 10/5/6 11/6/6 9/7/6
f 20/8/7 21/9/7 17/9/7
f 18/10/8 15/6/8 17/9/8
f 18/10/8 14/5/8 13/11/8
f 20/8/8 14/5/8 19/12/8
f 17/9/8 16/13/8 20/8/8
f 18/10/9 23/12/9 19/12/9
f 19/12/10 24/8/10 20/8/10
f 17/9/11 22/10/11 18/10/11
f 10/5/6 12/13/6 11/6/6
f 20/8/7 24/8/7 21/9/7
f 18/10/8 13/11/8 15/6/8
f 18/10/8 19/12/8 14/5/8
f 20/8/8 16/13/8 14/5/8
f 17/9/8 15/6/8 16/13/8
f 18/10/9 22/10/9 23/12/9
f 19/12/10 23/12/10 24/8/10
f 17/9/11 21/9/11 22/10/11
o ParedesLat
v -5.133730 5.068974 6.063444
v -5.126318 5.061643 -0.087873
v 5.118470 5.069615 6.075797
v 5.125882 5.062284 -0.075520
v -5.133111 -5.055130 6.075512
v -5.125700 -5.062463 -0.075805
v 5.119089 -5.054490 6.087865
v 5.126501 -5.061822 -0.063452
vn 0.0001 -1.0000 0.0012
vn -0.0001 1.0000 -0.0012
vt 2.530189 -0.087193
vt -1.505385 2.364555
vt -1.505385 -0.087193
vt 2.530189 2.364555
s 1
usemtl Concreto
f 26/14/12 27/15/12 25/16/12
f 31/15/13 30/14/13 29/16/13
f 26/14/12 28/17/12 27/15/12
f 31/15/13 32/17/13 30/14/13
o Pilares
v -4.710196 4.230146 0.631246
v -4.715714 4.235605 5.211084
v -4.700349 4.130231 0.631377
v -4.705868 4.135691 5.211215
v -4.671199 4.034156 0.631527
v -4.676718 4.039616 5.211366
v -4.623867 3.945615 0.631689
v -4.629385 3.951074 5.211528
v -4.560169 3.868009 0.631859
v -4.565688 3.873468 5.211698
v -4.482554 3.804322 0.632028
v -4.488073 3.809782 5.211866
v -4.394006 3.757000 0.632191
v -4.399525 3.762460 5.212029
v -4.297931 3.727861 0.632342
v -4.303450 3.733320 5.212181
v -4.198013 3.718026 0.632474
v -4.203532 3.723485 5.212313
v -4.098097 3.727873 0.632582
v -4.103616 3.733332 5.212421
v -4.002024 3.757024 0.632663
v -4.007543 3.762483 5.212502
v -3.913482 3.804358 0.632714
v -3.919001 3.809818 5.212553
v -3.835877 3.868054 0.632731
v -3.841396 3.873513 5.212571
v -3.772189 3.945668 0.632716
v -3.777708 3.951128 5.212554
v -3.724866 4.034216 0.632667
v -3.730385 4.039676 5.212505
v -3.695728 4.130293 0.632588
v -3.701247 4.135753 5.212427
v -3.685893 4.230210 0.632480
v -3.691412 4.235670 5.212318
v -3.695740 4.330125 0.632349
v -3.701259 4.335585 5.212189
v -3.724890 4.426199 0.632200
v -3.730409 4.431658 5.212039
v -3.772224 4.514741 0.632037
v -3.777742 4.520200 5.211875
v -3.835921 4.592346 0.631868
v -3.841440 4.597806 5.211707
v -3.913534 4.656034 0.631699
v -3.919053 4.661493 5.211537
v -4.002082 4.703357 0.631535
v -4.007601 4.708817 5.211375
v -4.098158 4.732495 0.631385
v -4.103677 4.737955 5.211224
v -4.198076 4.742329 0.631253
v -4.203595 4.747788 5.211092
v -4.297992 4.732482 0.631144
v -4.303511 4.737941 5.210982
v -4.394064 4.703332 0.631063
v -4.399583 4.708791 5.210902
v -4.482607 4.655999 0.631013
v -4.488126 4.661458 5.210852
v -4.560213 4.592301 0.630995
v -4.565732 4.597761 5.210835
v -4.623901 4.514688 0.631011
v -4.629420 4.520147 5.210849
v -4.671223 4.426140 0.631060
v -4.676742 4.431600 5.210898
v -4.700362 4.330063 0.631139
v -4.705881 4.335523 5.210978
v -4.735062 4.230112 0.604299
v -4.724737 4.125340 0.604437
v -4.694170 4.024594 0.604594
v -4.644536 3.931749 0.604764
v -4.577741 3.850370 0.604941
v -4.496354 3.783587 0.605119
v -4.403502 3.733963 0.605290
v -4.302753 3.703408 0.605448
v -4.197979 3.693095 0.605587
v -4.093206 3.703421 0.605700
v -3.992461 3.733989 0.605785
v -3.899616 3.783624 0.605838
v -3.818238 3.850418 0.605857
v -3.751453 3.931805 0.605840
v -3.701829 4.024657 0.605789
v -3.671274 4.125406 0.605706
v -3.660962 4.230179 0.605593
v -3.671287 4.334952 0.605456
v -3.701854 4.435697 0.605299
v -3.751489 4.528543 0.605129
v -3.818284 4.609921 0.604951
v -3.899670 4.676705 0.604774
v -3.992522 4.726328 0.604603
v -4.093271 4.756884 0.604445
v -4.198045 4.767196 0.604306
v -4.302818 4.756871 0.604192
v -4.403563 4.726303 0.604107
v -4.496408 4.676667 0.604055
v -4.577787 4.609873 0.604036
v -4.644572 4.528487 0.604053
v -4.694194 4.435635 0.604104
v -4.724749 4.334886 0.604187
v -4.735017 4.230067 0.566616
v -4.724691 4.125295 0.566754
v -4.694124 4.024549 0.566911
v -4.644491 3.931704 0.567081
v -4.577695 3.850325 0.567259
v -4.496309 3.783541 0.567436
v -4.403456 3.733918 0.567607
v -4.302708 3.703363 0.567765
v -4.197934 3.693050 0.567904
v -4.093161 3.703376 0.568018
v -3.992416 3.733944 0.568102
v -3.899570 3.783579 0.568155
v -3.818192 3.850373 0.568174
v -3.751407 3.931760 0.568157
v -3.701784 4.024612 0.568106
v -3.671229 4.125361 0.568023
v -3.660917 4.230134 0.567910
v -3.671242 4.334908 0.567773
v -3.701809 4.435652 0.567616
v -3.751444 4.528498 0.567446
v -3.818239 4.609876 0.567268
v -3.899625 4.676660 0.567091
v -3.992476 4.726283 0.566920
v -4.093225 4.756839 0.566762
v -4.198000 4.767151 0.566623
v -4.302773 4.756826 0.566509
v -4.403517 4.726258 0.566424
v -4.496363 4.676622 0.566372
v -4.577742 4.609828 0.566353
v -4.644527 4.528442 0.566370
v -4.694149 4.435590 0.566421
v -4.724704 4.334841 0.566504
v -4.785294 4.230028 0.536050
v -4.774000 4.115439 0.536200
v -4.740570 4.005256 0.536372
v -4.686284 3.903712 0.536558
v -4.613234 3.814710 0.536752
v -4.524222 3.741669 0.536946
v -4.422671 3.687398 0.537133
v -4.312483 3.653980 0.537306
v -4.197895 3.642701 0.537458
v -4.083306 3.653994 0.537582
v -3.973122 3.687426 0.537675
v -3.871579 3.741710 0.537733
v -3.782577 3.814762 0.537753
v -3.709535 3.903773 0.537735
v -3.655263 4.005324 0.537679
v -3.621846 4.115511 0.537588
v -3.610567 4.230102 0.537465
v -3.621860 4.344689 0.537315
v -3.655291 4.454873 0.537143
v -3.709576 4.556417 0.536957
v -3.782627 4.645419 0.536763
v -3.871637 4.718459 0.536569
v -3.973189 4.772732 0.536381
v -4.083377 4.806149 0.536209
v -4.197966 4.817428 0.536057
v -4.312554 4.806135 0.535933
v -4.422738 4.772704 0.535840
v -4.524282 4.718419 0.535782
v -4.613285 4.645367 0.535762
v -4.686324 4.556355 0.535780
v -4.740598 4.454805 0.535836
v -4.774014 4.344617 0.535927
v -4.785233 4.229968 0.485806
v -4.773940 4.115379 0.485956
v -4.740510 4.005196 0.486128
v -4.686224 3.903652 0.486314
v -4.613173 3.814650 0.486508
v -4.524161 3.741609 0.486702
v -4.422611 3.687338 0.486890
v -4.312423 3.653920 0.487062
v -4.197834 3.642641 0.487214
v -4.083246 3.653934 0.487338
v -3.973062 3.687366 0.487431
v -3.871518 3.741650 0.487489
v -3.782516 3.814702 0.487509
v -3.709474 3.903713 0.487491
v -3.655202 4.005264 0.487435
v -3.621785 4.115451 0.487344
v -3.610506 4.230042 0.487221
v -3.621799 4.344629 0.487071
v -3.655230 4.454813 0.486899
v -3.709515 4.556357 0.486713
v -3.782567 4.645359 0.486519
v -3.871577 4.718399 0.486325
v -3.973128 4.772672 0.486138
v -4.083316 4.806089 0.485965
v -4.197906 4.817368 0.485813
v -4.312493 4.806075 0.485689
v -4.422677 4.772644 0.485596
v -4.524221 4.718359 0.485538
v -4.613224 4.645307 0.485518
v -4.686264 4.556295 0.485536
v -4.740537 4.454745 0.485592
v -4.773954 4.344557 0.485683
v -4.749091 4.229955 0.473288
v -4.738492 4.122415 0.473429
v -4.707118 4.019009 0.473590
v -4.656173 3.923710 0.473765
v -4.587615 3.840181 0.473948
v -4.504076 3.771634 0.474130
v -4.408772 3.720700 0.474305
v -4.305364 3.689338 0.474467
v -4.197821 3.678753 0.474610
v -4.090282 3.689352 0.474727
v -3.986875 3.720726 0.474814
v -3.891576 3.771672 0.474868
v -3.808047 3.840230 0.474887
v -3.739498 3.923767 0.474870
v -3.688565 4.019073 0.474818
v -3.657202 4.122482 0.474732
v -3.646617 4.230024 0.474617
v -3.657216 4.337564 0.474476
v -3.688591 4.440971 0.474315
v -3.739536 4.536269 0.474140
v -3.808095 4.619798 0.473958
v -3.891631 4.688345 0.473775
v -3.986936 4.739279 0.473600
v -4.090348 4.770642 0.473438
v -4.197888 4.781227 0.473295
v -4.305429 4.770628 0.473179
v -4.408834 4.739253 0.473091
v -4.504132 4.688307 0.473037
v -4.587662 4.619749 0.473018
v -4.656210 4.536211 0.473035
v -4.707143 4.440907 0.473087
v -4.738506 4.337497 0.473173
v -4.748992 4.229857 0.390744
v -4.738393 4.122317 0.390885
v -4.707018 4.018911 0.391046
v -4.656074 3.923612 0.391221
v -4.587515 3.840083 0.391404
v -4.503977 3.771535 0.391586
v -4.408673 3.720601 0.391762
v -4.305264 3.689240 0.391924
v -4.197721 3.678654 0.392066
v -4.090183 3.689253 0.392183
v -3.986775 3.720628 0.392270
v -3.891476 3.771574 0.392324
v -3.807948 3.840132 0.392343
v -3.739399 3.923669 0.392326
v -3.688466 4.018974 0.392274
v -3.657103 4.122384 0.392188
v -3.646518 4.229926 0.392073
v -3.657116 4.337466 0.391932
v -3.688491 4.440873 0.391771
v -3.739436 4.536171 0.391596
v -3.807995 4.619699 0.391414
v -3.891531 4.688247 0.391231
v -3.986837 4.739181 0.391056
v -4.090249 4.770544 0.390894
v -4.197789 4.781129 0.390752
v -4.305330 4.770530 0.390635
v -4.408735 4.739155 0.390547
v -4.504033 4.688209 0.390493
v -4.587563 4.619650 0.390474
v -4.656111 4.536113 0.390491
v -4.707044 4.440809 0.390544
v -4.738407 4.337399 0.390629
v -4.832099 4.229824 0.367316
v -4.819902 4.106064 0.367479
v -4.783795 3.987063 0.367664
v -4.725167 3.877393 0.367865
v -4.646269 3.781267 0.368075
v -4.550133 3.702381 0.368285
v -4.440455 3.643765 0.368487
v -4.321449 3.607673 0.368673
v -4.197689 3.595492 0.368837
v -4.073929 3.607688 0.368971
v -3.954927 3.643796 0.369072
v -3.845257 3.702425 0.369134
v -3.749131 3.781323 0.369156
v -3.670244 3.877458 0.369136
v -3.611629 3.987136 0.369076
v -3.575536 4.106142 0.368978
v -3.563355 4.229903 0.368845
v -3.575551 4.353662 0.368683
v -3.611658 4.472663 0.368497
v -3.670287 4.582335 0.368296
v -3.749186 4.678460 0.368086
v -3.845321 4.757347 0.367877
v -3.954999 4.815962 0.367675
v -4.074006 4.852054 0.367488
v -4.197766 4.864235 0.367325
v -4.321526 4.852038 0.367190
v -4.440527 4.815932 0.367090
v -4.550198 4.757303 0.367027
v -4.646324 4.678404 0.367006
v -4.725210 4.582269 0.367025
v -4.783825 4.472590 0.367085
v -4.819918 4.353584 0.367184
v -4.831958 4.229685 0.250677
v -4.819762 4.105926 0.250840
v -4.783655 3.986924 0.251025
v -4.725027 3.877254 0.251226
v -4.646128 3.781128 0.251436
v -4.549992 3.702242 0.251646
v -4.440315 3.643626 0.251848
v -4.321309 3.607534 0.252034
v -4.197548 3.595353 0.252198
v -4.073789 3.607549 0.252333
v -3.954787 3.643657 0.252433
v -3.845117 3.702286 0.252495
v -3.748991 3.781184 0.252517
v -3.670104 3.877319 0.252497
v -3.611488 3.986997 0.252437
v -3.575395 4.106003 0.252339
v -3.563215 4.229764 0.252206
v -3.575411 4.353523 0.252044
v -3.611518 4.472525 0.251859
v -3.670146 4.582196 0.251657
v -3.749045 4.678321 0.251448
v -3.845181 4.757208 0.251238
v -3.954859 4.815823 0.251036
v -4.073865 4.851915 0.250849
v -4.197625 4.864097 0.250686
v -4.321385 4.851899 0.250551
v -4.440386 4.815793 0.250451
v -4.550057 4.757164 0.250388
v -4.646183 4.678265 0.250367
v -4.725070 4.582130 0.250386
v -4.783684 4.472452 0.250446
v -4.819777 4.353445 0.250545
v -4.783894 4.229662 0.229202
v -4.772619 4.115275 0.229352
v -4.739248 4.005285 0.229524
v -4.685059 3.903919 0.229710
v -4.612135 3.815073 0.229904
v -4.523279 3.742161 0.230098
v -4.421906 3.687984 0.230284
v -4.311914 3.654626 0.230457
v -4.197525 3.643366 0.230608
v -4.083138 3.654640 0.230732
v -3.973148 3.688012 0.230825
v -3.871782 3.742201 0.230883
v -3.782936 3.815125 0.230903
v -3.710023 3.903980 0.230885
v -3.655846 4.005353 0.230829
v -3.622487 4.115347 0.230738
v -3.611228 4.229735 0.230615
v -3.622501 4.344122 0.230465
v -3.655874 4.454113 0.230294
v -3.710063 4.555479 0.230108
v -3.782986 4.644324 0.229914
v -3.871840 4.717237 0.229720
v -3.973214 4.771413 0.229534
v -4.083208 4.804772 0.229361
v -4.197597 4.816031 0.229210
v -4.311985 4.804758 0.229086
v -4.421972 4.771385 0.228993
v -4.523339 4.717196 0.228935
v -4.612186 4.644273 0.228915
v -4.685099 4.555418 0.228933
v -4.739275 4.454044 0.228989
v -4.772634 4.344050 0.229080
v -4.783870 4.229639 0.209463
v -4.772595 4.115252 0.209613
v -4.739224 4.005261 0.209785
v -4.685035 3.903896 0.209971
v -4.612112 3.815049 0.210165
v -4.523255 3.742137 0.210359
v -4.421883 3.687960 0.210545
v -4.311890 3.654602 0.210718
v -4.197501 3.643342 0.210869
v -4.083114 3.654617 0.210993
v -3.973124 3.687989 0.211086
v -3.871758 3.742178 0.211144
v -3.782912 3.815101 0.211164
v -3.709999 3.903957 0.211146
v -3.655823 4.005330 0.211090
v -3.622463 4.115324 0.210999
v -3.611204 4.229712 0.210876
v -3.622477 4.344099 0.210726
v -3.655850 4.454089 0.210555
v -3.710039 4.555455 0.210369
v -3.782963 4.644301 0.210175
v -3.871817 4.717213 0.209981
v -3.973190 4.771390 0.209795
v -4.083184 4.804749 0.209622
v -4.197573 4.816008 0.209471
v -4.311961 4.804735 0.209347
v -4.421948 4.771362 0.209254
v -4.523315 4.717173 0.209196
v -4.612162 4.644250 0.209176
v -4.685075 4.555395 0.209194
v -4.739252 4.454021 0.209250
v -4.772610 4.344027 0.209341
v -4.940894 4.229603 0.187741
v -4.926600 4.084577 0.187931
v -4.884289 3.945127 0.188149
v -4.815585 3.816610 0.188385
v -4.723130 3.703966 0.188630
v -4.610474 3.611524 0.188876
v -4.481949 3.542836 0.189113
v -4.342493 3.500542 0.189331
v -4.197465 3.486267 0.189523
v -4.052440 3.500560 0.189681
v -3.912989 3.542872 0.189798
v -3.784472 3.611576 0.189871
v -3.671827 3.704032 0.189897
v -3.579385 3.816688 0.189874
v -3.510698 3.945213 0.189804
v -3.468403 4.084668 0.189688
v -3.454128 4.229696 0.189533
v -3.468420 4.374722 0.189343
v -3.510733 4.514172 0.189125
v -3.579436 4.642690 0.188889
v -3.671891 4.755333 0.188644
v -3.784547 4.847775 0.188398
v -3.913072 4.916463 0.188161
v -4.052528 4.958757 0.187943
v -4.197556 4.973032 0.187751
v -4.342582 4.958739 0.187593
v -4.482033 4.916427 0.187476
v -4.610549 4.847724 0.187403
v -4.723194 4.755268 0.187377
v -4.815636 4.642612 0.187400
v -4.884324 4.514086 0.187470
v -4.926618 4.374630 0.187586
v -4.940552 4.229265 -0.095780
v -4.926258 4.084239 -0.095590
v -4.883948 3.944789 -0.095373
v -4.815244 3.816272 -0.095137
v -4.722788 3.703628 -0.094891
v -4.610132 3.611186 -0.094645
v -4.481608 3.542498 -0.094409
v -4.342152 3.500204 -0.094190
v -4.197124 3.485929 -0.093999
v -4.052098 3.500222 -0.093841
v -3.912647 3.542534 -0.093723
v -3.784131 3.611238 -0.093650
v -3.671485 3.703694 -0.093625
v -3.579043 3.816350 -0.093648
v -3.510356 3.944875 -0.093718
v -3.468061 4.084330 -0.093833
v -3.453786 4.229358 -0.093989
v -3.468079 4.374383 -0.094179
v -3.510391 4.513834 -0.094396
v -3.579094 4.642352 -0.094632
v -3.671550 4.754995 -0.094878
v -3.784205 4.847437 -0.095124
v -3.912730 4.916125 -0.095361
v -4.052187 4.958419 -0.095579
v -4.197215 4.972694 -0.095771
v -4.342240 4.958401 -0.095928
v -4.481692 4.916089 -0.096046
v -4.610208 4.847386 -0.096119
v -4.722852 4.754930 -0.096145
v -4.815294 4.642274 -0.096122
v -4.883983 4.513748 -0.096051
v -4.926276 4.374292 -0.095936
v -4.818694 4.235702 5.296524
v -4.806868 4.115716 5.296680
v -4.771863 4.000342 5.296861
v -4.715023 3.894017 5.297056
v -4.638531 3.800822 5.297258
v -4.545326 3.724340 5.297462
v -4.438993 3.667513 5.297657
v -4.323615 3.632521 5.297839
v -4.203629 3.620712 5.297997
v -4.083644 3.632536 5.298128
v -3.968271 3.667542 5.298225
v -3.861945 3.724384 5.298285
v -3.768750 3.800876 5.298306
v -3.692269 3.894079 5.298287
v -3.635441 4.000413 5.298230
v -3.600449 4.115791 5.298134
v -3.588639 4.235777 5.298006
v -3.600464 4.355762 5.297849
v -3.635469 4.471136 5.297668
v -3.692311 4.577463 5.297472
v -3.768803 4.670657 5.297269
v -3.862007 4.747138 5.297067
v -3.968341 4.803966 5.296871
v -4.083718 4.838957 5.296690
v -4.203704 4.850767 5.296532
v -4.323689 4.838943 5.296401
v -4.439062 4.803936 5.296304
v -4.545389 4.747095 5.296244
v -4.638584 4.670601 5.296222
v -4.715065 4.577397 5.296240
v -4.771892 4.471065 5.296299
v -4.806882 4.355688 5.296394
v -4.818842 4.235847 5.419734
v -4.807016 4.115862 5.419890
v -4.772011 4.000490 5.420071
v -4.715171 3.894162 5.420266
v -4.638679 3.800968 5.420468
v -4.545475 3.724488 5.420671
v -4.439141 3.667660 5.420867
v -4.323763 3.632668 5.421049
v -4.203777 3.620858 5.421207
v -4.083793 3.632684 5.421338
v -3.968419 3.667691 5.421434
v -3.862093 3.724530 5.421495
v -3.768898 3.801023 5.421516
v -3.692418 3.894227 5.421497
v -3.635589 4.000560 5.421440
v -3.600597 4.115939 5.421345
v -3.588788 4.235924 5.421216
v -3.600612 4.355909 5.421059
v -3.635618 4.471282 5.420878
v -3.692459 4.577610 5.420682
v -3.768951 4.670804 5.420479
v -3.862155 4.747283 5.420277
v -3.968489 4.804112 5.420081
v -4.083866 4.839105 5.419899
v -4.203853 4.850914 5.419742
v -4.323837 4.839089 5.419611
v -4.439210 4.804083 5.419514
v -4.545537 4.747241 5.419454
v -4.638732 4.670750 5.419432
v -4.715213 4.577546 5.419451
v -4.772040 4.471210 5.419508
v -4.807031 4.355834 5.419604
v -4.743681 4.235872 5.436935
v -4.733302 4.130556 5.437074
v -4.702576 4.029284 5.437232
v -4.652683 3.935956 5.437403
v -4.585541 3.854153 5.437582
v -4.503731 3.787021 5.437759
v -4.410395 3.737140 5.437932
v -4.309122 3.706428 5.438090
v -4.203803 3.696059 5.438230
v -4.098485 3.706440 5.438344
v -3.997215 3.737166 5.438429
v -3.903886 3.787060 5.438483
v -3.822084 3.854202 5.438500
v -3.754951 3.936012 5.438485
v -3.705070 4.029347 5.438434
v -3.674356 4.130621 5.438350
v -3.663989 4.235940 5.438237
v -3.674369 4.341259 5.438098
v -3.705095 4.442527 5.437941
v -3.754987 4.535856 5.437769
v -3.822131 4.617659 5.437592
v -3.903940 4.684792 5.437413
v -3.997276 4.734674 5.437241
v -4.098549 4.765387 5.437081
v -4.203868 4.775753 5.436943
v -4.309187 4.765374 5.436829
v -4.410456 4.734646 5.436742
v -4.503786 4.684753 5.436689
v -4.585588 4.617611 5.436672
v -4.652719 4.535800 5.436687
v -4.702601 4.442465 5.436738
v -4.733315 4.341191 5.436822
v -4.743919 4.236107 5.633729
v -4.733540 4.130788 5.633868
v -4.702813 4.029520 5.634026
v -4.652921 3.936189 5.634197
v -4.585778 3.854388 5.634375
v -4.503969 3.787256 5.634553
v -4.410632 3.737375 5.634726
v -4.309360 3.706661 5.634883
v -4.204040 3.696295 5.635024
v -4.098722 3.706673 5.635138
v -3.997452 3.737401 5.635222
v -3.904123 3.787294 5.635275
v -3.822321 3.854435 5.635294
v -3.755188 3.936246 5.635278
v -3.705307 4.029583 5.635227
v -3.674593 4.130856 5.635144
v -3.664226 4.236175 5.635029
v -3.674606 4.341493 5.634892
v -3.705332 4.442762 5.634735
v -3.755224 4.536091 5.634562
v -3.822368 4.617894 5.634385
v -3.904177 4.685026 5.634205
v -3.997513 4.734908 5.634035
v -4.098787 4.765621 5.633875
v -4.204106 4.775988 5.633737
v -4.309424 4.765607 5.633622
v -4.410693 4.734880 5.633536
v -4.504024 4.684988 5.633482
v -4.585825 4.617846 5.633464
v -4.652957 4.536036 5.633482
v -4.702838 4.442699 5.633533
v -4.733552 4.341426 5.633615
v -4.798364 4.236138 5.662755
v -4.786937 4.120206 5.662907
v -4.753114 4.008729 5.663081
v -4.698193 3.905993 5.663269
v -4.624284 3.815948 5.663465
v -4.534227 3.742050 5.663661
v -4.431486 3.687140 5.663850
v -4.320005 3.653332 5.664025
v -4.204072 3.641919 5.664178
v -4.088138 3.653347 5.664305
v -3.976662 3.687170 5.664399
v -3.873927 3.742091 5.664457
v -3.783880 3.816000 5.664477
v -3.709982 3.906055 5.664460
v -3.655073 4.008799 5.664402
v -3.621263 4.120279 5.664310
v -3.609852 4.236212 5.664186
v -3.621277 4.352146 5.664034
v -3.655101 4.463622 5.663860
v -3.710022 4.566358 5.663672
v -3.783931 4.656404 5.663476
v -3.873987 4.730300 5.663280
v -3.976730 4.785211 5.663091
v -4.088210 4.819019 5.662916
v -4.204144 4.830431 5.662763
v -4.320077 4.819005 5.662635
v -4.431553 4.785182 5.662541
v -4.534287 4.730260 5.662484
v -4.624334 4.656351 5.662464
v -4.698233 4.566296 5.662481
v -4.753142 4.463552 5.662539
v -4.786952 4.352072 5.662631
v -4.798438 4.236212 5.724360
v -4.787012 4.120279 5.724512
v -4.753188 4.008802 5.724686
v -4.698267 3.906067 5.724874
v -4.624358 3.816020 5.725070
v -4.534302 3.742123 5.725266
v -4.431561 3.687213 5.725456
v -4.320080 3.653405 5.725631
v -4.204146 3.641994 5.725783
v -4.088212 3.653419 5.725910
v -3.976737 3.687243 5.726004
v -3.874001 3.742166 5.726062
v -3.783954 3.816073 5.726082
v -3.710056 3.906129 5.726065
v -3.655148 4.008872 5.726007
v -3.621337 4.120352 5.725915
v -3.609927 4.236287 5.725791
v -3.621352 4.352220 5.725639
v -3.655175 4.463696 5.725465
v -3.710097 4.566431 5.725277
v -3.784005 4.656476 5.725080
v -3.874062 4.730374 5.724885
v -3.976804 4.785284 5.724696
v -4.088284 4.819092 5.724521
v -4.204218 4.830504 5.724368
v -4.320151 4.819077 5.724240
v -4.431627 4.785255 5.724146
v -4.534362 4.730333 5.724089
v -4.624409 4.656425 5.724069
v -4.698307 4.566370 5.724087
v -4.753217 4.463625 5.724144
v -4.787026 4.352147 5.724236
v -4.852881 4.236222 5.736271
v -4.840410 4.109672 5.736437
v -4.803488 3.987984 5.736628
v -4.743536 3.875839 5.736834
v -4.662857 3.777544 5.737048
v -4.564552 3.696878 5.737263
v -4.452401 3.636941 5.737469
v -4.330710 3.600034 5.737659
v -4.204157 3.587578 5.737826
v -4.077606 3.600050 5.737965
v -3.955918 3.636972 5.738068
v -3.843773 3.696924 5.738131
v -3.745479 3.777602 5.738153
v -3.664812 3.875906 5.738132
v -3.604874 3.988060 5.738071
v -3.567967 4.109752 5.737970
v -3.555511 4.236304 5.737834
v -3.567983 4.362854 5.737669
v -3.604904 4.484541 5.737480
v -3.664856 4.596686 5.737274
v -3.745535 4.694982 5.737060
v -3.843839 4.775648 5.736845
v -3.955992 4.835586 5.736639
v -4.077684 4.872492 5.736447
v -4.204236 4.884948 5.736280
v -4.330788 4.872478 5.736143
v -4.452474 4.835555 5.736041
v -4.564618 4.775603 5.735977
v -4.662913 4.694923 5.735955
v -4.743580 4.596620 5.735974
v -4.803518 4.484467 5.736035
v -4.840426 4.362774 5.736135
v -4.852947 4.236289 5.791031
v -4.840476 4.109736 5.791197
v -4.803554 3.988050 5.791388
v -4.743602 3.875903 5.791594
v -4.662923 3.777611 5.791808
v -4.564618 3.696944 5.792023
v -4.452466 3.637007 5.792229
v -4.330776 3.600101 5.792419
v -4.204223 3.587642 5.792586
v -4.077672 3.600116 5.792725
v -3.955984 3.637038 5.792828
v -3.843839 3.696990 5.792891
v -3.745545 3.777668 5.792912
v -3.664878 3.875973 5.792892
v -3.604940 3.988126 5.792831
v -3.568033 4.109817 5.792730
v -3.555577 4.236370 5.792594
v -3.568049 4.362919 5.792429
v -3.604970 4.484606 5.792240
v -3.664922 4.596752 5.792034
v -3.745601 4.695046 5.791820
v -3.843905 4.775712 5.791605
v -3.956058 4.835650 5.791399
v -4.077750 4.872559 5.791207
v -4.204302 4.885015 5.791040
v -4.330853 4.872542 5.790903
v -4.452540 4.835619 5.790801
v -4.564684 4.775669 5.790737
v -4.662979 4.694990 5.790715
v -4.743646 4.596684 5.790734
v -4.803584 4.484531 5.790795
v -4.840492 4.362841 5.790895
v -4.891640 4.236310 5.811521
v -4.878424 4.102214 5.811697
v -4.839302 3.973274 5.811896
v -4.775776 3.854445 5.812116
v -4.690288 3.750290 5.812343
v -4.586125 3.664816 5.812570
v -4.467286 3.601305 5.812788
v -4.338341 3.562198 5.812991
v -4.204245 3.549001 5.813169
v -4.070150 3.562216 5.813313
v -3.941210 3.601337 5.813423
v -3.822380 3.664865 5.813489
v -3.718226 3.750351 5.813514
v -3.632751 3.854516 5.813492
v -3.569240 3.973353 5.813427
v -3.530134 4.102300 5.813321
v -3.516934 4.236396 5.813177
v -3.530150 4.370491 5.813002
v -3.569272 4.499432 5.812799
v -3.632797 4.618260 5.812582
v -3.718285 4.722414 5.812355
v -3.822450 4.807889 5.812128
v -3.941287 4.871399 5.811909
v -4.070232 4.910506 5.811707
v -4.204329 4.923706 5.811530
v -4.338423 4.910491 5.811384
v -4.467363 4.871367 5.811275
v -4.586195 4.807841 5.811207
v -4.690347 4.722354 5.811183
v -4.775823 4.618189 5.811204
v -4.839334 4.499352 5.811270
v -4.878440 4.370407 5.811377
v -4.891712 4.236382 5.871415
v -4.878496 4.102286 5.871590
v -4.839374 3.973346 5.871790
v -4.775849 3.854516 5.872008
v -4.690361 3.750362 5.872235
v -4.586197 3.664887 5.872464
v -4.467359 3.601377 5.872683
v -4.338414 3.562270 5.872885
v -4.204318 3.549072 5.873062
v -4.070223 3.562288 5.873208
v -3.941282 3.601409 5.873315
v -3.822452 3.664936 5.873384
v -3.718298 3.750422 5.873406
v -3.632823 3.854588 5.873385
v -3.569312 3.973425 5.873322
v -3.530206 4.102370 5.873215
v -3.517006 4.236467 5.873071
v -3.530222 4.370563 5.872894
v -3.569344 4.499503 5.872694
v -3.632869 4.618332 5.872476
v -3.718357 4.722486 5.872249
v -3.822522 4.807961 5.872022
v -3.941359 4.871471 5.871802
v -4.070305 4.910578 5.871601
v -4.204401 4.923777 5.871422
v -4.338496 4.910562 5.871276
v -4.467436 4.871439 5.871169
v -4.586267 4.807912 5.871100
v -4.690420 4.722425 5.871078
v -4.775896 4.618261 5.871099
v -4.839406 4.499424 5.871163
v -4.878512 4.370478 5.871271
v -4.847716 4.236420 5.900558
v -4.835347 4.110915 5.900723
v -4.798731 3.990232 5.900910
v -4.739274 3.879014 5.901114
v -4.659265 3.781533 5.901328
v -4.561772 3.701535 5.901539
v -4.450546 3.642092 5.901744
v -4.329862 3.605490 5.901935
v -4.204355 3.593138 5.902101
v -4.078850 3.605506 5.902236
v -3.958169 3.642123 5.902339
v -3.846950 3.701578 5.902401
v -3.749469 3.781590 5.902423
v -3.669470 3.879081 5.902403
v -3.610028 3.990308 5.902342
v -3.573425 4.110992 5.902243
v -3.561072 4.236499 5.902109
v -3.573441 4.362004 5.901944
v -3.610058 4.482685 5.901755
v -3.669514 4.593904 5.901552
v -3.749525 4.691385 5.901340
v -3.847015 4.771384 5.901125
v -3.958242 4.830826 5.900921
v -4.078927 4.867427 5.900733
v -4.204433 4.879780 5.900567
v -4.329939 4.867413 5.900430
v -4.450619 4.830795 5.900329
v -4.561837 4.771339 5.900265
v -4.659320 4.691329 5.900242
v -4.739318 4.593836 5.900262
v -4.798761 4.482611 5.900323
v -4.835362 4.361926 5.900424
v -4.847789 4.236490 5.960453
v -4.835419 4.110985 5.960617
v -4.798804 3.990304 5.960804
v -4.739347 3.879086 5.961009
v -4.659337 3.781605 5.961222
v -4.561844 3.701606 5.961433
v -4.450618 3.642164 5.961638
v -4.329935 3.605561 5.961829
v -4.204428 3.593209 5.961995
v -4.078922 3.605577 5.962131
v -3.958241 3.642195 5.962233
v -3.847022 3.701650 5.962296
v -3.749541 3.781662 5.962317
v -3.669542 3.879153 5.962297
v -3.610100 3.990378 5.962236
v -3.573498 4.111063 5.962137
v -3.561144 4.236570 5.962003
v -3.573513 4.362075 5.961837
v -3.610130 4.482756 5.961649
v -3.669586 4.593975 5.961445
v -3.749597 4.691456 5.961234
v -3.847087 4.771455 5.961020
v -3.958314 4.830897 5.960815
v -4.079000 4.867498 5.960627
v -4.204506 4.879851 5.960461
v -4.330012 4.867484 5.960323
v -4.450692 4.830866 5.960223
v -4.561910 4.771410 5.960158
v -4.659392 4.691400 5.960136
v -4.739390 4.593907 5.960156
v -4.798834 4.482681 5.960217
v -4.835434 4.361997 5.960318
v -4.882737 4.236506 5.974101
v -4.869697 4.104185 5.974274
v -4.831092 3.976950 5.974472
v -4.768408 3.859694 5.974687
v -4.684052 3.756917 5.974911
v -4.581265 3.672575 5.975135
v -4.464002 3.609905 5.975351
v -4.336763 3.571316 5.975551
v -4.204442 3.558292 5.975726
v -4.072121 3.571333 5.975870
v -3.944887 3.609937 5.975976
v -3.827630 3.672622 5.976044
v -3.724855 3.756979 5.976067
v -3.640513 3.859765 5.976046
v -3.577842 3.977028 5.975982
v -3.539253 4.104268 5.975876
v -3.526228 4.236589 5.975735
v -3.539270 4.368909 5.975561
v -3.577873 4.496142 5.975362
v -3.640559 4.613400 5.975148
v -3.724914 4.716175 5.974924
v -3.827699 4.800519 5.974699
v -3.944964 4.863190 5.974483
v -4.072202 4.901776 5.974284
v -4.204525 4.914802 5.974109
v -4.336844 4.901761 5.973965
v -4.464078 4.863155 5.973857
v -4.581334 4.800470 5.973791
v -4.684110 4.716115 5.973768
v -4.768454 4.613329 5.973789
v -4.831123 4.496065 5.973853
v -4.869713 4.368825 5.973958
v -4.882848 4.236615 6.066507
v -4.869808 4.104294 6.066680
v -4.831203 3.977061 6.066878
v -4.768519 3.859803 6.067093
v -4.684163 3.757029 6.067317
v -4.581377 3.672685 6.067543
v -4.464113 3.610014 6.067759
v -4.336874 3.571426 6.067957
v -4.204553 3.558403 6.068132
v -4.072232 3.571444 6.068276
v -3.944998 3.610048 6.068385
v -3.827742 3.672733 6.068450
v -3.724967 3.757088 6.068473
v -3.640624 3.859874 6.068452
v -3.577953 3.977139 6.068388
v -3.539365 4.104377 6.068284
v -3.526340 4.236700 6.068141
v -3.539381 4.369020 6.067967
v -3.577985 4.496253 6.067770
v -3.640670 4.613510 6.067554
v -3.725025 4.716284 6.067330
v -3.827811 4.800629 6.067107
v -3.945075 4.863298 6.066891
v -4.072313 4.901886 6.066690
v -4.204636 4.914911 6.066515
v -4.336956 4.901870 6.066371
v -4.464190 4.863266 6.066265
v -4.581446 4.800581 6.066197
v -4.684222 4.716227 6.066175
v -4.768565 4.613440 6.066195
v -4.831235 4.496174 6.066259
v -4.869824 4.368937 6.066366
v -4.709679 -4.229205 0.641330
v -4.715198 -4.223745 5.221169
v -4.699845 -4.129288 0.641223
v -4.705364 -4.123828 5.221063
v -4.670706 -4.033210 0.641143
v -4.676225 -4.027750 5.220984
v -4.623384 -3.944663 0.641095
v -4.628903 -3.939204 5.220934
v -4.559696 -3.867049 0.641079
v -4.565215 -3.861589 5.220919
v -4.482090 -3.803353 0.641096
v -4.487609 -3.797894 5.220936
v -4.393548 -3.756019 0.641147
v -4.399066 -3.750560 5.220986
v -4.297475 -3.726868 0.641228
v -4.302994 -3.721409 5.221067
v -4.197559 -3.717021 0.641336
v -4.203078 -3.711561 5.221177
v -4.097641 -3.726856 0.641469
v -4.103160 -3.721396 5.221309
v -4.001565 -3.755995 0.641619
v -4.007084 -3.750535 5.221458
v -3.913017 -3.803317 0.641782
v -3.918536 -3.797858 5.221622
v -3.835404 -3.867004 0.641952
v -3.840923 -3.861545 5.221791
v -3.771707 -3.944610 0.642121
v -3.777225 -3.939151 5.221961
v -3.724373 -4.033151 0.642283
v -3.729892 -4.027691 5.222124
v -3.695224 -4.129225 0.642433
v -3.700742 -4.123765 5.222272
v -3.685376 -4.229140 0.642564
v -3.690895 -4.223680 5.222404
v -3.695211 -4.329057 0.642671
v -3.700730 -4.323597 5.222510
v -3.724349 -4.425134 0.642751
v -3.729868 -4.419674 5.222590
v -3.771672 -4.513682 0.642799
v -3.777191 -4.508224 5.222639
v -3.835360 -4.591295 0.642815
v -3.840879 -4.585835 5.222654
v -3.912965 -4.654993 0.642797
v -3.918484 -4.649534 5.222638
v -4.001507 -4.702327 0.642747
v -4.007026 -4.696867 5.222587
v -4.097580 -4.731476 0.642666
v -4.103099 -4.726017 5.222506
v -4.197496 -4.741324 0.642557
v -4.203015 -4.735865 5.222396
v -4.297414 -4.731489 0.642425
v -4.302933 -4.726029 5.222264
v -4.393489 -4.702351 0.642275
v -4.399008 -4.696891 5.222115
v -4.482038 -4.655029 0.642112
v -4.487556 -4.649570 5.221951
v -4.559652 -4.591341 0.641942
v -4.565171 -4.585882 5.221781
v -4.623349 -4.513735 0.641773
v -4.628868 -4.508276 5.221612
v -4.670682 -4.425194 0.641610
v -4.676201 -4.419734 5.221449
v -4.699832 -4.329120 0.641461
v -4.705351 -4.323660 5.221301
v -4.734545 -4.229239 0.614383
v -4.724232 -4.124465 0.614270
v -4.693677 -4.023716 0.614187
v -4.644055 -3.930863 0.614136
v -4.577271 -3.849476 0.614120
v -4.495892 -3.782682 0.614138
v -4.403046 -3.733048 0.614191
v -4.302300 -3.702480 0.614276
v -4.197528 -3.692154 0.614390
v -4.092753 -3.702467 0.614528
v -3.992005 -3.733022 0.614686
v -3.899153 -3.782645 0.614857
v -3.817767 -3.849429 0.615035
v -3.750972 -3.930808 0.615212
v -3.701338 -4.023654 0.615383
v -3.670770 -4.124399 0.615540
v -3.660445 -4.229171 0.615677
v -3.670758 -4.333945 0.615789
v -3.701312 -4.434694 0.615873
v -3.750936 -4.527546 0.615924
v -3.817721 -4.608932 0.615940
v -3.899098 -4.675726 0.615922
v -3.991944 -4.725362 0.615869
v -4.092689 -4.755930 0.615784
v -4.197463 -4.766255 0.615670
v -4.302236 -4.755943 0.615532
v -4.402985 -4.725387 0.615374
v -4.495837 -4.675764 0.615203
v -4.577224 -4.608980 0.615025
v -4.644019 -4.527602 0.614848
v -4.693653 -4.434756 0.614677
v -4.724220 -4.334012 0.614520
v -4.734500 -4.229283 0.576700
v -4.724187 -4.124510 0.576587
v -4.693632 -4.023761 0.576504
v -4.644010 -3.930908 0.576453
v -4.577225 -3.849521 0.576437
v -4.495846 -3.782727 0.576455
v -4.403000 -3.733093 0.576508
v -4.302255 -3.702525 0.576593
v -4.197483 -3.692199 0.576707
v -4.092708 -3.702512 0.576845
v -3.991960 -3.733067 0.577003
v -3.899108 -3.782690 0.577174
v -3.817722 -3.849474 0.577352
v -3.750927 -3.930853 0.577529
v -3.701292 -4.023698 0.577700
v -3.670725 -4.124444 0.577857
v -3.660400 -4.229216 0.577994
v -3.670712 -4.333990 0.578107
v -3.701267 -4.434739 0.578190
v -3.750890 -4.527591 0.578241
v -3.817676 -4.608977 0.578257
v -3.899053 -4.675771 0.578239
v -3.991899 -4.725407 0.578186
v -4.092644 -4.755975 0.578101
v -4.197417 -4.766300 0.577987
v -4.302191 -4.755988 0.577849
v -4.402939 -4.725432 0.577691
v -4.495792 -4.675809 0.577520
v -4.577178 -4.609025 0.577342
v -4.643974 -4.527647 0.577165
v -4.693607 -4.434801 0.576994
v -4.724174 -4.334056 0.576837
v -4.784777 -4.229323 0.546133
v -4.773498 -4.114733 0.546010
v -4.740081 -4.004546 0.545919
v -4.685807 -3.902994 0.545864
v -4.612768 -3.813983 0.545846
v -4.523765 -3.740932 0.545866
v -4.422220 -3.686647 0.545923
v -4.312037 -3.653215 0.546016
v -4.197449 -3.641922 0.546141
v -4.082860 -3.653201 0.546292
v -3.972672 -3.686619 0.546465
v -3.871121 -3.740891 0.546652
v -3.782110 -3.813931 0.546846
v -3.709058 -3.902933 0.547041
v -3.654774 -4.004478 0.547227
v -3.621343 -4.114661 0.547399
v -3.610050 -4.229249 0.547549
v -3.621329 -4.343838 0.547672
v -3.654746 -4.454026 0.547763
v -3.709019 -4.555577 0.547818
v -3.782059 -4.644588 0.547837
v -3.871061 -4.717640 0.547816
v -3.972605 -4.771925 0.547759
v -4.082789 -4.805356 0.547666
v -4.197378 -4.816649 0.547541
v -4.311966 -4.805371 0.547390
v -4.422154 -4.771954 0.547217
v -4.523705 -4.717680 0.547030
v -4.612717 -4.644640 0.546836
v -4.685767 -4.555638 0.546642
v -4.740053 -4.454094 0.546455
v -4.773483 -4.343910 0.546284
v -4.784717 -4.229383 0.495889
v -4.773437 -4.114793 0.495766
v -4.740020 -4.004606 0.495675
v -4.685747 -3.903054 0.495620
v -4.612707 -3.814043 0.495602
v -4.523705 -3.740991 0.495622
v -4.422160 -3.686707 0.495679
v -4.311976 -3.653275 0.495772
v -4.197389 -3.641982 0.495897
v -4.082799 -3.653261 0.496048
v -3.972611 -3.686679 0.496221
v -3.871061 -3.740950 0.496408
v -3.782050 -3.813991 0.496602
v -3.708997 -3.902993 0.496797
v -3.654713 -4.004538 0.496983
v -3.621282 -4.114721 0.497155
v -3.609989 -4.229309 0.497305
v -3.621269 -4.343898 0.497428
v -3.654685 -4.454086 0.497519
v -3.708958 -4.555637 0.497575
v -3.781999 -4.644649 0.497593
v -3.871000 -4.717700 0.497572
v -3.972545 -4.771986 0.497515
v -4.082729 -4.805416 0.497422
v -4.197317 -4.816710 0.497297
v -4.311906 -4.805431 0.497146
v -4.422093 -4.772014 0.496973
v -4.523644 -4.717741 0.496786
v -4.612657 -4.644701 0.496592
v -4.685707 -4.555698 0.496398
v -4.739993 -4.454154 0.496211
v -4.773423 -4.343970 0.496040
v -4.748574 -4.229395 0.483372
v -4.737989 -4.121853 0.483257
v -4.706626 -4.018444 0.483171
v -4.655693 -3.923138 0.483119
v -4.587145 -3.839601 0.483102
v -4.503615 -3.771043 0.483121
v -4.408318 -3.720097 0.483175
v -4.304913 -3.688723 0.483262
v -4.197371 -3.678124 0.483379
v -4.089831 -3.688709 0.483521
v -3.986420 -3.720071 0.483683
v -3.891115 -3.771005 0.483859
v -3.807578 -3.839552 0.484041
v -3.739019 -3.923081 0.484223
v -3.688074 -4.018380 0.484398
v -3.656698 -4.121786 0.484559
v -3.646100 -4.229326 0.484700
v -3.656685 -4.336868 0.484816
v -3.688048 -4.440279 0.484901
v -3.738981 -4.535583 0.484953
v -3.807530 -4.619120 0.484970
v -3.891058 -4.687678 0.484951
v -3.986357 -4.738624 0.484897
v -4.089765 -4.770000 0.484810
v -4.197304 -4.780599 0.484693
v -4.304847 -4.770013 0.484551
v -4.408256 -4.738650 0.484389
v -4.503559 -4.687716 0.484213
v -4.587098 -4.619169 0.484031
v -4.655656 -4.535640 0.483849
v -4.706601 -4.440342 0.483674
v -4.737976 -4.336935 0.483513
v -4.748475 -4.229494 0.400828
v -4.737890 -4.121952 0.400713
v -4.706527 -4.018542 0.400627
v -4.655594 -3.923237 0.400575
v -4.587046 -3.839700 0.400558
v -4.503516 -3.771142 0.400577
v -4.408218 -3.720196 0.400631
v -4.304813 -3.688821 0.400718
v -4.197272 -3.678222 0.400835
v -4.089732 -3.688808 0.400977
v -3.986320 -3.720169 0.401139
v -3.891015 -3.771103 0.401315
v -3.807478 -3.839651 0.401497
v -3.738919 -3.923180 0.401679
v -3.687974 -4.018478 0.401854
v -3.656599 -4.121884 0.402016
v -3.646001 -4.229424 0.402156
v -3.656586 -4.336966 0.402272
v -3.687949 -4.440377 0.402357
v -3.738882 -4.535681 0.402410
v -3.807431 -4.619218 0.402427
v -3.890958 -4.687776 0.402408
v -3.986257 -4.738722 0.402353
v -4.089666 -4.770098 0.402266
v -4.197205 -4.780697 0.402149
v -4.304748 -4.770112 0.402007
v -4.408156 -4.738749 0.401845
v -4.503460 -4.687815 0.401670
v -4.586998 -4.619267 0.401487
v -4.655557 -4.535738 0.401305
v -4.706501 -4.440440 0.401130
v -4.737876 -4.337033 0.400969
v -4.831582 -4.229527 0.377400
v -4.819401 -4.105766 0.377267
v -4.783308 -3.986759 0.377169
v -4.724693 -3.877082 0.377109
v -4.645806 -3.780946 0.377089
v -4.549681 -3.702048 0.377111
v -4.440010 -3.643419 0.377173
v -4.321009 -3.607312 0.377274
v -4.197249 -3.595115 0.377408
v -4.073489 -3.607296 0.377572
v -3.954482 -3.643389 0.377758
v -3.844805 -3.702004 0.377960
v -3.748669 -3.780890 0.378170
v -3.669770 -3.877016 0.378380
v -3.611141 -3.986686 0.378581
v -3.575034 -4.105688 0.378766
v -3.562839 -4.229447 0.378929
v -3.575019 -4.353208 0.379061
v -3.611112 -4.472214 0.379160
v -3.669727 -4.581892 0.379220
v -3.748614 -4.678028 0.379239
v -3.844740 -4.756927 0.379218
v -3.954411 -4.815556 0.379155
v -4.073412 -4.851662 0.379055
v -4.197172 -4.863860 0.378920
v -4.320932 -4.851677 0.378757
v -4.439939 -4.815586 0.378570
v -4.549616 -4.756971 0.378368
v -4.645751 -4.678083 0.378159
v -4.724650 -4.581959 0.377949
v -4.783278 -4.472287 0.377747
v -4.819386 -4.353285 0.377562
v -4.831441 -4.229666 0.260761
v -4.819260 -4.105905 0.260628
v -4.783167 -3.986898 0.260530
v -4.724553 -3.877221 0.260470
v -4.645666 -3.781085 0.260450
v -4.549540 -3.702187 0.260472
v -4.439869 -3.643558 0.260534
v -4.320868 -3.607451 0.260635
v -4.197108 -3.595254 0.260769
v -4.073348 -3.607435 0.260933
v -3.954342 -3.643528 0.261119
v -3.844664 -3.702143 0.261321
v -3.748528 -3.781029 0.261531
v -3.669630 -3.877155 0.261741
v -3.611001 -3.986825 0.261942
v -3.574894 -4.105827 0.262128
v -3.562698 -4.229586 0.262290
v -3.574878 -4.353346 0.262423
v -3.610971 -4.472353 0.262521
v -3.669587 -4.582031 0.262581
v -3.748474 -4.678166 0.262601
v -3.844600 -4.757065 0.262579
v -3.954270 -4.815694 0.262517
v -4.073272 -4.851800 0.262416
v -4.197031 -4.863998 0.262282
v -4.320792 -4.851816 0.262118
v -4.439798 -4.815724 0.261932
v -4.549475 -4.757110 0.261730
v -4.645611 -4.678222 0.261520
v -4.724510 -4.582098 0.261310
v -4.783138 -4.472426 0.261109
v -4.819245 -4.353424 0.260923
v -4.783377 -4.229688 0.239286
v -4.772117 -4.115300 0.239163
v -4.738759 -4.005306 0.239072
v -4.684582 -3.903933 0.239017
v -4.611669 -3.815078 0.238999
v -4.522821 -3.742154 0.239019
v -4.421455 -3.687965 0.239076
v -4.311468 -3.654593 0.239169
v -4.197080 -3.643319 0.239294
v -4.082691 -3.654579 0.239445
v -3.972697 -3.687937 0.239617
v -3.871325 -3.742114 0.239804
v -3.782470 -3.815026 0.239998
v -3.709546 -3.903872 0.240192
v -3.655357 -4.005238 0.240378
v -3.621984 -4.115228 0.240549
v -3.610711 -4.229615 0.240699
v -3.621970 -4.344003 0.240822
v -3.655329 -4.453997 0.240913
v -3.709506 -4.555371 0.240968
v -3.782419 -4.644225 0.240986
v -3.871264 -4.717149 0.240966
v -3.972631 -4.771338 0.240909
v -4.082621 -4.804711 0.240816
v -4.197008 -4.815984 0.240691
v -4.311397 -4.804726 0.240540
v -4.421390 -4.771366 0.240368
v -4.522762 -4.717189 0.240181
v -4.611619 -4.644278 0.239987
v -4.684542 -4.555431 0.239793
v -4.738731 -4.454065 0.239607
v -4.772102 -4.344075 0.239436
v -4.783353 -4.229712 0.219547
v -4.772093 -4.115323 0.219424
v -4.738735 -4.005329 0.219333
v -4.684558 -3.903957 0.219278
v -4.611645 -3.815101 0.219260
v -4.522798 -3.742178 0.219280
v -4.421432 -3.687989 0.219337
v -4.311444 -3.654617 0.219430
v -4.197056 -3.643342 0.219555
v -4.082667 -3.654602 0.219706
v -3.972673 -3.687960 0.219878
v -3.871301 -3.742137 0.220065
v -3.782446 -3.815049 0.220259
v -3.709522 -3.903896 0.220453
v -3.655333 -4.005261 0.220639
v -3.621960 -4.115251 0.220810
v -3.610687 -4.229639 0.220960
v -3.621946 -4.344027 0.221083
v -3.655305 -4.454021 0.221174
v -3.709482 -4.555394 0.221229
v -3.782395 -4.644248 0.221247
v -3.871240 -4.717172 0.221227
v -3.972607 -4.771361 0.221170
v -4.082597 -4.804735 0.221077
v -4.196984 -4.816008 0.220952
v -4.311373 -4.804749 0.220801
v -4.421366 -4.771389 0.220629
v -4.522738 -4.717213 0.220442
v -4.611595 -4.644301 0.220248
v -4.684518 -4.555455 0.220054
v -4.738707 -4.454089 0.219868
v -4.772079 -4.344099 0.219697
v -4.940377 -4.229747 0.197825
v -4.926101 -4.084719 0.197669
v -4.883807 -3.945264 0.197554
v -4.815119 -3.816739 0.197483
v -4.722677 -3.704083 0.197461
v -4.610032 -3.611627 0.197486
v -4.481516 -3.542923 0.197559
v -4.342065 -3.500611 0.197677
v -4.197039 -3.486318 0.197834
v -4.052011 -3.500593 0.198026
v -3.912556 -3.542887 0.198245
v -3.784031 -3.611575 0.198481
v -3.671375 -3.704017 0.198727
v -3.578919 -3.816661 0.198973
v -3.510216 -3.945178 0.199209
v -3.467903 -4.084628 0.199426
v -3.453611 -4.229654 0.199616
v -3.467886 -4.374681 0.199772
v -3.510181 -4.514137 0.199887
v -3.578868 -4.642663 0.199958
v -3.671310 -4.755319 0.199980
v -3.783954 -4.847774 0.199955
v -3.912471 -4.916478 0.199882
v -4.051923 -4.958790 0.199764
v -4.196949 -4.973083 0.199607
v -4.341976 -4.958808 0.199415
v -4.481432 -4.916514 0.199196
v -4.609957 -4.847827 0.198960
v -4.722613 -4.755384 0.198714
v -4.815068 -4.642741 0.198468
v -4.883772 -4.514223 0.198232
v -4.926083 -4.374773 0.198015
v -4.940035 -4.230085 -0.085697
v -4.925759 -4.085057 -0.085852
v -4.883465 -3.945602 -0.085968
v -4.814777 -3.817077 -0.086038
v -4.722335 -3.704421 -0.086061
v -4.609691 -3.611965 -0.086035
v -4.481175 -3.543261 -0.085962
v -4.341723 -3.500949 -0.085845
v -4.196698 -3.486656 -0.085687
v -4.051670 -3.500931 -0.085495
v -3.912214 -3.543225 -0.085277
v -3.783689 -3.611913 -0.085040
v -3.671033 -3.704355 -0.084794
v -3.578577 -3.816999 -0.084549
v -3.509874 -3.945516 -0.084313
v -3.467562 -4.084966 -0.084095
v -3.453269 -4.229992 -0.083905
v -3.467544 -4.375020 -0.083750
v -3.509839 -4.514475 -0.083634
v -3.578526 -4.643002 -0.083564
v -3.670969 -4.755657 -0.083541
v -3.783613 -4.848112 -0.083567
v -3.912129 -4.916816 -0.083640
v -4.051581 -4.959128 -0.083757
v -4.196607 -4.973422 -0.083915
v -4.341635 -4.959146 -0.084107
v -4.481091 -4.916852 -0.084325
v -4.609615 -4.848165 -0.084562
v -4.722271 -4.755722 -0.084808
v -4.814727 -4.643079 -0.085054
v -4.883430 -4.514561 -0.085289
v -4.925741 -4.375111 -0.085507
v -4.818177 -4.223650 5.306607
v -4.806365 -4.103662 5.306479
v -4.771375 -3.988286 5.306384
v -4.714548 -3.881953 5.306325
v -4.638067 -3.788749 5.306306
v -4.544871 -3.712255 5.306327
v -4.438545 -3.655416 5.306387
v -4.323172 -3.620409 5.306486
v -4.203187 -3.608583 5.306615
v -4.083201 -3.620394 5.306775
v -3.967824 -3.655385 5.306954
v -3.861490 -3.712214 5.307150
v -3.768286 -3.788695 5.307354
v -3.691794 -3.881889 5.307558
v -3.634953 -3.988214 5.307754
v -3.599947 -4.103588 5.307932
v -3.588122 -4.223573 5.308089
v -3.599932 -4.343558 5.308218
v -3.634924 -4.458936 5.308313
v -3.691752 -4.565269 5.308372
v -3.768233 -4.658473 5.308392
v -3.861428 -4.734967 5.308371
v -3.967754 -4.791809 5.308310
v -4.083127 -4.826815 5.308212
v -4.203112 -4.838638 5.308083
v -4.323098 -4.826828 5.307923
v -4.438476 -4.791838 5.307743
v -4.544809 -4.735009 5.307547
v -4.638014 -4.658527 5.307343
v -4.714506 -4.565333 5.307139
v -4.771346 -4.459006 5.306944
v -4.806351 -4.343635 5.306766
v -4.818325 -4.223503 5.429818
v -4.806514 -4.103517 5.429688
v -4.771523 -3.988138 5.429594
v -4.714696 -3.881805 5.429535
v -4.638216 -3.788602 5.429516
v -4.545020 -3.712110 5.429537
v -4.438694 -3.655268 5.429597
v -4.323320 -3.620261 5.429696
v -4.203336 -3.608437 5.429825
v -4.083349 -3.620248 5.429985
v -3.967972 -3.655239 5.430164
v -3.861639 -3.712066 5.430360
v -3.768434 -3.788548 5.430564
v -3.691942 -3.881742 5.430768
v -3.635101 -3.988068 5.430964
v -3.600095 -4.103441 5.431142
v -3.588271 -4.223425 5.431300
v -3.600080 -4.343411 5.431428
v -3.635072 -4.458788 5.431523
v -3.691900 -4.565124 5.431582
v -3.768381 -4.658327 5.431602
v -3.861576 -4.734819 5.431581
v -3.967902 -4.791662 5.431520
v -4.083276 -4.826667 5.431423
v -4.203260 -4.838491 5.431293
v -4.323246 -4.826683 5.431133
v -4.438624 -4.791690 5.430953
v -4.544957 -4.734861 5.430757
v -4.638162 -4.658381 5.430552
v -4.714654 -4.565187 5.430349
v -4.771494 -4.458859 5.430154
v -4.806499 -4.343488 5.429976
v -4.743165 -4.223477 5.447021
v -4.732798 -4.118159 5.446908
v -4.702084 -4.016886 5.446824
v -4.652203 -3.923548 5.446773
v -4.585071 -3.841738 5.446755
v -4.503269 -3.774596 5.446774
v -4.409939 -3.724705 5.446826
v -4.308670 -3.693978 5.446912
v -4.203351 -3.683598 5.447028
v -4.098032 -3.693964 5.447166
v -3.996759 -3.724679 5.447324
v -3.903424 -3.774559 5.447496
v -3.821614 -3.841691 5.447676
v -3.754471 -3.923492 5.447855
v -3.704578 -4.016822 5.448026
v -3.673852 -4.118093 5.448184
v -3.663472 -4.223411 5.448320
v -3.673839 -4.328730 5.448433
v -3.704553 -4.430004 5.448517
v -3.754434 -4.523338 5.448568
v -3.821567 -4.605148 5.448586
v -3.903369 -4.672292 5.448566
v -3.996698 -4.722185 5.448514
v -4.097968 -4.752912 5.448429
v -4.203286 -4.763290 5.448315
v -4.308605 -4.752923 5.448174
v -4.409878 -4.722210 5.448017
v -4.503214 -4.672329 5.447845
v -4.585024 -4.605197 5.447666
v -4.652166 -4.523395 5.447487
v -4.702058 -4.430066 5.447316
v -4.732785 -4.328795 5.447158
v -4.743402 -4.223244 5.643814
v -4.733035 -4.117924 5.643701
v -4.702321 -4.016651 5.643617
v -4.652440 -3.923315 5.643566
v -4.585308 -3.841505 5.643548
v -4.503506 -3.774363 5.643568
v -4.410176 -3.724469 5.643620
v -4.308908 -3.693743 5.643705
v -4.203589 -3.683362 5.643820
v -4.098270 -3.693728 5.643960
v -3.996996 -3.724443 5.644118
v -3.903661 -3.774324 5.644290
v -3.821851 -3.841456 5.644468
v -3.754708 -3.923259 5.644648
v -3.704815 -4.016589 5.644818
v -3.674089 -4.117857 5.644977
v -3.663709 -4.223176 5.645114
v -3.674076 -4.328496 5.645227
v -3.704790 -4.429769 5.645311
v -3.754671 -4.523105 5.645362
v -3.821804 -4.604914 5.645380
v -3.903606 -4.672057 5.645360
v -3.996935 -4.721951 5.645308
v -4.098205 -4.752676 5.645223
v -4.203523 -4.763057 5.645107
v -4.308843 -4.752689 5.644969
v -4.410115 -4.721975 5.644809
v -4.503451 -4.672094 5.644638
v -4.585261 -4.604961 5.644459
v -4.652404 -4.523160 5.644280
v -4.702296 -4.429832 5.644109
v -4.733022 -4.328561 5.643951
v -4.797847 -4.223211 5.672840
v -4.786435 -4.107278 5.672715
v -4.752625 -3.995798 5.672623
v -4.697716 -3.893054 5.672565
v -4.623818 -3.802999 5.672547
v -4.533771 -3.729090 5.672568
v -4.431036 -3.674169 5.672626
v -4.319560 -3.640346 5.672720
v -4.203627 -3.628918 5.672846
v -4.087693 -3.640331 5.672999
v -3.976213 -3.674139 5.673174
v -3.873470 -3.729049 5.673364
v -3.783414 -3.802947 5.673561
v -3.709506 -3.892992 5.673757
v -3.654584 -3.995728 5.673945
v -3.620760 -4.107205 5.674119
v -3.609335 -4.223137 5.674272
v -3.620746 -4.339072 5.674396
v -3.654557 -4.450552 5.674488
v -3.709465 -4.553295 5.674543
v -3.783363 -4.643350 5.674562
v -3.873410 -4.717258 5.674541
v -3.976146 -4.772182 5.674483
v -4.087621 -4.806004 5.674389
v -4.203555 -4.817430 5.674263
v -4.319489 -4.806018 5.674109
v -4.430969 -4.772210 5.673935
v -4.533710 -4.717300 5.673747
v -4.623766 -4.643403 5.673550
v -4.697676 -4.553357 5.673354
v -4.752598 -4.450621 5.673164
v -4.786420 -4.339145 5.672990
v -4.797921 -4.223138 5.734445
v -4.786509 -4.107204 5.734320
v -4.752699 -3.995723 5.734228
v -4.697790 -3.892982 5.734170
v -4.623893 -3.802926 5.734152
v -4.533845 -3.729017 5.734173
v -4.431110 -3.674094 5.734231
v -4.319634 -3.640271 5.734325
v -4.203701 -3.628845 5.734451
v -4.087767 -3.640258 5.734604
v -3.976287 -3.674067 5.734779
v -3.873545 -3.728976 5.734969
v -3.783489 -3.802874 5.735166
v -3.709580 -3.892920 5.735362
v -3.654659 -3.995655 5.735550
v -3.620835 -4.107131 5.735723
v -3.609410 -4.223064 5.735877
v -3.620821 -4.338998 5.736001
v -3.654631 -4.450479 5.736093
v -3.709539 -4.553222 5.736148
v -3.783437 -4.643277 5.736166
v -3.873484 -4.717185 5.736146
v -3.976220 -4.772108 5.736088
v -4.087696 -4.805931 5.735994
v -4.203629 -4.817358 5.735868
v -4.319563 -4.805944 5.735714
v -4.431044 -4.772136 5.735540
v -4.533785 -4.717227 5.735352
v -4.623840 -4.643330 5.735155
v -4.697750 -4.553283 5.734959
v -4.752672 -4.450548 5.734769
v -4.786495 -4.339072 5.734595
v -4.852365 -4.223127 5.746356
v -4.839908 -4.096574 5.746221
v -4.803001 -3.974884 5.746119
v -4.743063 -3.862730 5.746058
v -4.662396 -3.764426 5.746038
v -4.564101 -3.683748 5.746060
v -4.451957 -3.623796 5.746124
v -4.330270 -3.586874 5.746227
v -4.203719 -3.574402 5.746366
v -4.077167 -3.586859 5.746532
v -3.955474 -3.623765 5.746723
v -3.843322 -3.683702 5.746930
v -3.745018 -3.764369 5.747145
v -3.664339 -3.862664 5.747358
v -3.604387 -3.974808 5.747564
v -3.567466 -4.096496 5.747754
v -3.554994 -4.223046 5.747920
v -3.567450 -4.349598 5.748055
v -3.604357 -4.471291 5.748157
v -3.664295 -4.583443 5.748218
v -3.744962 -4.681747 5.748238
v -3.843256 -4.762425 5.748216
v -3.955401 -4.822379 5.748151
v -4.077089 -4.859301 5.748048
v -4.203640 -4.871772 5.747911
v -4.330193 -4.859316 5.747745
v -4.451884 -4.822410 5.747553
v -4.564035 -4.762473 5.747346
v -4.662340 -4.681806 5.747132
v -4.743020 -4.583509 5.746917
v -4.802971 -4.471364 5.746711
v -4.839894 -4.349679 5.746522
v -4.852430 -4.223063 5.801116
v -4.839974 -4.096509 5.800981
v -4.803067 -3.974818 5.800879
v -4.743129 -3.862664 5.800818
v -4.662462 -3.764360 5.800798
v -4.564167 -3.683682 5.800820
v -4.452023 -3.623730 5.800884
v -4.330336 -3.586808 5.800987
v -4.203785 -3.574336 5.801126
v -4.077232 -3.586792 5.801292
v -3.955540 -3.623699 5.801483
v -3.843388 -3.683638 5.801690
v -3.745084 -3.764303 5.801905
v -3.664405 -3.862597 5.802118
v -3.604453 -3.974744 5.802324
v -3.567532 -4.096429 5.802514
v -3.555060 -4.222980 5.802680
v -3.567516 -4.349534 5.802815
v -3.604423 -4.471224 5.802917
v -3.664361 -4.583377 5.802978
v -3.745028 -4.681683 5.802998
v -3.843322 -4.762361 5.802976
v -3.955467 -4.822312 5.802911
v -4.077155 -4.859235 5.802808
v -4.203706 -4.871707 5.802671
v -4.330258 -4.859251 5.802505
v -4.451950 -4.822343 5.802313
v -4.564101 -4.762406 5.802106
v -4.662406 -4.681739 5.801892
v -4.743085 -4.583445 5.801678
v -4.803037 -4.471300 5.801472
v -4.839960 -4.349613 5.801282
v -4.891123 -4.223041 5.821604
v -4.877923 -4.088943 5.821460
v -4.838817 -3.959999 5.821354
v -4.775306 -3.841161 5.821290
v -4.689830 -3.736995 5.821269
v -4.585678 -3.651509 5.821291
v -4.466846 -3.587981 5.821360
v -4.337906 -3.548860 5.821467
v -4.203812 -3.535645 5.821613
v -4.069715 -3.548844 5.821792
v -3.940770 -3.587950 5.821992
v -3.821933 -3.651460 5.822211
v -3.717768 -3.736936 5.822440
v -3.632280 -3.841089 5.822667
v -3.568755 -3.959918 5.822885
v -3.529633 -4.088860 5.823085
v -3.516417 -4.222955 5.823261
v -3.529617 -4.357050 5.823405
v -3.568723 -4.485995 5.823512
v -3.632234 -4.604835 5.823576
v -3.717708 -4.708999 5.823597
v -3.821863 -4.794486 5.823575
v -3.940693 -4.858012 5.823506
v -4.069633 -4.897134 5.823399
v -4.203728 -4.910349 5.823253
v -4.337824 -4.897151 5.823075
v -4.466769 -4.858045 5.822874
v -4.585608 -4.794534 5.822654
v -4.689771 -4.709060 5.822426
v -4.775259 -4.604906 5.822199
v -4.838785 -4.486075 5.821981
v -4.877907 -4.357134 5.821781
v -4.891195 -4.222970 5.881498
v -4.877995 -4.088871 5.881354
v -4.838890 -3.959927 5.881248
v -4.775379 -3.841089 5.881183
v -4.689903 -3.736924 5.881162
v -4.585750 -3.651437 5.881186
v -4.466919 -3.587910 5.881252
v -4.337979 -3.548789 5.881361
v -4.203885 -3.535573 5.881507
v -4.069788 -3.548772 5.881684
v -3.940842 -3.587878 5.881886
v -3.822005 -3.651390 5.882105
v -3.717840 -3.736864 5.882332
v -3.632352 -3.841017 5.882560
v -3.568827 -3.959846 5.882779
v -3.529705 -4.088788 5.882978
v -3.516489 -4.222883 5.883154
v -3.529689 -4.356978 5.883298
v -3.568795 -4.485925 5.883406
v -3.632306 -4.604763 5.883471
v -3.717780 -4.708928 5.883492
v -3.821935 -4.794415 5.883469
v -3.940765 -4.857940 5.883400
v -4.069706 -4.897062 5.883291
v -4.203801 -4.910278 5.883145
v -4.337897 -4.897079 5.882968
v -4.466842 -4.857973 5.882766
v -4.585680 -4.794463 5.882547
v -4.689844 -4.708988 5.882320
v -4.775332 -4.604834 5.882093
v -4.838857 -4.486003 5.881876
v -4.877979 -4.357063 5.881674
v -4.847199 -4.222931 5.910643
v -4.834845 -4.097425 5.910508
v -4.798244 -3.976739 5.910408
v -4.738801 -3.865514 5.910347
v -4.658803 -3.768023 5.910327
v -4.561320 -3.688010 5.910349
v -4.450101 -3.628555 5.910412
v -4.329422 -3.591938 5.910514
v -4.203917 -3.579570 5.910650
v -4.078410 -3.591923 5.910817
v -3.957725 -3.628524 5.911005
v -3.846498 -3.687967 5.911211
v -3.749007 -3.767967 5.911424
v -3.668997 -3.865447 5.911635
v -3.609541 -3.976665 5.911840
v -3.572924 -4.097345 5.912028
v -3.560555 -4.222850 5.912192
v -3.572908 -4.348358 5.912327
v -3.609511 -4.469042 5.912426
v -3.668953 -4.580267 5.912488
v -3.748952 -4.677761 5.912508
v -3.846433 -4.757771 5.912486
v -3.957652 -4.817226 5.912423
v -4.078333 -4.853844 5.912322
v -4.203838 -4.866212 5.912184
v -4.329345 -4.853859 5.912018
v -4.450030 -4.817257 5.911829
v -4.561255 -4.757815 5.911624
v -4.658748 -4.677816 5.911411
v -4.738757 -4.580336 5.911200
v -4.798214 -4.469117 5.910995
v -4.834830 -4.348435 5.910808
v -4.847272 -4.222860 5.970537
v -4.834918 -4.097353 5.970401
v -4.798316 -3.976667 5.970303
v -4.738873 -3.865443 5.970242
v -4.658875 -3.767951 5.970222
v -4.561392 -3.687939 5.970243
v -4.450174 -3.628484 5.970306
v -4.329495 -3.591866 5.970408
v -4.203989 -3.579498 5.970544
v -4.078483 -3.591851 5.970710
v -3.957797 -3.628453 5.970900
v -3.846570 -3.687895 5.971105
v -3.749080 -3.767895 5.971317
v -3.669069 -3.865376 5.971529
v -3.609613 -3.976593 5.971735
v -3.572996 -4.097274 5.971922
v -3.560627 -4.222780 5.972086
v -3.572981 -4.348287 5.972221
v -3.609583 -4.468972 5.972322
v -3.669025 -4.580196 5.972383
v -3.749024 -4.677690 5.972403
v -3.846505 -4.757700 5.972380
v -3.957725 -4.817155 5.972316
v -4.078405 -4.853773 5.972216
v -4.203911 -4.866141 5.972078
v -4.329418 -4.853788 5.971912
v -4.450102 -4.817186 5.971724
v -4.561327 -4.757744 5.971519
v -4.658820 -4.677745 5.971305
v -4.738830 -4.580265 5.971094
v -4.798286 -4.469046 5.970890
v -4.834902 -4.348364 5.970702
v -4.882220 -4.222846 5.984184
v -4.869196 -4.090524 5.984043
v -4.830606 -3.963285 5.983937
v -4.767937 -3.846020 5.983872
v -4.683593 -3.743235 5.983851
v -4.580817 -3.658880 5.983875
v -4.463561 -3.596194 5.983943
v -4.336327 -3.557590 5.984049
v -4.204008 -3.544549 5.984193
v -4.071685 -3.557574 5.984368
v -3.944447 -3.596162 5.984568
v -3.827182 -3.658833 5.984784
v -3.724397 -3.743175 5.985007
v -3.640042 -3.845951 5.985231
v -3.577356 -3.963207 5.985447
v -3.538753 -4.090441 5.985645
v -3.525712 -4.222762 5.985818
v -3.538737 -4.355083 5.985960
v -3.577325 -4.482320 5.986065
v -3.639996 -4.599586 5.986131
v -3.724338 -4.702372 5.986152
v -3.827113 -4.786726 5.986127
v -3.944370 -4.849412 5.986062
v -4.071604 -4.888017 5.985953
v -4.203925 -4.901059 5.985810
v -4.336246 -4.888032 5.985635
v -4.463485 -4.849444 5.985435
v -4.580749 -4.786775 5.985219
v -4.683534 -4.702432 5.984995
v -4.767891 -4.599656 5.984771
v -4.830575 -4.482399 5.984557
v -4.869180 -4.355165 5.984357
v -4.882331 -4.222735 6.076591
v -4.869308 -4.090414 6.076449
v -4.830718 -3.963176 6.076344
v -4.768048 -3.845911 6.076281
v -4.683704 -3.743124 6.076260
v -4.580929 -3.658770 6.076283
v -4.463673 -3.596084 6.076349
v -4.336439 -3.557480 6.076457
v -4.204119 -3.544439 6.076601
v -4.071796 -3.557463 6.076776
v -3.944558 -3.596051 6.076974
v -3.827293 -3.658721 6.077190
v -3.724508 -3.743065 6.077415
v -3.640153 -3.845840 6.077640
v -3.577468 -3.963098 6.077855
v -3.538864 -4.090331 6.078053
v -3.525823 -4.222651 6.078227
v -3.538848 -4.354972 6.078369
v -3.577436 -4.482211 6.078474
v -3.640107 -4.599475 6.078537
v -3.724450 -4.702261 6.078558
v -3.827224 -4.786616 6.078536
v -3.944481 -4.849302 6.078468
v -4.071715 -4.887907 6.078362
v -4.204036 -4.900949 6.078218
v -4.336358 -4.887922 6.078043
v -4.463596 -4.849335 6.077844
v -4.580860 -4.786664 6.077628
v -4.683646 -4.702322 6.077403
v -4.768003 -4.599545 6.077178
v -4.830687 -4.482288 6.076963
v -4.869291 -4.355055 6.076766
v 4.708132 4.230735 0.642594
v 4.702613 4.236195 5.222434
v 4.698298 4.130818 0.642702
v 4.692779 4.136278 5.222540
v 4.669159 4.034741 0.642781
v 4.663640 4.040201 5.222620
v 4.621837 3.946193 0.642830
v 4.616318 3.951653 5.222669
v 4.558149 3.868579 0.642845
v 4.552630 3.874038 5.222683
v 4.480543 3.804883 0.642828
v 4.475024 3.810343 5.222667
v 4.392001 3.757549 0.642777
v 4.386482 3.763009 5.222617
v 4.295928 3.728398 0.642696
v 4.290409 3.733857 5.222536
v 4.196012 3.718551 0.642588
v 4.190494 3.724010 5.222426
v 4.096095 3.728386 0.642456
v 4.090576 3.733845 5.222294
v 4.000018 3.757525 0.642305
v 3.994499 3.762985 5.222144
v 3.911470 3.804847 0.642142
v 3.905951 3.810307 5.221981
v 3.833858 3.868534 0.641973
v 3.828339 3.873993 5.221811
v 3.770160 3.946140 0.641803
v 3.764641 3.951599 5.221642
v 3.722826 4.034681 0.641641
v 3.717308 4.040141 5.221479
v 3.693677 4.130756 0.641491
v 3.688158 4.136216 5.221330
v 3.683830 4.230671 0.641360
v 3.678311 4.236131 5.221200
v 3.693664 4.330588 0.641253
v 3.688146 4.336048 5.221092
v 3.722803 4.426665 0.641174
v 3.717284 4.432125 5.221013
v 3.770125 4.515213 0.641125
v 3.764606 4.520672 5.220963
v 3.833813 4.592826 0.641109
v 3.828295 4.598286 5.220948
v 3.911418 4.656524 0.641127
v 3.905900 4.661983 5.220965
v 3.999960 4.703857 0.641177
v 3.994441 4.709316 5.221015
v 4.096034 4.733007 0.641258
v 4.090515 4.738466 5.221097
v 4.195950 4.742855 0.641367
v 4.190431 4.748313 5.221206
v 4.295867 4.733020 0.641499
v 4.290348 4.738480 5.221337
v 4.391943 4.703882 0.641649
v 4.386424 4.709342 5.221488
v 4.480491 4.656559 0.641813
v 4.474972 4.662018 5.221652
v 4.558105 4.592871 0.641982
v 4.552586 4.598330 5.221820
v 4.621802 4.515266 0.642151
v 4.616283 4.520725 5.221991
v 4.669135 4.426724 0.642314
v 4.663616 4.432183 5.222153
v 4.698286 4.330650 0.642463
v 4.692767 4.336110 5.222301
v 4.733063 4.230704 0.615707
v 4.722750 4.125931 0.615820
v 4.692195 4.025182 0.615903
v 4.642573 3.932330 0.615954
v 4.575788 3.850943 0.615971
v 4.494410 3.784149 0.615952
v 4.401564 3.734514 0.615899
v 4.300818 3.703947 0.615814
v 4.196046 3.693620 0.615700
v 4.091271 3.703933 0.615562
v 3.990523 3.734488 0.615404
v 3.897671 3.784111 0.615233
v 3.816285 3.850895 0.615055
v 3.749490 3.932274 0.614878
v 3.699856 4.025119 0.614707
v 3.669288 4.125865 0.614551
v 3.658963 4.230637 0.614413
v 3.669276 4.335411 0.614301
v 3.699830 4.436160 0.614218
v 3.749454 4.529012 0.614167
v 3.816239 4.610398 0.614150
v 3.897616 4.677192 0.614169
v 3.990462 4.726828 0.614221
v 4.091207 4.757396 0.614306
v 4.195981 4.767721 0.614420
v 4.300754 4.757409 0.614559
v 4.401503 4.726853 0.614717
v 4.494355 4.677230 0.614888
v 4.575742 4.610445 0.615065
v 4.642537 4.529068 0.615243
v 4.692171 4.436222 0.615413
v 4.722738 4.335477 0.615570
v 4.733109 4.230659 0.578024
v 4.722795 4.125886 0.578137
v 4.692241 4.025137 0.578220
v 4.642619 3.932285 0.578271
v 4.575834 3.850898 0.578288
v 4.494455 3.784104 0.578269
v 4.401609 3.734469 0.578216
v 4.300864 3.703902 0.578131
v 4.196092 3.693575 0.578018
v 4.091317 3.703888 0.577879
v 3.990568 3.734443 0.577721
v 3.897716 3.784066 0.577550
v 3.816330 3.850850 0.577372
v 3.749535 3.932229 0.577195
v 3.699901 4.025074 0.577025
v 3.669334 4.125820 0.576868
v 3.659008 4.230592 0.576730
v 3.669321 4.335366 0.576618
v 3.699876 4.436115 0.576535
v 3.749499 4.528967 0.576484
v 3.816284 4.610353 0.576467
v 3.897662 4.677147 0.576486
v 3.990508 4.726783 0.576538
v 4.091252 4.757351 0.576623
v 4.196026 4.767676 0.576737
v 4.300799 4.757364 0.576876
v 4.401548 4.726808 0.577034
v 4.494401 4.677185 0.577205
v 4.575787 4.610401 0.577382
v 4.642582 4.529023 0.577560
v 4.692216 4.436177 0.577730
v 4.722783 4.335433 0.577887
v 4.783459 4.230627 0.547579
v 4.772180 4.116036 0.547702
v 4.738763 4.005849 0.547793
v 4.684489 3.904298 0.547849
v 4.611450 3.815287 0.547867
v 4.522447 3.742235 0.547847
v 4.420902 3.687951 0.547789
v 4.310719 3.654519 0.547696
v 4.196131 3.643226 0.547572
v 4.081542 3.654505 0.547420
v 3.971354 3.687923 0.547247
v 3.869803 3.742194 0.547060
v 3.780792 3.815235 0.546866
v 3.707740 3.904237 0.546672
v 3.653456 4.005781 0.546485
v 3.620025 4.115964 0.546314
v 3.608732 4.230553 0.546164
v 3.620011 4.345142 0.546041
v 3.653428 4.455330 0.545950
v 3.707701 4.556880 0.545894
v 3.780741 4.645892 0.545876
v 3.869743 4.718944 0.545896
v 3.971287 4.773229 0.545954
v 4.081471 4.806660 0.546047
v 4.196060 4.817953 0.546171
v 4.310648 4.806674 0.546323
v 4.420836 4.773257 0.546495
v 4.522387 4.718984 0.546682
v 4.611399 4.645944 0.546877
v 4.684449 4.556942 0.547071
v 4.738735 4.455398 0.547257
v 4.772165 4.345214 0.547429
v 4.783520 4.230567 0.497335
v 4.772240 4.115976 0.497458
v 4.738823 4.005789 0.497549
v 4.684550 3.904238 0.497605
v 4.611510 3.815227 0.497623
v 4.522508 3.742175 0.497603
v 4.420963 3.687891 0.497545
v 4.310780 3.654459 0.497452
v 4.196192 3.643166 0.497328
v 4.081603 3.654445 0.497176
v 3.971414 3.687863 0.497003
v 3.869864 3.742134 0.496816
v 3.780853 3.815175 0.496622
v 3.707801 3.904177 0.496428
v 3.653516 4.005721 0.496242
v 3.620085 4.115904 0.496070
v 3.608793 4.230493 0.495920
v 3.620072 4.345082 0.495797
v 3.653489 4.455270 0.495706
v 3.707762 4.556820 0.495650
v 3.780802 4.645832 0.495632
v 3.869803 4.718884 0.495652
v 3.971348 4.773169 0.495710
v 4.081532 4.806600 0.495803
v 4.196120 4.817893 0.495927
v 4.310709 4.806614 0.496079
v 4.420897 4.773197 0.496251
v 4.522448 4.718924 0.496439
v 4.611460 4.645884 0.496633
v 4.684510 4.556882 0.496827
v 4.738796 4.455338 0.497013
v 4.772226 4.345154 0.497185
v 4.747408 4.230549 0.484731
v 4.736823 4.123007 0.484846
v 4.705460 4.019598 0.484932
v 4.654527 3.924292 0.484984
v 4.585979 3.840755 0.485001
v 4.502449 3.772197 0.484982
v 4.407151 3.721251 0.484928
v 4.303746 3.689877 0.484841
v 4.196205 3.679278 0.484724
v 4.088665 3.689863 0.484581
v 3.985254 3.721225 0.484419
v 3.889948 3.772159 0.484244
v 3.806412 3.840706 0.484061
v 3.737852 3.924235 0.483879
v 3.686908 4.019534 0.483704
v 3.655532 4.122940 0.483543
v 3.644934 4.230480 0.483402
v 3.655519 4.338022 0.483287
v 3.686882 4.441432 0.483201
v 3.737815 4.536736 0.483149
v 3.806364 4.620274 0.483132
v 3.889891 4.688832 0.483151
v 3.985190 4.739778 0.483205
v 4.088599 4.771153 0.483292
v 4.196137 4.781753 0.483409
v 4.303680 4.771167 0.483552
v 4.407089 4.739804 0.483714
v 4.502393 4.688870 0.483889
v 4.585931 4.620323 0.484072
v 4.654490 4.536794 0.484254
v 4.705434 4.441496 0.484429
v 4.736809 4.338089 0.484590
v 4.747507 4.230451 0.402187
v 4.736922 4.122909 0.402302
v 4.705559 4.019499 0.402388
v 4.654626 3.924194 0.402440
v 4.586078 3.840657 0.402457
v 4.502548 3.772099 0.402438
v 4.407250 3.721153 0.402384
v 4.303845 3.689778 0.402297
v 4.196304 3.679179 0.402180
v 4.088764 3.689765 0.402038
v 3.985353 3.721126 0.401875
v 3.890048 3.772060 0.401700
v 3.806511 3.840608 0.401518
v 3.737952 3.924137 0.401335
v 3.687007 4.019436 0.401160
v 3.655632 4.122842 0.400999
v 3.645033 4.230382 0.400858
v 3.655618 4.337924 0.400743
v 3.686981 4.441334 0.400658
v 3.737914 4.536638 0.400605
v 3.806463 4.620175 0.400588
v 3.889991 4.688734 0.400607
v 3.985290 4.739680 0.400661
v 4.088698 4.771055 0.400749
v 4.196237 4.781654 0.400866
v 4.303780 4.771069 0.401008
v 4.407188 4.739706 0.401170
v 4.502492 4.688772 0.401345
v 4.586030 4.620224 0.401528
v 4.654589 4.536696 0.401710
v 4.705534 4.441398 0.401885
v 4.736908 4.337991 0.402046
v 4.830670 4.230428 0.378959
v 4.818489 4.106667 0.379092
v 4.782396 3.987661 0.379190
v 4.723782 3.877983 0.379250
v 4.644895 3.781848 0.379270
v 4.548769 3.702950 0.379248
v 4.439098 3.644321 0.379186
v 4.320097 3.608213 0.379085
v 4.196337 3.596017 0.378951
v 4.072577 3.608198 0.378787
v 3.953571 3.644290 0.378601
v 3.843893 3.702906 0.378399
v 3.747758 3.781792 0.378189
v 3.668859 3.877918 0.377979
v 3.610230 3.987588 0.377778
v 3.574123 4.106589 0.377593
v 3.561927 4.230349 0.377430
v 3.574108 4.354109 0.377297
v 3.610201 4.473115 0.377199
v 3.668816 4.582794 0.377139
v 3.747703 4.678929 0.377119
v 3.843829 4.757828 0.377141
v 3.953499 4.816457 0.377204
v 4.072501 4.852563 0.377304
v 4.196260 4.864761 0.377438
v 4.320021 4.852579 0.377602
v 4.439027 4.816487 0.377789
v 4.548704 4.757872 0.377991
v 4.644840 4.678985 0.378200
v 4.723739 4.582860 0.378410
v 4.782367 4.473188 0.378611
v 4.818474 4.354187 0.378797
v 4.830811 4.230289 0.262320
v 4.818630 4.106528 0.262453
v 4.782537 3.987522 0.262551
v 4.723922 3.877844 0.262611
v 4.645035 3.781709 0.262631
v 4.548910 3.702811 0.262609
v 4.439239 3.644182 0.262547
v 4.320238 3.608074 0.262447
v 4.196478 3.595878 0.262312
v 4.072718 3.608059 0.262148
v 3.953711 3.644151 0.261962
v 3.844034 3.702767 0.261760
v 3.747898 3.781653 0.261550
v 3.668999 3.877779 0.261340
v 3.610371 3.987449 0.261139
v 3.574263 4.106451 0.260954
v 3.562068 4.230210 0.260791
v 3.574248 4.353970 0.260659
v 3.610341 4.472977 0.260560
v 3.668956 4.582655 0.260500
v 3.747843 4.678790 0.260481
v 3.843969 4.757689 0.260502
v 3.953640 4.816318 0.260565
v 4.072641 4.852424 0.260665
v 4.196401 4.864622 0.260800
v 4.320161 4.852440 0.260963
v 4.439167 4.816348 0.261150
v 4.548845 4.757733 0.261352
v 4.644980 4.678846 0.261562
v 4.723879 4.582721 0.261771
v 4.782507 4.473050 0.261973
v 4.818614 4.354048 0.262158
v 4.782798 4.230260 0.240729
v 4.771538 4.115872 0.240852
v 4.738180 4.005878 0.240943
v 4.684003 3.904505 0.240999
v 4.611090 3.815650 0.241017
v 4.522243 3.742726 0.240996
v 4.420877 3.688537 0.240939
v 4.310889 3.655165 0.240846
v 4.196501 3.643891 0.240722
v 4.082112 3.655151 0.240570
v 3.972119 3.688509 0.240398
v 3.870746 3.742686 0.240211
v 3.781891 3.815598 0.240017
v 3.708967 3.904444 0.239824
v 3.654778 4.005810 0.239638
v 3.621406 4.115800 0.239466
v 3.610133 4.230187 0.239316
v 3.621392 4.344575 0.239194
v 3.654751 4.454569 0.239103
v 3.708928 4.555943 0.239047
v 3.781841 4.644797 0.239029
v 3.870686 4.717721 0.239049
v 3.972052 4.771910 0.239107
v 4.082042 4.805284 0.239200
v 4.196429 4.816556 0.239324
v 4.310818 4.805298 0.239475
v 4.420811 4.771938 0.239647
v 4.522183 4.717762 0.239834
v 4.611040 4.644850 0.240028
v 4.683963 4.556004 0.240222
v 4.738152 4.454638 0.240408
v 4.771523 4.344647 0.240579
v 4.782822 4.230237 0.220990
v 4.771562 4.115849 0.221113
v 4.738204 4.005855 0.221204
v 4.684027 3.904482 0.221260
v 4.611114 3.815626 0.221278
v 4.522266 3.742703 0.221257
v 4.420900 3.688514 0.221200
v 4.310913 3.655142 0.221107
v 4.196525 3.643867 0.220983
v 4.082136 3.655127 0.220832
v 3.972142 3.688485 0.220659
v 3.870770 3.742662 0.220472
v 3.781915 3.815574 0.220279
v 3.708991 3.904421 0.220085
v 3.654802 4.005786 0.219899
v 3.621429 4.115777 0.219727
v 3.610157 4.230164 0.219577
v 3.621416 4.344552 0.219455
v 3.654775 4.454546 0.219364
v 3.708951 4.555920 0.219308
v 3.781864 4.644774 0.219290
v 3.870709 4.717698 0.219310
v 3.972076 4.771887 0.219368
v 4.082066 4.805260 0.219461
v 4.196453 4.816533 0.219585
v 4.310842 4.805274 0.219736
v 4.420835 4.771915 0.219909
v 4.522207 4.717738 0.220095
v 4.611063 4.644827 0.220289
v 4.683987 4.555980 0.220483
v 4.738176 4.454614 0.220669
v 4.771547 4.344624 0.220840
v 4.939898 4.230221 0.199647
v 4.925622 4.085193 0.199802
v 4.883328 3.945738 0.199918
v 4.814640 3.817213 0.199988
v 4.722198 3.704557 0.200011
v 4.609553 3.612101 0.199985
v 4.481038 3.543397 0.199912
v 4.341586 3.501085 0.199795
v 4.196560 3.486792 0.199637
v 4.051533 3.501067 0.199445
v 3.912077 3.543361 0.199227
v 3.783552 3.612049 0.198990
v 3.670896 3.704491 0.198744
v 3.578440 3.817135 0.198498
v 3.509737 3.945652 0.198262
v 3.467425 4.085102 0.198045
v 3.453132 4.230128 0.197855
v 3.467407 4.375155 0.197700
v 3.509702 4.514611 0.197584
v 3.578389 4.643137 0.197514
v 3.670831 4.755793 0.197491
v 3.783476 4.848248 0.197516
v 3.911992 4.916952 0.197589
v 4.051444 4.959264 0.197707
v 4.196470 4.973557 0.197865
v 4.341497 4.959282 0.198057
v 4.480954 4.916988 0.198275
v 4.609478 4.848301 0.198512
v 4.722134 4.755858 0.198758
v 4.814590 4.643215 0.199003
v 4.883293 4.514697 0.199239
v 4.925604 4.375247 0.199457
v 4.940239 4.229883 -0.083875
v 4.925963 4.084855 -0.083719
v 4.883669 3.945400 -0.083604
v 4.814981 3.816875 -0.083534
v 4.722539 3.704219 -0.083511
v 4.609895 3.611763 -0.083536
v 4.481379 3.543059 -0.083609
v 4.341928 3.500747 -0.083727
v 4.196902 3.486454 -0.083885
v 4.051874 3.500729 -0.084076
v 3.912419 3.543023 -0.084295
v 3.783894 3.611711 -0.084532
v 3.671237 3.704153 -0.084777
v 3.578782 3.816797 -0.085023
v 3.510079 3.945314 -0.085259
v 3.467766 4.084764 -0.085476
v 3.453474 4.229790 -0.085666
v 3.467749 4.374817 -0.085822
v 3.510044 4.514273 -0.085937
v 3.578731 4.642799 -0.086008
v 3.671173 4.755455 -0.086031
v 3.783817 4.847910 -0.086005
v 3.912334 4.916614 -0.085932
v 4.051785 4.958926 -0.085815
v 4.196811 4.973219 -0.085657
v 4.341839 4.958944 -0.085465
v 4.481295 4.916650 -0.085247
v 4.609819 4.847963 -0.085010
v 4.722476 4.755520 -0.084764
v 4.814931 4.642877 -0.084518
v 4.883635 4.514359 -0.084282
v 4.925945 4.374908 -0.084065
v 4.805386 4.236302 5.308119
v 4.793575 4.116316 5.308249
v 4.758584 4.000938 5.308343
v 4.701757 3.894604 5.308402
v 4.625277 3.801401 5.308421
v 4.532081 3.724909 5.308400
v 4.425755 3.668068 5.308340
v 4.310381 3.633061 5.308241
v 4.190397 3.621237 5.308112
v 4.070410 3.633046 5.307952
v 3.955033 3.668037 5.307773
v 3.848700 3.724865 5.307577
v 3.755495 3.801347 5.307373
v 3.679003 3.894542 5.307169
v 3.622162 4.000867 5.306973
v 3.587156 4.116241 5.306795
v 3.575332 4.236227 5.306637
v 3.587141 4.356213 5.306509
v 3.622133 4.471590 5.306414
v 3.678962 4.577922 5.306355
v 3.755442 4.671126 5.306335
v 3.848637 4.747620 5.306356
v 3.954963 4.804461 5.306417
v 4.070337 4.839468 5.306515
v 4.190321 4.851293 5.306644
v 4.310308 4.839482 5.306804
v 4.425685 4.804491 5.306984
v 4.532018 4.747663 5.307180
v 4.625223 4.671182 5.307384
v 4.701715 4.577988 5.307588
v 4.758555 4.471661 5.307783
v 4.793561 4.356287 5.307961
v 4.805238 4.236449 5.431330
v 4.793427 4.116464 5.431458
v 4.758436 4.001085 5.431553
v 4.701609 3.894752 5.431612
v 4.625128 3.801548 5.431631
v 4.531932 3.725055 5.431610
v 4.425606 3.668216 5.431550
v 4.310233 3.633209 5.431451
v 4.190248 3.621383 5.431322
v 4.070262 3.633193 5.431162
v 3.954885 3.668185 5.430983
v 3.848551 3.725013 5.430787
v 3.755347 3.801493 5.430583
v 3.678855 3.894687 5.430379
v 3.622014 4.001015 5.430183
v 3.587008 4.116387 5.430005
v 3.575183 4.236372 5.429848
v 3.586993 4.356359 5.429718
v 3.621985 4.471735 5.429624
v 3.678813 4.578071 5.429564
v 3.755294 4.671274 5.429545
v 3.848489 4.747766 5.429566
v 3.954815 4.804608 5.429627
v 4.070189 4.839614 5.429725
v 4.190173 4.851439 5.429854
v 4.310159 4.839630 5.430014
v 4.425537 4.804637 5.430194
v 4.531870 4.747808 5.430390
v 4.625075 4.671329 5.430593
v 4.701567 4.578135 5.430798
v 4.758407 4.471807 5.430993
v 4.793412 4.356434 5.431171
v 4.730036 4.236465 5.448350
v 4.719669 4.131146 5.448463
v 4.688955 4.029872 5.448547
v 4.639074 3.936537 5.448598
v 4.571942 3.854727 5.448616
v 4.490140 3.787585 5.448596
v 4.396811 3.737691 5.448544
v 4.295542 3.706965 5.448459
v 4.190223 3.696584 5.448344
v 4.084904 3.706953 5.448205
v 3.983630 3.737665 5.448046
v 3.890295 3.787546 5.447874
v 3.808485 3.854678 5.447696
v 3.741342 3.936481 5.447516
v 3.691449 4.029809 5.447346
v 3.660723 4.131081 5.447187
v 3.650344 4.236397 5.447050
v 3.660710 4.341716 5.446937
v 3.691424 4.442990 5.446853
v 3.741305 4.536325 5.446802
v 3.808438 4.618135 5.446784
v 3.890240 4.685278 5.446804
v 3.983569 4.735171 5.446856
v 4.084839 4.765899 5.446941
v 4.190157 4.776278 5.447056
v 4.295477 4.765912 5.447196
v 4.396749 4.735198 5.447354
v 4.490086 4.685317 5.447526
v 4.571896 4.618186 5.447704
v 4.639038 4.536381 5.447884
v 4.688930 4.443052 5.448054
v 4.719656 4.341784 5.448213
v 4.729799 4.236700 5.645144
v 4.719432 4.131381 5.645257
v 4.688718 4.030107 5.645340
v 4.638837 3.936771 5.645391
v 4.571705 3.854960 5.645409
v 4.489903 3.787819 5.645391
v 4.396573 3.737926 5.645338
v 4.295304 3.707198 5.645252
v 4.189986 3.696820 5.645136
v 4.084667 3.707186 5.644998
v 3.983393 3.737900 5.644839
v 3.890058 3.787781 5.644668
v 3.808248 3.854913 5.644488
v 3.741105 3.936714 5.644310
v 3.691212 4.030045 5.644138
v 3.660486 4.131313 5.643981
v 3.650107 4.236632 5.643844
v 3.660473 4.341951 5.643731
v 3.691187 4.443224 5.643647
v 3.741068 4.536561 5.643596
v 3.808201 4.618371 5.643579
v 3.890003 4.685513 5.643598
v 3.983332 4.735406 5.643651
v 4.084602 4.766132 5.643735
v 4.189920 4.776513 5.643849
v 4.295239 4.766146 5.643990
v 4.396512 4.735432 5.644147
v 4.489848 4.685552 5.644320
v 4.571658 4.618419 5.644498
v 4.638801 4.536616 5.644677
v 4.688693 4.443287 5.644848
v 4.719419 4.342018 5.645006
v 4.784174 4.236737 5.674301
v 4.772762 4.120804 5.674425
v 4.738952 4.009324 5.674518
v 4.684043 3.906580 5.674573
v 4.610146 3.816525 5.674592
v 4.520098 3.742616 5.674572
v 4.417363 3.687695 5.674512
v 4.305887 3.653872 5.674418
v 4.189954 3.642444 5.674293
v 4.074020 3.653857 5.674139
v 3.962540 3.687665 5.673965
v 3.859797 3.742575 5.673776
v 3.769741 3.816473 5.673579
v 3.695833 3.906518 5.673383
v 3.640911 4.009254 5.673193
v 3.607088 4.120731 5.673020
v 3.595663 4.236663 5.672869
v 3.607073 4.352598 5.672743
v 3.640884 4.464077 5.672651
v 3.695792 4.566821 5.672596
v 3.769690 4.656876 5.672577
v 3.859737 4.730784 5.672597
v 3.962473 4.785707 5.672657
v 4.073948 4.819530 5.672750
v 4.189882 4.830956 5.672875
v 4.305816 4.819544 5.673029
v 4.417296 4.785736 5.673203
v 4.520038 4.730826 5.673394
v 4.610093 4.656929 5.673590
v 4.684003 4.566883 5.673787
v 4.738925 4.464147 5.673975
v 4.772748 4.352671 5.674149
v 4.784100 4.236812 5.735906
v 4.772687 4.120877 5.736030
v 4.738877 4.009397 5.736123
v 4.683969 3.906654 5.736178
v 4.610071 3.816598 5.736197
v 4.520023 3.742691 5.736176
v 4.417289 3.687768 5.736117
v 4.305813 3.653944 5.736023
v 4.189880 3.642519 5.735898
v 4.073946 3.653930 5.735744
v 3.962466 3.687738 5.735569
v 3.859723 3.742648 5.735381
v 3.769667 3.816545 5.735184
v 3.695758 3.906592 5.734988
v 3.640837 4.009327 5.734798
v 3.607013 4.120804 5.734625
v 3.595588 4.236737 5.734474
v 3.606999 4.352672 5.734348
v 3.640809 4.464150 5.734257
v 3.695718 4.566895 5.734200
v 3.769615 4.656950 5.734182
v 3.859663 4.730857 5.734202
v 3.962398 4.785780 5.734262
v 4.073874 4.819602 5.734354
v 4.189807 4.831029 5.734480
v 4.305741 4.819617 5.734634
v 4.417222 4.785809 5.734808
v 4.519963 4.730900 5.734999
v 4.610019 4.657001 5.735195
v 4.683928 4.566956 5.735392
v 4.738851 4.464221 5.735579
v 4.772673 4.352745 5.735754
v 4.838514 4.236829 5.747950
v 4.826058 4.110277 5.748085
v 4.789151 3.988585 5.748186
v 4.729213 3.876431 5.748248
v 4.648546 3.778127 5.748268
v 4.550251 3.697449 5.748244
v 4.438107 3.637497 5.748180
v 4.316420 3.600575 5.748078
v 4.189869 3.588103 5.747941
v 4.063316 3.600559 5.747774
v 3.941624 3.637466 5.747582
v 3.829472 3.697403 5.747375
v 3.731168 3.778069 5.747161
v 3.650489 3.876364 5.746947
v 3.590537 3.988509 5.746741
v 3.553616 4.110197 5.746552
v 3.541144 4.236747 5.746387
v 3.553600 4.363299 5.746251
v 3.590507 4.484992 5.746150
v 3.650445 4.597145 5.746089
v 3.731112 4.695448 5.746068
v 3.829406 4.776127 5.746090
v 3.941551 4.836080 5.746153
v 4.063239 4.873003 5.746256
v 4.189790 4.885475 5.746395
v 4.316342 4.873017 5.746562
v 4.438034 4.836111 5.746753
v 4.550185 4.776174 5.746959
v 4.648490 4.695507 5.747173
v 4.729169 4.597211 5.747387
v 4.789121 4.485066 5.747593
v 4.826044 4.363379 5.747784
v 4.838449 4.236895 5.802710
v 4.825992 4.110342 5.802845
v 4.789085 3.988651 5.802946
v 4.729147 3.876497 5.803008
v 4.648480 3.778193 5.803028
v 4.550185 3.697515 5.803005
v 4.438041 3.637563 5.802940
v 4.316354 3.600641 5.802838
v 4.189803 3.588167 5.802701
v 4.063251 3.600626 5.802534
v 3.941558 3.637532 5.802342
v 3.829406 3.697469 5.802135
v 3.731102 3.778136 5.801921
v 3.650423 3.876431 5.801708
v 3.590471 3.988575 5.801502
v 3.553550 4.110261 5.801311
v 3.541078 4.236814 5.801147
v 3.553534 4.363366 5.801011
v 3.590441 4.485056 5.800910
v 3.650379 4.597209 5.800848
v 3.731046 4.695515 5.800828
v 3.829340 4.776193 5.800850
v 3.941485 4.836144 5.800913
v 4.063173 4.873067 5.801016
v 4.189724 4.885540 5.801155
v 4.316277 4.873084 5.801322
v 4.437968 4.836175 5.801513
v 4.550119 4.776238 5.801719
v 4.648424 4.695571 5.801933
v 4.729104 4.597277 5.802147
v 4.789055 4.485131 5.802353
v 4.825978 4.363444 5.802544
v 4.877091 4.236921 5.823290
v 4.863892 4.102825 5.823434
v 4.824786 3.973878 5.823542
v 4.761275 3.855041 5.823606
v 4.675799 3.750876 5.823627
v 4.571646 3.665390 5.823604
v 4.452815 3.601862 5.823536
v 4.323875 3.562741 5.823428
v 4.189781 3.549525 5.823281
v 4.055684 3.562723 5.823104
v 3.926739 3.601830 5.822903
v 3.807901 3.665341 5.822683
v 3.703737 3.750815 5.822456
v 3.618248 3.854970 5.822228
v 3.554723 3.973799 5.822011
v 3.515601 4.102739 5.821811
v 3.502385 4.236835 5.821634
v 3.515585 4.370932 5.821490
v 3.554691 4.499876 5.821383
v 3.618202 4.618714 5.821319
v 3.703676 4.722879 5.821298
v 3.807831 4.808366 5.821321
v 3.926661 4.871891 5.821389
v 4.055602 4.911016 5.821497
v 4.189697 4.924231 5.821643
v 4.323793 4.911031 5.821821
v 4.452738 4.871924 5.822022
v 4.571577 4.808414 5.822241
v 4.675740 4.722939 5.822469
v 4.761228 4.618785 5.822696
v 4.824753 4.499957 5.822915
v 4.863875 4.371016 5.823114
v 4.877019 4.236992 5.883184
v 4.863819 4.102895 5.883328
v 4.824713 3.973950 5.883434
v 4.761202 3.855113 5.883501
v 4.675726 3.750948 5.883522
v 4.571574 3.665461 5.883498
v 4.452743 3.601934 5.883430
v 4.323802 3.562813 5.883321
v 4.189708 3.549597 5.883175
v 4.055612 3.562795 5.882998
v 3.926666 3.601902 5.882796
v 3.807829 3.665412 5.882577
v 3.703665 3.750887 5.882349
v 3.618176 3.855041 5.882123
v 3.554651 3.973871 5.881905
v 3.515529 4.102811 5.881703
v 3.502313 4.236907 5.881527
v 3.515513 4.371003 5.881383
v 3.554619 4.499949 5.881278
v 3.618130 4.618786 5.881213
v 3.703604 4.722950 5.881192
v 3.807759 4.808437 5.881215
v 3.926589 4.871964 5.881282
v 4.055530 4.911087 5.881392
v 4.189624 4.924303 5.881536
v 4.323720 4.911103 5.881713
v 4.452665 4.871996 5.881917
v 4.571504 4.808486 5.882134
v 4.675667 4.723011 5.882362
v 4.761156 4.618857 5.882589
v 4.824681 4.500028 5.882808
v 4.863803 4.371088 5.883008
v 4.832953 4.237024 5.912221
v 4.820599 4.111517 5.912356
v 4.783998 3.990833 5.912457
v 4.724555 3.879606 5.912518
v 4.644557 3.782115 5.912538
v 4.547074 3.702103 5.912516
v 4.435855 3.642648 5.912453
v 4.315176 3.606031 5.912351
v 4.189671 3.593663 5.912213
v 4.064164 3.606015 5.912047
v 3.943479 3.642617 5.911860
v 3.832252 3.702060 5.911654
v 3.734761 3.782058 5.911441
v 3.654751 3.879539 5.911229
v 3.595295 3.990757 5.911025
v 3.558678 4.111440 5.910837
v 3.546309 4.236945 5.910672
v 3.558662 4.362451 5.910538
v 3.595265 4.483136 5.910438
v 3.654707 4.594361 5.910377
v 3.734706 4.691854 5.910357
v 3.832187 4.771864 5.910378
v 3.943406 4.831320 5.910441
v 4.064087 4.867938 5.910543
v 4.189592 4.880306 5.910680
v 4.315099 4.867952 5.910847
v 4.435784 4.831351 5.911036
v 4.547009 4.771910 5.911241
v 4.644502 4.691910 5.911452
v 4.724511 4.594429 5.911665
v 4.783968 4.483210 5.911870
v 4.820584 4.362529 5.912057
v 4.832881 4.237095 5.972116
v 4.820527 4.111588 5.972250
v 4.783926 3.990903 5.972351
v 4.724483 3.879678 5.972412
v 4.644485 3.782187 5.972432
v 4.547001 3.702175 5.972410
v 4.435783 3.642720 5.972346
v 4.315104 3.606102 5.972245
v 4.189598 3.593734 5.972107
v 4.064092 3.606086 5.971941
v 3.943407 3.642689 5.971754
v 3.832180 3.702131 5.971549
v 3.734689 3.782130 5.971335
v 3.654678 3.879611 5.971123
v 3.595223 3.990829 5.970919
v 3.558605 4.111510 5.970730
v 3.546237 4.237015 5.970565
v 3.558590 4.362522 5.970431
v 3.595193 4.483206 5.970332
v 3.654635 4.594432 5.970271
v 3.734634 4.691925 5.970251
v 3.832115 4.771935 5.970273
v 3.943334 4.831391 5.970335
v 4.064014 4.868009 5.970438
v 4.189520 4.880377 5.970574
v 4.315027 4.868023 5.970740
v 4.435711 4.831422 5.970930
v 4.546936 4.771980 5.971135
v 4.644429 4.691981 5.971346
v 4.724439 4.594500 5.971560
v 4.783895 4.483281 5.971764
v 4.820511 4.362600 5.971951
v 4.867796 4.237114 5.985848
v 4.854773 4.104793 5.985991
v 4.816183 3.977553 5.986095
v 4.753513 3.860290 5.986159
v 4.669169 3.757504 5.986180
v 4.566394 3.673147 5.986157
v 4.449138 3.610462 5.986091
v 4.321904 3.571858 5.985983
v 4.189584 3.558817 5.985839
v 4.057261 3.571841 5.985664
v 3.930023 3.610430 5.985466
v 3.812759 3.673100 5.985250
v 3.709974 3.757442 5.985024
v 3.625618 3.860219 5.984800
v 3.562933 3.977475 5.984585
v 3.524329 4.104710 5.984387
v 3.511288 4.237031 5.984213
v 3.524313 4.369350 5.984072
v 3.562901 4.496590 5.983966
v 3.625572 4.613854 5.983902
v 3.709915 4.716640 5.983881
v 3.812690 4.800995 5.983904
v 3.929947 4.863681 5.983972
v 4.057180 4.902286 5.984078
v 4.189501 4.915328 5.984222
v 4.321823 4.902301 5.984397
v 4.449061 4.863713 5.984597
v 4.566325 4.801044 5.984813
v 4.669111 4.716701 5.985037
v 4.753468 4.613925 5.985261
v 4.816152 4.496667 5.985476
v 4.854756 4.369434 5.985674
v 4.867685 4.237225 6.078256
v 4.854661 4.104902 6.078398
v 4.816072 3.977664 6.078503
v 4.753402 3.860399 6.078568
v 4.669058 3.757613 6.078588
v 4.566282 3.673258 6.078565
v 4.449026 3.610573 6.078497
v 4.321792 3.571969 6.078391
v 4.189473 3.558928 6.078247
v 4.057150 3.571951 6.078072
v 3.929912 3.610539 6.077873
v 3.812647 3.673210 6.077657
v 3.709862 3.757554 6.077433
v 3.625507 3.860328 6.077209
v 3.562822 3.977586 6.076993
v 3.524218 4.104818 6.076795
v 3.511177 4.237141 6.076622
v 3.524202 4.369461 6.076478
v 3.562790 4.496698 6.076375
v 3.625461 4.613965 6.076310
v 3.709804 4.716750 6.076289
v 3.812578 4.801105 6.076313
v 3.929835 4.863791 6.076378
v 4.057069 4.902394 6.076487
v 4.189390 4.915438 6.076630
v 4.321711 4.902411 6.076805
v 4.448950 4.863823 6.077003
v 4.566214 4.801153 6.077219
v 4.668999 4.716811 6.077445
v 4.753356 4.614035 6.077669
v 4.816040 4.496778 6.077884
v 4.854645 4.369545 6.078083
v 4.708649 -4.228615 0.652678
v 4.703130 -4.223155 5.232517
v 4.698802 -4.128700 0.652547
v 4.693284 -4.123240 5.232387
v 4.669652 -4.032626 0.652397
v 4.664133 -4.027166 5.232236
v 4.622320 -3.944085 0.652235
v 4.616801 -3.938626 5.232074
v 4.558622 -3.866479 0.652066
v 4.553103 -3.861020 5.231905
v 4.481008 -3.802792 0.651896
v 4.475489 -3.797333 5.231736
v 4.392459 -3.755470 0.651733
v 4.386940 -3.750010 5.231573
v 4.296384 -3.726331 0.651582
v 4.290865 -3.720871 5.231421
v 4.196466 -3.716496 0.651450
v 4.190948 -3.711036 5.231289
v 4.096550 -3.726343 0.651342
v 4.091032 -3.720884 5.231182
v 4.000477 -3.755494 0.651261
v 3.994958 -3.750035 5.231101
v 3.911935 -3.802828 0.651210
v 3.906416 -3.797369 5.231050
v 3.834330 -3.866524 0.651193
v 3.828811 -3.861064 5.231032
v 3.770642 -3.944138 0.651209
v 3.765123 -3.938679 5.231049
v 3.723320 -4.032685 0.651257
v 3.717801 -4.027225 5.231096
v 3.694181 -4.128763 0.651337
v 3.688663 -4.123303 5.231176
v 3.684346 -4.228680 0.651444
v 3.678828 -4.223220 5.231284
v 3.694194 -4.328595 0.651575
v 3.688675 -4.323135 5.231414
v 3.723343 -4.424669 0.651724
v 3.717825 -4.419209 5.231565
v 3.770677 -4.513210 0.651887
v 3.765158 -4.507751 5.231727
v 3.834374 -4.590816 0.652056
v 3.828856 -4.585357 5.231895
v 3.911987 -4.654504 0.652226
v 3.906468 -4.649045 5.232066
v 4.000535 -4.701826 0.652389
v 3.995016 -4.696366 5.232228
v 4.096611 -4.730964 0.652539
v 4.091093 -4.725504 5.232378
v 4.196529 -4.740798 0.652671
v 4.191010 -4.735340 5.232512
v 4.296445 -4.730951 0.652780
v 4.290926 -4.725492 5.232619
v 4.392518 -4.701802 0.652861
v 4.386999 -4.696342 5.232700
v 4.481060 -4.654468 0.652911
v 4.475541 -4.649009 5.232750
v 4.558666 -4.590770 0.652929
v 4.553147 -4.585310 5.232769
v 4.622355 -4.513157 0.652913
v 4.616836 -4.507699 5.232752
v 4.669676 -4.424609 0.652865
v 4.664157 -4.419149 5.232705
v 4.698815 -4.328532 0.652785
v 4.693296 -4.323072 5.232625
v 4.733580 -4.228646 0.625791
v 4.723255 -4.123874 0.625654
v 4.692688 -4.023129 0.625497
v 4.643054 -3.930283 0.625326
v 4.576259 -3.848904 0.625149
v 4.494872 -3.782120 0.624971
v 4.402020 -3.732497 0.624800
v 4.301271 -3.701942 0.624642
v 4.196497 -3.691629 0.624504
v 4.091724 -3.701955 0.624390
v 3.990979 -3.732523 0.624305
v 3.898134 -3.782157 0.624252
v 3.816756 -3.848951 0.624234
v 3.749971 -3.930338 0.624250
v 3.700347 -4.023191 0.624301
v 3.669792 -4.123940 0.624384
v 3.659480 -4.228714 0.624497
v 3.669805 -4.333487 0.624634
v 3.700372 -4.434231 0.624791
v 3.750007 -4.527077 0.624961
v 3.816802 -4.608455 0.625139
v 3.898188 -4.675239 0.625317
v 3.991040 -4.724862 0.625488
v 4.091789 -4.755418 0.625646
v 4.196563 -4.765730 0.625784
v 4.301336 -4.755405 0.625898
v 4.402081 -4.724837 0.625983
v 4.494926 -4.675201 0.626036
v 4.576305 -4.608407 0.626054
v 4.643090 -4.527021 0.626038
v 4.692712 -4.434169 0.625987
v 4.723267 -4.333420 0.625903
v 4.733625 -4.228691 0.588108
v 4.723300 -4.123919 0.587971
v 4.692733 -4.023173 0.587814
v 4.643099 -3.930328 0.587643
v 4.576304 -3.848949 0.587466
v 4.494917 -3.782165 0.587288
v 4.402065 -3.732542 0.587117
v 4.301317 -3.701987 0.586959
v 4.196543 -3.691674 0.586821
v 4.091770 -3.702000 0.586707
v 3.991024 -3.732568 0.586622
v 3.898179 -3.782202 0.586569
v 3.816801 -3.848996 0.586551
v 3.750016 -3.930383 0.586567
v 3.700392 -4.023236 0.586618
v 3.669838 -4.123985 0.586701
v 3.659525 -4.228758 0.586814
v 3.669851 -4.333531 0.586951
v 3.700418 -4.434276 0.587108
v 3.750052 -4.527122 0.587279
v 3.816847 -4.608500 0.587456
v 3.898233 -4.675284 0.587634
v 3.991085 -4.724907 0.587805
v 4.091834 -4.755463 0.587963
v 4.196609 -4.765775 0.588101
v 4.301381 -4.755450 0.588215
v 4.402126 -4.724882 0.588300
v 4.494972 -4.675246 0.588353
v 4.576351 -4.608452 0.588371
v 4.643136 -4.527066 0.588355
v 4.692758 -4.434214 0.588304
v 4.723312 -4.333465 0.588220
v 4.783976 -4.228724 0.557663
v 4.772682 -4.114136 0.557513
v 4.739252 -4.003953 0.557341
v 4.684966 -3.902408 0.557154
v 4.611916 -3.813406 0.556960
v 4.522904 -3.740366 0.556766
v 4.421353 -3.686094 0.556579
v 4.311165 -3.652676 0.556406
v 4.196577 -3.641397 0.556255
v 4.081988 -3.652690 0.556130
v 3.971804 -3.686122 0.556037
v 3.870261 -3.740407 0.555980
v 3.781259 -3.813458 0.555959
v 3.708217 -3.902469 0.555978
v 3.653945 -4.004021 0.556033
v 3.620528 -4.114208 0.556124
v 3.609249 -4.228798 0.556247
v 3.620542 -4.343385 0.556397
v 3.653973 -4.453569 0.556569
v 3.708258 -4.555113 0.556756
v 3.781309 -4.644115 0.556950
v 3.870319 -4.717155 0.557144
v 3.971871 -4.771429 0.557331
v 4.082059 -4.804846 0.557504
v 4.196648 -4.816124 0.557655
v 4.311236 -4.804831 0.557780
v 4.421420 -4.771400 0.557873
v 4.522964 -4.717115 0.557930
v 4.611967 -4.644063 0.557950
v 4.685006 -4.555052 0.557932
v 4.739280 -4.453501 0.557877
v 4.772696 -4.343313 0.557786
v 4.784037 -4.228784 0.507419
v 4.772743 -4.114196 0.507269
v 4.739313 -4.004013 0.507097
v 4.685027 -3.902468 0.506911
v 4.611977 -3.813466 0.506716
v 4.522964 -3.740425 0.506522
v 4.421414 -3.686154 0.506335
v 4.311226 -3.652736 0.506162
v 4.196637 -3.641457 0.506011
v 4.082049 -3.652750 0.505886
v 3.971865 -3.686182 0.505793
v 3.870321 -3.740466 0.505736
v 3.781319 -3.813518 0.505716
v 3.708277 -3.902529 0.505734
v 3.654006 -4.004081 0.505789
v 3.620589 -4.114268 0.505880
v 3.609309 -4.228858 0.506003
v 3.620602 -4.343445 0.506154
v 3.654033 -4.453629 0.506325
v 3.708318 -4.555173 0.506512
v 3.781370 -4.644176 0.506706
v 3.870380 -4.717216 0.506900
v 3.971931 -4.771489 0.507087
v 4.082119 -4.804906 0.507260
v 4.196709 -4.816184 0.507411
v 4.311296 -4.804891 0.507536
v 4.421480 -4.771461 0.507629
v 4.523025 -4.717175 0.507686
v 4.612027 -4.644124 0.507707
v 4.685067 -4.555112 0.507688
v 4.739340 -4.453561 0.507633
v 4.772757 -4.343373 0.507542
v 4.747925 -4.228801 0.494814
v 4.737326 -4.121261 0.494673
v 4.705951 -4.017855 0.494512
v 4.655006 -3.922556 0.494337
v 4.586448 -3.839027 0.494155
v 4.502910 -3.770480 0.493973
v 4.407606 -3.719546 0.493797
v 4.304197 -3.688184 0.493635
v 4.196654 -3.677599 0.493493
v 4.089116 -3.688198 0.493376
v 3.985708 -3.719572 0.493289
v 3.890409 -3.770518 0.493235
v 3.806881 -3.839076 0.493216
v 3.738332 -3.922613 0.493233
v 3.687399 -4.017919 0.493285
v 3.656036 -4.121328 0.493370
v 3.645451 -4.228870 0.493486
v 3.656049 -4.336410 0.493627
v 3.687424 -4.439817 0.493788
v 3.738369 -4.535115 0.493963
v 3.806928 -4.618644 0.494145
v 3.890465 -4.687191 0.494327
v 3.985770 -4.738125 0.494503
v 4.089181 -4.769488 0.494665
v 4.196722 -4.780073 0.494807
v 4.304263 -4.769475 0.494924
v 4.407668 -4.738099 0.495011
v 4.502966 -4.687153 0.495065
v 4.586496 -4.618595 0.495084
v 4.655044 -4.535058 0.495067
v 4.705977 -4.439754 0.495015
v 4.737339 -4.336343 0.494930
v 4.748024 -4.228899 0.412270
v 4.737425 -4.121359 0.412129
v 4.706050 -4.017953 0.411968
v 4.655106 -3.922655 0.411793
v 4.586547 -3.839126 0.411611
v 4.503009 -3.770578 0.411429
v 4.407705 -3.719644 0.411253
v 4.304296 -3.688283 0.411091
v 4.196754 -3.677697 0.410949
v 4.089215 -3.688296 0.410832
v 3.985808 -3.719671 0.410745
v 3.890509 -3.770617 0.410691
v 3.806980 -3.839175 0.410672
v 3.738431 -3.922712 0.410689
v 3.687498 -4.018017 0.410741
v 3.656136 -4.121427 0.410827
v 3.645550 -4.228969 0.410942
v 3.656149 -4.336508 0.411083
v 3.687524 -4.439915 0.411244
v 3.738469 -4.535213 0.411419
v 3.807028 -4.618742 0.411601
v 3.890564 -4.687290 0.411784
v 3.985869 -4.738224 0.411959
v 4.089281 -4.769587 0.412121
v 4.196821 -4.780171 0.412263
v 4.304362 -4.769573 0.412380
v 4.407767 -4.738197 0.412467
v 4.503065 -4.687251 0.412522
v 4.586595 -4.618693 0.412540
v 4.655143 -4.535156 0.412524
v 4.706076 -4.439852 0.412471
v 4.737439 -4.336441 0.412386
v 4.831187 -4.228922 0.389043
v 4.818991 -4.105163 0.388880
v 4.782884 -3.986161 0.388695
v 4.724256 -3.876491 0.388494
v 4.645357 -3.780365 0.388284
v 4.549221 -3.701479 0.388074
v 4.439544 -3.642864 0.387872
v 4.320538 -3.606771 0.387686
v 4.196777 -3.594590 0.387522
v 4.073018 -3.606787 0.387387
v 3.954016 -3.642894 0.387287
v 3.844346 -3.701523 0.387225
v 3.748220 -3.780421 0.387203
v 3.669333 -3.876557 0.387223
v 3.610718 -3.986234 0.387283
v 3.574625 -4.105241 0.387381
v 3.562444 -4.229002 0.387514
v 3.574640 -4.352760 0.387676
v 3.610747 -4.471762 0.387861
v 3.669376 -4.581434 0.388063
v 3.748275 -4.677558 0.388272
v 3.844410 -4.756446 0.388482
v 3.954088 -4.815061 0.388684
v 4.073094 -4.851152 0.388871
v 4.196854 -4.863334 0.389034
v 4.320614 -4.851137 0.389169
v 4.439615 -4.815031 0.389269
v 4.549286 -4.756402 0.389332
v 4.645412 -4.677503 0.389353
v 4.724298 -4.581367 0.389334
v 4.782913 -4.471689 0.389274
v 4.819006 -4.352683 0.389175
v 4.831328 -4.229061 0.272404
v 4.819131 -4.105302 0.272242
v 4.783024 -3.986300 0.272056
v 4.724396 -3.876630 0.271855
v 4.645498 -3.780504 0.271645
v 4.549362 -3.701618 0.271435
v 4.439684 -3.643003 0.271233
v 4.320678 -3.606910 0.271047
v 4.196918 -3.594729 0.270883
v 4.073158 -3.606926 0.270749
v 3.954157 -3.643033 0.270648
v 3.844486 -3.701662 0.270586
v 3.748360 -3.780560 0.270564
v 3.669473 -3.876696 0.270584
v 3.610858 -3.986373 0.270644
v 3.574765 -4.105380 0.270742
v 3.562585 -4.229141 0.270875
v 3.574780 -4.352899 0.271037
v 3.610888 -4.471901 0.271223
v 3.669516 -4.581573 0.271424
v 3.748415 -4.677697 0.271634
v 3.844551 -4.756585 0.271843
v 3.954228 -4.815199 0.272045
v 4.073235 -4.851291 0.272232
v 4.196995 -4.863473 0.272396
v 4.320755 -4.851275 0.272530
v 4.439756 -4.815169 0.272631
v 4.549427 -4.756540 0.272693
v 4.645553 -4.677641 0.272715
v 4.724439 -4.581506 0.272695
v 4.783054 -4.471828 0.272635
v 4.819147 -4.352821 0.272537
v 4.783315 -4.229090 0.250813
v 4.772040 -4.114703 0.250663
v 4.738669 -4.004713 0.250492
v 4.684480 -3.903347 0.250306
v 4.611557 -3.814501 0.250112
v 4.522700 -3.741589 0.249918
v 4.421328 -3.687412 0.249731
v 4.311335 -3.654054 0.249559
v 4.196946 -3.642794 0.249408
v 4.082559 -3.654068 0.249283
v 3.972569 -3.687440 0.249190
v 3.871204 -3.741629 0.249133
v 3.782357 -3.814553 0.249113
v 3.709445 -3.903408 0.249131
v 3.655268 -4.004781 0.249186
v 3.621909 -4.114775 0.249277
v 3.610650 -4.229163 0.249400
v 3.621922 -4.343550 0.249550
v 3.655295 -4.453540 0.249721
v 3.709485 -4.554906 0.249907
v 3.782408 -4.643752 0.250101
v 3.871262 -4.716664 0.250295
v 3.972636 -4.770841 0.250482
v 4.082629 -4.804200 0.250654
v 4.197018 -4.815459 0.250805
v 4.311406 -4.804186 0.250930
v 4.421393 -4.770813 0.251022
v 4.522760 -4.716624 0.251080
v 4.611607 -4.643701 0.251100
v 4.684520 -4.554846 0.251082
v 4.738697 -4.453472 0.251027
v 4.772055 -4.343478 0.250936
v 4.783339 -4.229114 0.231074
v 4.772064 -4.114726 0.230924
v 4.738693 -4.004736 0.230753
v 4.684504 -3.903371 0.230567
v 4.611580 -3.814524 0.230373
v 4.522724 -3.741612 0.230179
v 4.421351 -3.687435 0.229992
v 4.311359 -3.654077 0.229820
v 4.196970 -3.642817 0.229669
v 4.082582 -3.654092 0.229544
v 3.972593 -3.687464 0.229451
v 3.871228 -3.741653 0.229394
v 3.782381 -3.814576 0.229374
v 3.709469 -3.903432 0.229392
v 3.655292 -4.004804 0.229447
v 3.621933 -4.114798 0.229538
v 3.610673 -4.229187 0.229661
v 3.621946 -4.343574 0.229811
v 3.655319 -4.453564 0.229982
v 3.709508 -4.554930 0.230168
v 3.782432 -4.643775 0.230362
v 3.871286 -4.716688 0.230556
v 3.972659 -4.770864 0.230743
v 4.082653 -4.804224 0.230915
v 4.197042 -4.815482 0.231066
v 4.311430 -4.804209 0.231191
v 4.421417 -4.770836 0.231284
v 4.522784 -4.716647 0.231341
v 4.611631 -4.643724 0.231361
v 4.684544 -4.554869 0.231343
v 4.738720 -4.453496 0.231288
v 4.772079 -4.343502 0.231197
v 4.940415 -4.229129 0.209730
v 4.926121 -4.084103 0.209540
v 4.883811 -3.944653 0.209323
v 4.815106 -3.816136 0.209087
v 4.722651 -3.703492 0.208841
v 4.609995 -3.611050 0.208595
v 4.481471 -3.542362 0.208359
v 4.342014 -3.500068 0.208140
v 4.196987 -3.485793 0.207948
v 4.051961 -3.500086 0.207791
v 3.912510 -3.542398 0.207673
v 3.783994 -3.611102 0.207600
v 3.671348 -3.703558 0.207575
v 3.578906 -3.816214 0.207597
v 3.510219 -3.944739 0.207668
v 3.467924 -4.084194 0.207783
v 3.453649 -4.229222 0.207939
v 3.467942 -4.374248 0.208129
v 3.510254 -4.513698 0.208346
v 3.578957 -4.642216 0.208582
v 3.671413 -4.754859 0.208828
v 3.784068 -4.847301 0.209074
v 3.912593 -4.915989 0.209310
v 4.052050 -4.958283 0.209529
v 4.197077 -4.972558 0.209721
v 4.342103 -4.958265 0.209878
v 4.481555 -4.915953 0.209996
v 4.610070 -4.847250 0.210069
v 4.722715 -4.754794 0.210094
v 4.815157 -4.642138 0.210072
v 4.883845 -4.513612 0.210001
v 4.926139 -4.374156 0.209886
v 4.940756 -4.229467 -0.073791
v 4.926462 -4.084441 -0.073982
v 4.884152 -3.944991 -0.074199
v 4.815448 -3.816474 -0.074435
v 4.722992 -3.703830 -0.074680
v 4.610336 -3.611388 -0.074926
v 4.481812 -3.542700 -0.075163
v 4.342356 -3.500406 -0.075381
v 4.197328 -3.486131 -0.075573
v 4.052302 -3.500424 -0.075731
v 3.912852 -3.542736 -0.075849
v 3.784335 -3.611440 -0.075922
v 3.671690 -3.703896 -0.075947
v 3.579248 -3.816552 -0.075924
v 3.510561 -3.945077 -0.075854
v 3.468266 -4.084532 -0.075738
v 3.453990 -4.229560 -0.075583
v 3.468283 -4.374586 -0.075393
v 3.510596 -4.514036 -0.075176
v 3.579298 -4.642554 -0.074940
v 3.671754 -4.755197 -0.074694
v 3.784410 -4.847639 -0.074448
v 3.912935 -4.916327 -0.074211
v 4.052391 -4.958622 -0.073993
v 4.197419 -4.972896 -0.073801
v 4.342444 -4.958603 -0.073643
v 4.481896 -4.916291 -0.073526
v 4.610412 -4.847588 -0.073453
v 4.723056 -4.755132 -0.073427
v 4.815498 -4.642477 -0.073450
v 4.884187 -4.513950 -0.073520
v 4.926480 -4.374495 -0.073636
v 4.805903 -4.223048 5.318203
v 4.794077 -4.103063 5.318047
v 4.759072 -3.987689 5.317866
v 4.702232 -3.881364 5.317671
v 4.625740 -3.788170 5.317469
v 4.532536 -3.711689 5.317266
v 4.426202 -3.654860 5.317070
v 4.310824 -3.619869 5.316888
v 4.190838 -3.608058 5.316730
v 4.070854 -3.619884 5.316599
v 3.955480 -3.654890 5.316502
v 3.849154 -3.711730 5.316442
v 3.755959 -3.788224 5.316421
v 3.679479 -3.881428 5.316440
v 3.622650 -3.987761 5.316497
v 3.587658 -4.103137 5.316593
v 3.575849 -4.223125 5.316721
v 3.587673 -4.343110 5.316878
v 3.622679 -4.458481 5.317059
v 3.679520 -4.564808 5.317255
v 3.756012 -4.658002 5.317458
v 3.849216 -4.734484 5.317660
v 3.955550 -4.791313 5.317856
v 4.070927 -4.826303 5.318038
v 4.190914 -4.838113 5.318195
v 4.310898 -4.826290 5.318326
v 4.426271 -4.791284 5.318423
v 4.532598 -4.734442 5.318483
v 4.625793 -4.657948 5.318505
v 4.702274 -4.564744 5.318487
v 4.759101 -4.458411 5.318429
v 4.794092 -4.343033 5.318333
v 4.805755 -4.222900 5.441413
v 4.793929 -4.102915 5.441257
v 4.758924 -3.987543 5.441076
v 4.702084 -3.881217 5.440881
v 4.625592 -3.788023 5.440679
v 4.532387 -3.711541 5.440475
v 4.426054 -3.654714 5.440279
v 4.310676 -3.619723 5.440098
v 4.190690 -3.607912 5.439939
v 4.070705 -3.619736 5.439809
v 3.955332 -3.654743 5.439713
v 3.849006 -3.711585 5.439651
v 3.755811 -3.788077 5.439631
v 3.679330 -3.881280 5.439650
v 3.622502 -3.987613 5.439707
v 3.587510 -4.102992 5.439803
v 3.575700 -4.222978 5.439931
v 3.587525 -4.342963 5.440088
v 3.622530 -4.458334 5.440269
v 3.679372 -4.564662 5.440464
v 3.755864 -4.657856 5.440668
v 3.849068 -4.734336 5.440870
v 3.955402 -4.791165 5.441066
v 4.070779 -4.826158 5.441247
v 4.190765 -4.837966 5.441405
v 4.310750 -4.826142 5.441536
v 4.426123 -4.791137 5.441634
v 4.532450 -4.734294 5.441693
v 4.625645 -4.657803 5.441715
v 4.702126 -4.564599 5.441697
v 4.758953 -4.458263 5.441638
v 4.793943 -4.342886 5.441543
v 4.730553 -4.222886 5.458436
v 4.720174 -4.117568 5.458296
v 4.689447 -4.016297 5.458138
v 4.639555 -3.922967 5.457967
v 4.572412 -3.841166 5.457789
v 4.490603 -3.774035 5.457611
v 4.397266 -3.724154 5.457438
v 4.295994 -3.693439 5.457281
v 4.190674 -3.683073 5.457140
v 4.085356 -3.693453 5.457026
v 3.984086 -3.724180 5.456942
v 3.890757 -3.774071 5.456889
v 3.808955 -3.841213 5.456870
v 3.741822 -3.923023 5.456886
v 3.691941 -4.016361 5.456937
v 3.661227 -4.117634 5.457020
v 3.650861 -4.222952 5.457134
v 3.661240 -4.328270 5.457273
v 3.691966 -4.429541 5.457429
v 3.741859 -4.522870 5.457602
v 3.809002 -4.604671 5.457779
v 3.890812 -4.671804 5.457959
v 3.984147 -4.721685 5.458129
v 4.085421 -4.752398 5.458289
v 4.190740 -4.762765 5.458427
v 4.296059 -4.752387 5.458542
v 4.397327 -4.721660 5.458628
v 4.490658 -4.671767 5.458682
v 4.572459 -4.604625 5.458700
v 4.639591 -4.522813 5.458683
v 4.689473 -4.429479 5.458632
v 4.720187 -4.328205 5.458549
v 4.730316 -4.222651 5.655229
v 4.719936 -4.117332 5.655090
v 4.689210 -4.016064 5.654932
v 4.639318 -3.922734 5.654761
v 4.572175 -3.840931 5.654583
v 4.490366 -3.773799 5.654405
v 4.397029 -3.723918 5.654233
v 4.295756 -3.693203 5.654074
v 4.190437 -3.682837 5.653934
v 4.085119 -3.693218 5.653821
v 3.983849 -3.723944 5.653735
v 3.890520 -3.773838 5.653681
v 3.808718 -3.840980 5.653664
v 3.741585 -3.922790 5.653679
v 3.691704 -4.016126 5.653730
v 3.660990 -4.117399 5.653814
v 3.650624 -4.222719 5.653927
v 3.661003 -4.328036 5.654066
v 3.691729 -4.429307 5.654223
v 3.741622 -4.522635 5.654395
v 3.808765 -4.604436 5.654572
v 3.890575 -4.671568 5.654751
v 3.983910 -4.721452 5.654923
v 4.085184 -4.752164 5.655083
v 4.190503 -4.762530 5.655221
v 4.295821 -4.752151 5.655335
v 4.397090 -4.721425 5.655421
v 4.490420 -4.671533 5.655475
v 4.572222 -4.604389 5.655492
v 4.639354 -4.522580 5.655477
v 4.689235 -4.429244 5.655426
v 4.719949 -4.327971 5.655342
v 4.784691 -4.222612 5.684384
v 4.773264 -4.106680 5.684234
v 4.739441 -3.995203 5.684060
v 4.684520 -3.892467 5.683870
v 4.610611 -3.802422 5.683674
v 4.520555 -3.728524 5.683477
v 4.417813 -3.673615 5.683289
v 4.306333 -3.639806 5.683115
v 4.190399 -3.628393 5.682961
v 4.074465 -3.639821 5.682835
v 3.962990 -3.673644 5.682741
v 3.860254 -3.728565 5.682683
v 3.770207 -3.802474 5.682662
v 3.696309 -3.892529 5.682681
v 3.641401 -3.995273 5.682736
v 3.607590 -4.106753 5.682828
v 3.596179 -4.222686 5.682952
v 3.607605 -4.338620 5.683105
v 3.641428 -4.450096 5.683279
v 3.696350 -4.552832 5.683466
v 3.770258 -4.642878 5.683663
v 3.860314 -4.716774 5.683860
v 3.963057 -4.771685 5.684050
v 4.074537 -4.805493 5.684225
v 4.190471 -4.816905 5.684378
v 4.306404 -4.805479 5.684504
v 4.417880 -4.771657 5.684597
v 4.520615 -4.716734 5.684656
v 4.610662 -4.642825 5.684677
v 4.684560 -4.552770 5.684658
v 4.739470 -4.450027 5.684601
v 4.773279 -4.338547 5.684509
v 4.784616 -4.222539 5.745989
v 4.773190 -4.106606 5.745839
v 4.739367 -3.995130 5.745665
v 4.684445 -3.892395 5.745475
v 4.610537 -3.802349 5.745279
v 4.520480 -3.728451 5.745082
v 4.417739 -3.673542 5.744894
v 4.306258 -3.639733 5.744720
v 4.190324 -3.628320 5.744565
v 4.074391 -3.639746 5.744440
v 3.962915 -3.673569 5.744346
v 3.860179 -3.728492 5.744287
v 3.770132 -3.802401 5.744267
v 3.696235 -3.892457 5.744286
v 3.641326 -3.995198 5.744341
v 3.607516 -4.106679 5.744433
v 3.596105 -4.222613 5.744557
v 3.607530 -4.338547 5.744709
v 3.641354 -4.450023 5.744884
v 3.696275 -4.552758 5.745071
v 3.770184 -4.642805 5.745268
v 3.860240 -4.716702 5.745465
v 3.962982 -4.771611 5.745655
v 4.074462 -4.805419 5.745830
v 4.190397 -4.816832 5.745983
v 4.306330 -4.805406 5.746109
v 4.417806 -4.771583 5.746202
v 4.520540 -4.716660 5.746261
v 4.610587 -4.642752 5.746282
v 4.684485 -4.552697 5.746263
v 4.739395 -4.449954 5.746206
v 4.773204 -4.338473 5.746114
v 4.839031 -4.222521 5.758033
v 4.826560 -4.095971 5.757867
v 4.789638 -3.974283 5.757679
v 4.729686 -3.862138 5.757473
v 4.649007 -3.763844 5.757257
v 4.550702 -3.683177 5.757043
v 4.438550 -3.623240 5.756836
v 4.316860 -3.586334 5.756647
v 4.190307 -3.573877 5.756478
v 4.063756 -3.586349 5.756341
v 3.942068 -3.623271 5.756238
v 3.829923 -3.683223 5.756176
v 3.731629 -3.763901 5.756153
v 3.650962 -3.862206 5.756173
v 3.591023 -3.974359 5.756235
v 3.554117 -4.096049 5.756334
v 3.541661 -4.222602 5.756471
v 3.554133 -4.349154 5.756637
v 3.591054 -4.470840 5.756825
v 3.651006 -4.582984 5.757031
v 3.731685 -4.681281 5.757246
v 3.829988 -4.761947 5.757461
v 3.942141 -4.821885 5.757668
v 4.063834 -4.858791 5.757857
v 4.190386 -4.871247 5.758026
v 4.316937 -4.858776 5.758162
v 4.438624 -4.821854 5.758265
v 4.550768 -4.761901 5.758329
v 4.649063 -4.681222 5.758351
v 4.729730 -4.582918 5.758331
v 4.789668 -4.470766 5.758270
v 4.826576 -4.349073 5.758170
v 4.838965 -4.222456 5.812793
v 4.826494 -4.095904 5.812627
v 4.789572 -3.974219 5.812438
v 4.729620 -3.862072 5.812232
v 4.648941 -3.763778 5.812017
v 4.550636 -3.683113 5.811803
v 4.438485 -3.623174 5.811596
v 4.316794 -3.586267 5.811407
v 4.190241 -3.573811 5.811238
v 4.063690 -3.586283 5.811100
v 3.942002 -3.623205 5.810998
v 3.829857 -3.683157 5.810935
v 3.731563 -3.763835 5.810913
v 3.650896 -3.862140 5.810933
v 3.590957 -3.974293 5.810995
v 3.554051 -4.095984 5.811094
v 3.541595 -4.222538 5.811231
v 3.554067 -4.349088 5.811397
v 3.590988 -4.470775 5.811585
v 3.650940 -4.582920 5.811791
v 3.731619 -4.681214 5.812006
v 3.829922 -4.761880 5.812221
v 3.942075 -4.821818 5.812428
v 4.063768 -4.858727 5.812617
v 4.190320 -4.871181 5.812786
v 4.316872 -4.858710 5.812922
v 4.438558 -4.821787 5.813025
v 4.550702 -4.761837 5.813089
v 4.648997 -4.681158 5.813111
v 4.729664 -4.582852 5.813091
v 4.789602 -4.470699 5.813030
v 4.826510 -4.349009 5.812930
v 4.877608 -4.222430 5.833375
v 4.864392 -4.088335 5.833200
v 4.825270 -3.959394 5.832998
v 4.761745 -3.840564 5.832780
v 4.676257 -3.736409 5.832553
v 4.572093 -3.650935 5.832325
v 4.453255 -3.587425 5.832108
v 4.324310 -3.548319 5.831904
v 4.190214 -3.535120 5.831728
v 4.056119 -3.548335 5.831583
v 3.927178 -3.587456 5.831473
v 3.808348 -3.650984 5.831406
v 3.704194 -3.736470 5.831382
v 3.618719 -3.840636 5.831403
v 3.555208 -3.959474 5.831469
v 3.516102 -4.088418 5.831574
v 3.502902 -4.222516 5.831718
v 3.516118 -4.356609 5.831894
v 3.555240 -4.485550 5.832096
v 3.618765 -4.604381 5.832314
v 3.704253 -4.708535 5.832541
v 3.808418 -4.794009 5.832767
v 3.927255 -4.857520 5.832986
v 4.056201 -4.896626 5.833189
v 4.190298 -4.909824 5.833366
v 4.324392 -4.896609 5.833512
v 4.453332 -4.857487 5.833622
v 4.572163 -4.793961 5.833688
v 4.676316 -4.708474 5.833713
v 4.761792 -4.604310 5.833691
v 4.825303 -4.485470 5.833625
v 4.864408 -4.356525 5.833519
v 4.877536 -4.222358 5.893269
v 4.864320 -4.088263 5.893094
v 4.825198 -3.959321 5.892892
v 4.761672 -3.840492 5.892673
v 4.676184 -3.736339 5.892447
v 4.572021 -3.650865 5.892220
v 4.453182 -3.587353 5.892001
v 4.324237 -3.548247 5.891798
v 4.190141 -3.535048 5.891622
v 4.056046 -3.548264 5.891476
v 3.927106 -3.587385 5.891366
v 3.808276 -3.650912 5.891299
v 3.704122 -3.736399 5.891275
v 3.618647 -3.840564 5.891296
v 3.555136 -3.959402 5.891362
v 3.516030 -4.088346 5.891469
v 3.502830 -4.222445 5.891613
v 3.516046 -4.356538 5.891788
v 3.555168 -4.485478 5.891990
v 3.618693 -4.604309 5.892208
v 3.704181 -4.708463 5.892435
v 3.808346 -4.793938 5.892662
v 3.927183 -4.857448 5.892880
v 4.056129 -4.896554 5.893083
v 4.190225 -4.909752 5.893260
v 4.324319 -4.896537 5.893405
v 4.453259 -4.857415 5.893515
v 4.572091 -4.793890 5.893581
v 4.676243 -4.708403 5.893606
v 4.761719 -4.604238 5.893584
v 4.825230 -4.485400 5.893519
v 4.864336 -4.356453 5.893413
v 4.833470 -4.222325 5.922307
v 4.821101 -4.096820 5.922143
v 4.784485 -3.976140 5.921955
v 4.725028 -3.864922 5.921751
v 4.645019 -3.767442 5.921537
v 4.547526 -3.687442 5.921324
v 4.436300 -3.627999 5.921120
v 4.315616 -3.591398 5.920930
v 4.190109 -3.579045 5.920764
v 4.064604 -3.591413 5.920629
v 3.943923 -3.628030 5.920527
v 3.832704 -3.687485 5.920464
v 3.735223 -3.767498 5.920442
v 3.655224 -3.864989 5.920462
v 3.595782 -3.976214 5.920521
v 3.559179 -4.096900 5.920621
v 3.546826 -4.222406 5.920756
v 3.559195 -4.347910 5.920920
v 3.595812 -4.468592 5.921108
v 3.655268 -4.579811 5.921312
v 3.735279 -4.677291 5.921525
v 3.832769 -4.757290 5.921739
v 3.943996 -4.816732 5.921944
v 4.064681 -4.853334 5.922132
v 4.190187 -4.865687 5.922298
v 4.315693 -4.853319 5.922434
v 4.436373 -4.816701 5.922536
v 4.547591 -4.757246 5.922599
v 4.645074 -4.677236 5.922621
v 4.725072 -4.579742 5.922603
v 4.784515 -4.468517 5.922542
v 4.821116 -4.347833 5.922441
v 4.833398 -4.222255 5.982201
v 4.821028 -4.096749 5.982037
v 4.784413 -3.976068 5.981848
v 4.724956 -3.864851 5.981645
v 4.644946 -3.767370 5.981431
v 4.547453 -3.687370 5.981218
v 4.436227 -3.627928 5.981013
v 4.315544 -3.591326 5.980824
v 4.190037 -3.578973 5.980659
v 4.064531 -3.591341 5.980523
v 3.943851 -3.627959 5.980421
v 3.832632 -3.687414 5.980358
v 3.735151 -3.767426 5.980336
v 3.655152 -3.864918 5.980355
v 3.595710 -3.976142 5.980415
v 3.559107 -4.096828 5.980515
v 3.546754 -4.222335 5.980650
v 3.559122 -4.347839 5.980814
v 3.595740 -4.468521 5.981002
v 3.655195 -4.579740 5.981206
v 3.735206 -4.677220 5.981420
v 3.832697 -4.757219 5.981633
v 3.943923 -4.816661 5.981837
v 4.064609 -4.853263 5.982027
v 4.190115 -4.865616 5.982193
v 4.315621 -4.853248 5.982328
v 4.436301 -4.816630 5.982430
v 4.547519 -4.757175 5.982493
v 4.645001 -4.677165 5.982515
v 4.724999 -4.579671 5.982496
v 4.784443 -4.468447 5.982436
v 4.821043 -4.347762 5.982336
v 4.868313 -4.222237 5.995933
v 4.855273 -4.089916 5.995759
v 4.816669 -3.962682 5.995562
v 4.753984 -3.845426 5.995347
v 4.669628 -3.742650 5.995121
v 4.566842 -3.658308 5.994897
v 4.449578 -3.595637 5.994681
v 4.322340 -3.557049 5.994483
v 4.190018 -3.544024 5.994308
v 4.057697 -3.557065 5.994164
v 3.930464 -3.595669 5.994055
v 3.813207 -3.658355 5.993989
v 3.710432 -3.742710 5.993967
v 3.626089 -3.845495 5.993988
v 3.563418 -3.962760 5.994051
v 3.524830 -4.089999 5.994156
v 3.511805 -4.222321 5.994298
v 3.524846 -4.354640 5.994473
v 3.563450 -4.481874 5.994669
v 3.626135 -4.599131 5.994885
v 3.710490 -4.701906 5.995110
v 3.813276 -4.786250 5.995334
v 3.930540 -4.848920 5.995550
v 4.057778 -4.887507 5.995749
v 4.190101 -4.900533 5.995924
v 4.322421 -4.887492 5.996068
v 4.449655 -4.848886 5.996175
v 4.566911 -4.786201 5.996243
v 4.669687 -4.701848 5.996264
v 4.754030 -4.599061 5.996244
v 4.816700 -4.481795 5.996181
v 4.855289 -4.354558 5.996075
v 4.868202 -4.222126 6.088339
v 4.855162 -4.089806 6.088167
v 4.816557 -3.962573 6.087968
v 4.753873 -3.845315 6.087753
v 4.669517 -3.742539 6.087530
v 4.566730 -3.658196 6.087305
v 4.449467 -3.595526 6.087089
v 4.322228 -3.556938 6.086889
v 4.189907 -3.543914 6.086714
v 4.057586 -3.556955 6.086570
v 3.930352 -3.595558 6.086462
v 3.813096 -3.658245 6.086397
v 3.710320 -3.742599 6.086373
v 3.625978 -3.845386 6.086394
v 3.563307 -3.962651 6.086459
v 3.524719 -4.089890 6.086564
v 3.511694 -4.222210 6.086706
v 3.524735 -4.354530 6.086879
v 3.563339 -4.481764 6.087078
v 3.626024 -4.599020 6.087293
v 3.710379 -4.701797 6.087516
v 3.813164 -4.786139 6.087740
v 3.930429 -4.848811 6.087956
v 4.057667 -4.887399 6.088157
v 4.189990 -4.900423 6.088332
v 4.322309 -4.887382 6.088476
v 4.449543 -4.848776 6.088583
v 4.566799 -4.786093 6.088649
v 4.669575 -4.701736 6.088673
v 4.753919 -4.598950 6.088652
v 4.816588 -4.481686 6.088587
v 4.855178 -4.354446 6.088481
vn -0.9952 -0.0981 -0.0011
vn -0.9569 -0.2903 -0.0008
vn -0.8819 -0.4714 -0.0005
vn -0.8819 -0.4715 -0.0005
vn -0.7730 -0.6344 -0.0002
vn -0.6343 -0.7731 0.0002
vn -0.4713 -0.8820 0.0005
vn -0.2902 -0.9570 0.0008
vn -0.0980 -0.9952 0.0011
vn 0.0981 -0.9952 0.0013
vn 0.2904 -0.9569 0.0015
vn 0.4714 -0.8819 0.0016
vn 0.4715 -0.8819 0.0016
vn 0.6344 -0.7730 0.0017
vn 0.7731 -0.6343 0.0017
vn 0.7730 -0.6343 0.0017
vn 0.8819 -0.4713 0.0016
vn 0.8820 -0.4713 0.0016
vn 0.9570 -0.2902 0.0015
vn 0.9952 -0.0980 0.0013
vn 0.9952 0.0981 0.0011
vn 0.9569 0.2903 0.0008
vn 0.8819 0.4714 0.0005
vn 0.7730 0.6344 0.0002
vn 0.7730 0.6345 0.0002
vn 0.6344 0.7730 -0.0002
vn 0.4713 0.8819 -0.0005
vn 0.2902 0.9570 -0.0008
vn 0.0980 0.9952 -0.0011
vn -0.0981 0.9952 -0.0013
vn -0.2903 0.9569 -0.0015
vn -0.4714 0.8819 -0.0016
vn -0.6344 0.7730 -0.0017
vn -0.7730 0.6343 -0.0017
vn -0.8820 0.4713 -0.0016
vn -0.5646 0.3013 -0.7684
vn -0.9570 0.2902 -0.0015
vn -0.9952 0.0979 -0.0013
vn -0.0729 -0.7314 0.6781
vn 0.6343 0.7730 -0.0002
vn 0.7314 0.0730 0.6781
vn -0.2144 0.7048 0.6762
vn -0.5695 -0.4660 0.6771
vn -0.5695 -0.4660 0.6772
vn 0.5679 -0.4659 0.6785
vn 0.3460 0.6497 0.6769
vn -0.7049 0.2143 0.6762
vn -0.7049 0.2143 0.6761
vn 0.0714 -0.7314 0.6782
vn 0.7032 0.2144 0.6779
vn -0.3477 0.6496 0.6761
vn -0.4675 -0.5680 0.6774
vn 0.6481 -0.3460 0.6785
vn 0.6480 -0.3460 0.6785
vn 0.2127 0.7049 0.6767
vn -0.7330 -0.0713 0.6765
vn -0.7330 -0.0714 0.6765
vn -0.7330 0.0729 0.6763
vn 0.2128 -0.7032 0.6784
vn 0.6480 0.3477 0.6777
vn -0.4676 0.5695 0.6760
vn -0.3476 -0.6481 0.6776
vn -0.3476 -0.6481 0.6777
vn 0.7032 -0.2127 0.6784
vn 0.0712 0.7330 0.6765
vn 0.0713 0.7330 0.6765
vn -0.7048 -0.2128 0.6767
vn 0.3460 -0.6480 0.6785
vn 0.5679 0.4676 0.6774
vn -0.5696 0.4675 0.6760
vn -0.2143 -0.7032 0.6779
vn -0.2144 -0.7032 0.6779
vn -0.2144 -0.7033 0.6778
vn 0.7314 -0.0713 0.6783
vn 0.7314 -0.0713 0.6782
vn -0.0730 0.7330 0.6763
vn -0.6496 -0.3460 0.6769
vn -0.6496 -0.3461 0.6769
vn 0.4660 -0.5679 0.6785
vn 0.4659 0.5696 0.6772
vn -0.6497 0.3476 0.6761
vn 0.0499 0.5188 0.8534
vn 0.2903 -0.9569 0.0015
vn 0.0979 0.9952 -0.0011
vn -0.2904 0.9569 -0.0015
vn 0.7730 -0.6344 0.0017
vn -0.4715 0.8819 -0.0016
vn 0.8819 -0.4713 0.0017
vn -0.7730 0.6344 -0.0017
vn 0.9952 -0.0979 0.0013
vn -0.7730 -0.6345 -0.0002
vn -0.7730 -0.6344 -0.0001
vn -0.6343 -0.7730 0.0002
vn -0.9952 0.0980 -0.0013
vn 0.8819 0.4715 0.0005
vn -0.4713 -0.8819 0.0005
vn -0.4714 -0.8819 0.0005
vn 0.2443 -0.4578 0.8548
vn -0.0521 0.5188 0.8533
vn 0.3291 -0.4012 0.8549
vn -0.1521 0.4989 0.8532
vn 0.4012 -0.3290 0.8549
vn -0.2463 0.4599 0.8531
vn -0.2463 0.4598 0.8532
vn 0.4578 -0.2442 0.8548
vn -0.5188 -0.0500 0.8534
vn -0.3311 0.4032 0.8531
vn 0.4969 -0.1500 0.8548
vn -0.4989 -0.1500 0.8536
vn -0.4032 0.3311 0.8531
vn -0.4033 0.3311 0.8531
vn 0.5168 -0.0499 0.8547
vn -0.4599 -0.2443 0.8537
vn -0.4599 0.2463 0.8531
vn -0.4599 0.2462 0.8531
vn 0.5168 0.0520 0.8545
vn -0.4032 -0.3291 0.8539
vn -0.4989 0.1520 0.8532
vn 0.4969 0.1521 0.8544
vn -0.3311 -0.4012 0.8541
vn -0.5188 0.0520 0.8533
vn 0.4578 0.2463 0.8542
vn -0.2463 -0.4579 0.8542
vn 0.4011 0.3311 0.8541
vn -0.1520 -0.4969 0.8544
vn 0.3290 0.4032 0.8539
vn -0.0520 -0.5168 0.8545
vn 0.2442 0.4599 0.8537
vn 0.0500 -0.5168 0.8547
vn 0.1500 0.4989 0.8536
vn 0.1500 -0.4969 0.8548
vn -0.2897 -0.1566 -0.9442
vn -0.7731 0.6343 -0.0017
vn -0.8819 0.4714 -0.0016
vn -0.6343 -0.7731 0.0001
vn 0.4714 0.8819 -0.0005
vn -0.2898 0.1543 -0.9446
vn 0.3294 0.0312 -0.9437
vn -0.2538 -0.2104 -0.9441
vn -0.3145 0.0946 -0.9445
vn 0.3167 0.0946 -0.9438
vn -0.2081 -0.2561 -0.9440
vn -0.3271 0.0312 -0.9445
vn 0.2920 0.1544 -0.9439
vn -0.1543 -0.2920 -0.9439
vn 0.2561 0.2081 -0.9440
vn -0.0946 -0.3168 -0.9438
vn 0.2104 0.2539 -0.9441
vn -0.0312 -0.3294 -0.9437
vn 0.1566 0.2898 -0.9442
vn 0.0335 -0.3294 -0.9436
vn 0.0335 -0.3293 -0.9436
vn 0.0969 0.3145 -0.9443
vn 0.0969 -0.3167 -0.9436
vn 0.0335 0.3271 -0.9444
vn 0.1566 -0.2920 -0.9435
vn -0.0312 0.3271 -0.9445
vn 0.2104 -0.2561 -0.9435
vn -0.0946 0.3145 -0.9445
vn 0.2561 -0.2104 -0.9435
vn -0.1544 0.2897 -0.9446
vn 0.2920 -0.1566 -0.9435
vn -0.3271 -0.0335 -0.9444
vn -0.2081 0.2538 -0.9446
vn 0.3167 -0.0968 -0.9436
vn 0.3168 -0.0969 -0.9435
vn -0.3145 -0.0969 -0.9443
vn -0.2538 0.2081 -0.9446
vn 0.3294 -0.0334 -0.9436
vn 0.0255 -0.2689 0.9628
vn 0.4713 0.8820 -0.0005
vn 0.0776 0.2608 0.9623
vn 0.0776 0.2609 0.9623
vn 0.0776 -0.2585 0.9629
vn 0.0254 0.2712 0.9622
vn 0.1268 -0.2382 0.9629
vn -0.0278 0.2712 0.9621
vn 0.1710 -0.2086 0.9629
vn -0.0800 0.2608 0.9621
vn 0.2086 -0.1710 0.9629
vn -0.1291 0.2405 0.9620
vn 0.2382 -0.1268 0.9629
vn -0.2712 -0.0255 0.9622
vn -0.1733 0.2109 0.9620
vn 0.2585 -0.0776 0.9629
vn -0.2608 -0.0776 0.9623
vn -0.2109 0.1733 0.9620
vn 0.2689 -0.0254 0.9628
vn -0.2405 -0.1268 0.9623
vn -0.2405 0.1291 0.9620
vn 0.2689 0.0278 0.9628
vn -0.2109 -0.1710 0.9624
vn -0.2609 0.0799 0.9621
vn 0.2585 0.0799 0.9627
vn -0.1733 -0.2086 0.9625
vn -0.2712 0.0277 0.9621
vn 0.2382 0.1291 0.9626
vn -0.1291 -0.2382 0.9626
vn 0.2086 0.1733 0.9625
vn -0.0799 -0.2586 0.9627
vn 0.1710 0.2109 0.9624
vn -0.0277 -0.2689 0.9628
vn 0.1268 0.2405 0.9623
vn 0.3941 -0.1203 -0.9112
vn -0.3919 -0.1203 -0.9121
vn -0.3164 0.2594 -0.9125
vn 0.4098 -0.0413 -0.9112
vn -0.3611 -0.1947 -0.9120
vn -0.3611 0.1925 -0.9125
vn 0.4098 0.0392 -0.9113
vn -0.3163 -0.2616 -0.9119
vn -0.3919 0.1181 -0.9124
vn 0.3941 0.1182 -0.9114
vn 0.3941 0.1182 -0.9115
vn -0.2594 -0.3186 -0.9117
vn -0.2594 -0.3185 -0.9117
vn -0.4076 0.0391 -0.9123
vn 0.3633 0.1925 -0.9116
vn -0.1925 -0.3633 -0.9116
vn 0.3185 0.2595 -0.9117
vn -0.1181 -0.3941 -0.9115
vn 0.2616 0.3164 -0.9118
vn -0.0391 -0.4098 -0.9113
vn 0.1947 0.3611 -0.9120
vn 0.0414 -0.4098 -0.9112
vn 0.1203 0.3919 -0.9121
vn 0.1203 -0.3941 -0.9112
vn 0.0413 0.4076 -0.9122
vn 0.1947 -0.3633 -0.9111
vn -0.0392 0.4076 -0.9123
vn 0.2616 -0.3185 -0.9111
vn -0.1181 0.3919 -0.9124
vn 0.3186 -0.2616 -0.9111
vn -0.1925 0.3611 -0.9124
vn -0.1925 0.3611 -0.9125
vn 0.3633 -0.1947 -0.9111
vn -0.4076 -0.0414 -0.9122
vn -0.2594 0.3163 -0.9125
vn -0.2595 0.3164 -0.9125
vn 0.0854 0.1067 0.9906
vn 0.2902 0.9570 -0.0007
vn 0.0980 0.9952 -0.0010
vn -0.8818 -0.4716 -0.0008
vn -0.0146 -0.1346 0.9908
vn -0.0146 -0.1347 0.9908
vn 0.0631 0.1216 0.9906
vn 0.0122 -0.1346 0.9908
vn 0.0384 0.1318 0.9905
vn 0.0384 -0.1294 0.9908
vn 0.0122 0.1370 0.9905
vn 0.0632 -0.1192 0.9909
vn 0.0631 -0.1192 0.9909
vn -0.0146 0.1370 0.9905
vn 0.0854 -0.1043 0.9909
vn -0.0408 0.1318 0.9904
vn 0.1043 -0.0854 0.9909
vn -0.0655 0.1215 0.9904
vn 0.1192 -0.0631 0.9909
vn -0.1370 -0.0122 0.9905
vn -0.0878 0.1067 0.9904
vn 0.1294 -0.0384 0.9908
vn -0.1318 -0.0384 0.9905
vn -0.1067 0.0878 0.9904
vn 0.1346 -0.0122 0.9908
vn -0.1216 -0.0632 0.9906
vn -0.1216 0.0655 0.9904
vn 0.1346 0.0146 0.9908
vn -0.1067 -0.0854 0.9906
vn -0.1318 0.0408 0.9904
vn 0.1294 0.0408 0.9908
vn -0.0878 -0.1043 0.9907
vn -0.1370 0.0145 0.9905
vn 0.1192 0.0655 0.9907
vn -0.0655 -0.1192 0.9907
vn 0.1043 0.0878 0.9907
vn -0.0408 -0.1294 0.9907
vn 0.0012 -0.0012 -1.0000
vn -0.8819 0.4713 -0.0016
vn 0.9569 0.2904 0.0008
vn 0.6343 0.7731 -0.0002
vn -0.0619 -0.6391 -0.7666
vn 0.6391 0.0620 -0.7666
vn -0.1853 0.6127 -0.7683
vn -0.4948 -0.4078 -0.7674
vn 0.4967 -0.4077 -0.7662
vn 0.3032 0.5646 -0.7676
vn -0.6128 0.1852 -0.7683
vn 0.0638 -0.6391 -0.7665
vn 0.6146 0.1853 -0.7668
vn -0.3014 0.5646 -0.7684
vn -0.4059 -0.4966 -0.7672
vn 0.5665 -0.3032 -0.7663
vn 0.1870 0.6128 -0.7678
vn -0.6373 -0.0638 -0.7680
vn -0.6373 0.0619 -0.7682
vn 0.1871 -0.6146 -0.7664
vn 0.5665 0.3014 -0.7670
vn -0.4059 0.4948 -0.7684
vn -0.3013 -0.5665 -0.7670
vn 0.6146 -0.1870 -0.7664
vn 0.0637 0.6373 -0.7680
vn -0.6127 -0.1871 -0.7678
vn 0.3033 -0.5664 -0.7663
vn 0.4966 0.4059 -0.7672
vn -0.4948 0.4059 -0.7684
vn -0.1852 -0.6146 -0.7668
vn 0.6391 -0.0637 -0.7665
vn -0.0620 0.6373 -0.7682
vn -0.0620 0.6373 -0.7681
vn -0.5646 -0.3032 -0.7676
vn 0.4078 -0.4966 -0.7662
vn 0.4077 0.4948 -0.7674
vn 0.1712 0.1426 0.9749
vn -0.6345 0.7730 -0.0017
vn -0.0659 -0.2122 0.9750
vn 0.1403 0.1735 0.9748
vn -0.0230 -0.2207 0.9751
vn 0.1039 0.1978 0.9747
vn 0.0207 -0.2207 0.9751
vn 0.0635 0.2145 0.9747
vn 0.0636 -0.2122 0.9752
vn 0.0207 0.2230 0.9746
vn 0.1039 -0.1955 0.9752
vn -0.0230 0.2231 0.9745
vn -0.0230 0.2230 0.9745
vn 0.1403 -0.1712 0.9752
vn -0.0659 0.2145 0.9745
vn 0.1712 -0.1403 0.9752
vn -0.1063 0.1978 0.9745
vn 0.1955 -0.1039 0.9752
vn -0.2231 -0.0207 0.9746
vn -0.2230 -0.0207 0.9746
vn -0.1426 0.1735 0.9745
vn 0.2122 -0.0635 0.9752
vn -0.2145 -0.0636 0.9746
vn -0.1735 0.1426 0.9745
vn 0.2207 -0.0207 0.9751
vn -0.1978 -0.1039 0.9747
vn -0.1978 0.1063 0.9745
vn -0.1978 0.1062 0.9745
vn 0.2207 0.0230 0.9751
vn -0.1735 -0.1403 0.9748
vn -0.2145 0.0659 0.9745
vn 0.2122 0.0659 0.9750
vn -0.1426 -0.1712 0.9749
vn -0.2230 0.0230 0.9745
vn 0.1954 0.1063 0.9749
vn -0.1063 -0.1955 0.9749
vn -0.1363 0.4518 -0.8816
vn -0.1364 0.4518 -0.8816
vn -0.6344 -0.7730 0.0002
vn 0.3669 -0.3013 -0.8801
vn -0.2221 0.4163 -0.8817
vn -0.2220 0.4163 -0.8817
vn 0.4185 -0.2241 -0.8801
vn -0.4699 -0.0475 -0.8814
vn -0.2992 0.3648 -0.8817
vn 0.4540 -0.1384 -0.8802
vn -0.4518 -0.1385 -0.8813
vn -0.3648 0.2992 -0.8817
vn 0.4721 -0.0474 -0.8803
vn 0.4720 -0.0474 -0.8803
vn -0.4163 -0.2242 -0.8812
vn -0.4163 -0.2242 -0.8811
vn -0.4163 0.2220 -0.8817
vn 0.4721 0.0454 -0.8804
vn -0.3648 -0.3013 -0.8810
vn -0.4519 0.1363 -0.8816
vn -0.4518 0.1363 -0.8816
vn 0.4539 0.1364 -0.8805
vn -0.2992 -0.3669 -0.8808
vn -0.4699 0.0453 -0.8815
vn 0.4184 0.2221 -0.8807
vn 0.4185 0.2221 -0.8807
vn -0.2220 -0.4184 -0.8807
vn -0.2220 -0.4185 -0.8807
vn 0.3669 0.2992 -0.8808
vn -0.1363 -0.4539 -0.8805
vn -0.1363 -0.4540 -0.8805
vn 0.3013 0.3648 -0.8810
vn -0.0453 -0.4720 -0.8804
vn -0.0453 -0.4721 -0.8804
vn 0.2241 0.4164 -0.8811
vn 0.0475 -0.4720 -0.8803
vn 0.1384 0.4519 -0.8813
vn 0.1384 0.4518 -0.8813
vn 0.1385 -0.4539 -0.8802
vn 0.0474 0.4700 -0.8814
vn 0.0474 0.4699 -0.8814
vn 0.2242 -0.4184 -0.8801
vn -0.0454 0.4699 -0.8815
vn 0.3013 -0.3669 -0.8801
vn -0.1358 -0.1681 -0.9764
vn -0.2137 0.0200 -0.9767
vn 0.1916 0.1006 -0.9763
vn -0.1006 -0.1916 -0.9763
vn 0.1681 0.1358 -0.9764
vn -0.0615 -0.2078 -0.9762
vn 0.1381 0.1658 -0.9764
vn 0.1381 0.1657 -0.9764
vn -0.0200 -0.2160 -0.9762
vn 0.1029 0.1893 -0.9765
vn 0.1029 0.1892 -0.9765
vn 0.0224 -0.2160 -0.9761
vn 0.0224 -0.2161 -0.9761
vn 0.0638 0.2054 -0.9766
vn 0.0639 -0.2078 -0.9761
vn 0.0223 0.2137 -0.9766
vn 0.1030 -0.1916 -0.9761
vn -0.0200 0.2137 -0.9767
vn 0.1382 -0.1681 -0.9760
vn -0.0615 0.2055 -0.9767
vn 0.1681 -0.1381 -0.9760
vn -0.1006 0.1893 -0.9768
vn 0.1916 -0.1029 -0.9761
vn -0.2137 -0.0223 -0.9766
vn -0.1358 0.1657 -0.9768
vn 0.2078 -0.0638 -0.9761
vn -0.2054 -0.0639 -0.9766
vn -0.1657 0.1358 -0.9768
vn 0.2160 -0.0223 -0.9761
vn -0.1892 -0.1030 -0.9765
vn -0.1892 -0.1029 -0.9765
vn -0.1892 0.1006 -0.9768
vn 0.2161 0.0200 -0.9762
vn 0.2160 0.0200 -0.9762
vn -0.1657 -0.1382 -0.9764
vn -0.1657 -0.1381 -0.9764
vn -0.2054 0.0615 -0.9767
vn 0.2078 0.0615 -0.9762
vn 0.2230 -0.4163 -0.8815
vn 0.2230 -0.4162 -0.8815
vn -0.9569 -0.2904 -0.0008
vn 0.6343 0.7730 -0.0001
vn 0.6343 0.7731 -0.0001
vn 0.6344 0.7730 -0.0001
vn -0.0451 0.4675 -0.8828
vn -0.0451 0.4675 -0.8829
vn 0.2998 -0.3650 -0.8814
vn -0.1356 0.4494 -0.8830
vn -0.1356 0.4495 -0.8829
vn 0.3650 -0.2997 -0.8814
vn -0.2209 0.4141 -0.8830
vn 0.4163 -0.2230 -0.8815
vn -0.4675 -0.0472 -0.8827
vn -0.4675 -0.0472 -0.8828
vn -0.2976 0.3628 -0.8830
vn 0.4516 -0.1377 -0.8815
vn -0.4494 -0.1377 -0.8826
vn -0.4495 -0.1377 -0.8826
vn -0.3629 0.2976 -0.8830
vn 0.4696 -0.0472 -0.8816
vn -0.4141 -0.2230 -0.8825
vn -0.4141 0.2208 -0.8830
vn -0.4142 0.2209 -0.8830
vn 0.4696 0.0451 -0.8817
vn -0.3629 -0.2997 -0.8823
vn -0.3629 -0.2998 -0.8823
vn -0.4495 0.1356 -0.8829
vn -0.4495 0.1356 -0.8830
vn 0.4516 0.1356 -0.8819
vn -0.2976 -0.3650 -0.8822
vn -0.4675 0.0451 -0.8829
vn -0.4675 0.0451 -0.8828
vn 0.4162 0.2209 -0.8820
vn -0.2208 -0.4163 -0.8820
vn 0.3650 0.2976 -0.8822
vn -0.1356 -0.4516 -0.8819
vn 0.2997 0.3629 -0.8823
vn -0.0451 -0.4696 -0.8817
vn 0.2230 0.4142 -0.8825
vn 0.0472 -0.4696 -0.8816
vn 0.1377 0.4495 -0.8826
vn 0.1378 -0.4516 -0.8815
vn 0.0472 0.4675 -0.8827
vn 0.5494 0.0552 0.8337
vn -0.4285 -0.3499 0.8330
vn -0.4286 -0.3499 0.8330
vn -0.5303 0.1615 0.8323
vn 0.5283 0.1616 0.8336
vn -0.3519 -0.4266 0.8332
vn -0.3518 -0.4266 0.8332
vn -0.5514 0.0552 0.8324
vn 0.4868 0.2617 0.8334
vn 0.4868 0.2618 0.8334
vn -0.2617 -0.4868 0.8334
vn 0.4265 0.3519 0.8332
vn -0.1615 -0.5283 0.8336
vn -0.1615 -0.5283 0.8335
vn 0.3499 0.4286 0.8330
vn 0.3498 0.4286 0.8330
vn -0.0552 -0.5494 0.8337
vn 0.2597 0.4888 0.8328
vn 0.2597 0.4888 0.8329
vn 0.0532 -0.5494 0.8338
vn 0.1595 0.5303 0.8327
vn 0.1596 -0.5283 0.8339
vn 0.0532 0.5514 0.8325
vn 0.2598 -0.4868 0.8340
vn -0.0552 0.5514 0.8324
vn 0.3499 -0.4265 0.8340
vn 0.3499 -0.4266 0.8340
vn -0.1616 0.5303 0.8323
vn 0.4266 -0.3499 0.8340
vn -0.2618 0.4888 0.8322
vn 0.4868 -0.2597 0.8340
vn -0.5514 -0.0533 0.8325
vn -0.3519 0.4285 0.8322
vn 0.5283 -0.1595 0.8339
vn 0.5283 -0.1595 0.8340
vn -0.5303 -0.1596 0.8327
vn -0.4286 0.3518 0.8322
vn -0.4286 0.3519 0.8322
vn 0.5494 -0.0532 0.8338
vn -0.4888 -0.2598 0.8328
vn -0.4888 0.2617 0.8322
vn 0.1075 0.3495 -0.9308
vn 0.1074 0.3495 -0.9307
vn 0.1075 -0.3517 -0.9299
vn 0.1075 -0.3518 -0.9299
vn 0.0370 0.3635 -0.9308
vn 0.0370 0.3635 -0.9309
vn 0.1739 -0.3242 -0.9299
vn 0.1738 -0.3242 -0.9299
vn -0.0348 0.3635 -0.9309
vn 0.2336 -0.2843 -0.9298
vn -0.1053 0.3495 -0.9310
vn 0.2844 -0.2335 -0.9298
vn -0.1716 0.3220 -0.9310
vn 0.3243 -0.1738 -0.9299
vn -0.3635 -0.0370 -0.9308
vn -0.2314 0.2821 -0.9311
vn 0.3518 -0.1074 -0.9299
vn 0.3518 -0.1075 -0.9299
vn -0.3495 -0.1075 -0.9307
vn -0.2821 0.2313 -0.9311
vn 0.3658 -0.0370 -0.9300
vn -0.3220 -0.1739 -0.9306
vn -0.3220 -0.1738 -0.9306
vn -0.3220 0.1716 -0.9310
vn 0.3658 0.0348 -0.9301
vn 0.3658 0.0348 -0.9300
vn -0.2821 -0.2336 -0.9305
vn -0.3495 0.1052 -0.9310
vn 0.3517 0.1053 -0.9302
vn 0.3518 0.1053 -0.9302
vn -0.2313 -0.2844 -0.9304
vn -0.2313 -0.2843 -0.9304
vn -0.3635 0.0348 -0.9309
vn 0.3243 0.1717 -0.9303
vn 0.3242 0.1716 -0.9303
vn -0.1716 -0.3243 -0.9303
vn 0.2843 0.2314 -0.9304
vn 0.2844 0.2314 -0.9304
vn -0.1052 -0.3517 -0.9302
vn 0.2336 0.2821 -0.9305
vn -0.0348 -0.3658 -0.9301
vn -0.0348 -0.3657 -0.9301
vn 0.1738 0.3220 -0.9306
vn 0.0371 -0.3657 -0.9300
vn -0.0012 0.0012 1.0000
vn 0.8819 -0.4714 0.0016
vn 0.6345 -0.7730 0.0017
vn -0.4676 0.5695 0.6761
vn 0.2127 0.7048 0.6767
vn -0.4675 -0.5679 0.6774
vn 0.0713 -0.7314 0.6782
vn 0.0713 -0.7313 0.6783
vn 0.3459 0.6497 0.6769
vn 0.7313 0.0730 0.6781
vn -0.0979 -0.9952 0.0011
vn -0.6343 -0.7730 0.0001
vn -0.2463 -0.4578 0.8542
vn 0.4578 0.2463 0.8543
vn 0.5168 0.0520 0.8546
vn 0.4579 -0.2442 0.8548
vn 0.4012 -0.3291 0.8548
vn 0.3291 -0.4011 0.8549
vn -0.2897 0.1543 -0.9446
vn 0.3168 -0.0968 -0.9435
vn 0.2921 -0.1566 -0.9435
vn 0.0334 0.3271 -0.9444
vn 0.0969 -0.3168 -0.9435
vn 0.0969 -0.3167 -0.9435
vn 0.2103 0.2538 -0.9441
vn 0.2104 0.2538 -0.9441
vn -0.0946 -0.3167 -0.9438
vn 0.3168 0.0946 -0.9438
vn 0.1267 0.2405 0.9623
vn 0.3941 0.1181 -0.9115
vn -0.3164 -0.2616 -0.9118
vn -0.3164 -0.2617 -0.9118
vn -0.3611 0.1925 -0.9124
vn 0.3633 -0.1946 -0.9111
vn 0.2617 -0.3185 -0.9111
vn 0.2616 0.3164 -0.9119
vn 0.3185 0.2594 -0.9117
vn -0.9952 -0.0981 -0.0010
vn -0.0980 -0.9952 0.0010
vn 0.7730 0.6344 0.0001
vn -0.9952 0.0980 -0.0014
vn -0.7731 -0.6343 0.0002
vn -0.8820 0.4713 -0.0017
vn -0.7731 0.6343 -0.0016
vn -0.7730 0.6343 -0.0018
vn -0.9569 -0.2903 -0.0007
vn -0.1370 0.0146 0.9905
vn 0.1871 -0.6145 -0.7664
vn -0.6372 -0.0638 -0.7680
vn 0.1870 0.6127 -0.7678
vn -0.4059 -0.4967 -0.7672
vn -0.6127 0.1852 -0.7683
vn 0.0635 0.2145 0.9746
vn -0.2231 0.0230 0.9745
vn -0.1426 0.1735 0.9744
vn 0.4540 0.1364 -0.8805
vn -0.1364 0.4519 -0.8816
vn -0.0454 0.4700 -0.8815
vn 0.1385 -0.4540 -0.8802
vn 0.0475 -0.4721 -0.8803
vn -0.1006 0.1892 -0.9768
vn -0.0615 0.2054 -0.9767
vn 0.0638 0.2055 -0.9766
vn 0.0223 -0.2160 -0.9761
vn 0.1030 0.1893 -0.9765
vn -0.0200 -0.2161 -0.9762
vn -0.1657 -0.1381 -0.9765
vn -0.1893 0.1006 -0.9768
vn 0.2230 0.4141 -0.8825
vn 0.3650 0.2977 -0.8822
vn 0.4163 0.2209 -0.8820
vn -0.3628 -0.2997 -0.8823
vn -0.4142 0.2208 -0.8830
vn -0.2976 0.3629 -0.8830
vn -0.4674 -0.0472 -0.8828
vn 0.4163 -0.2229 -0.8815
vn 0.3650 -0.2997 -0.8815
vn 0.2997 -0.3650 -0.8815
vn 0.1377 -0.4516 -0.8815
vn 0.5495 -0.0532 0.8338
vn -0.5514 -0.0532 0.8325
vn 0.3499 -0.4265 0.8341
vn -0.0553 0.5514 0.8324
vn 0.2597 -0.4868 0.8340
vn 0.0532 -0.5495 0.8338
vn -0.0552 -0.5495 0.8337
vn 0.1075 0.3495 -0.9307
vn 0.1738 0.3221 -0.9306
vn 0.2336 0.2822 -0.9305
vn 0.2335 0.2821 -0.9305
vn -0.1052 -0.3518 -0.9302
vn -0.1716 -0.3242 -0.9303
vn 0.3243 0.1716 -0.9303
vn -0.3220 0.1716 -0.9311
vn -0.3495 -0.1075 -0.9308
vn 0.3517 -0.1075 -0.9299
vn -0.2313 0.2821 -0.9311
vn -0.3635 -0.0370 -0.9309
vn -0.0348 0.3636 -0.9309
vn 0.0370 0.3636 -0.9308
vn -0.6497 -0.3461 0.6769
vn 0.4659 0.5696 0.6771
vn -0.7049 -0.2128 0.6767
vn 0.6480 0.3476 0.6777
vn -0.4989 -0.1501 0.8536
vn 0.5168 0.0521 0.8546
vn -0.2463 0.4598 0.8531
vn 0.1566 0.2897 -0.9442
vn 0.3168 -0.0968 -0.9436
vn -0.0799 0.2608 0.9621
vn -0.0799 -0.2585 0.9627
vn 0.3186 0.2595 -0.9117
vn -0.2595 0.3163 -0.9125
vn 0.9952 0.0981 0.0010
vn -0.7730 0.6344 -0.0016
vn 0.2903 -0.9569 0.0014
vn -0.6344 0.7730 -0.0016
vn -0.6345 0.7730 -0.0016
vn 0.0979 0.9952 -0.0010
vn 0.4713 0.8820 -0.0004
vn 0.9952 -0.0980 0.0014
vn 0.8820 -0.4713 0.0017
vn 0.3032 0.5647 -0.7676
vn -0.5647 0.3013 -0.7684
vn 0.3032 -0.5664 -0.7663
vn 0.6146 -0.1870 -0.7663
vn -0.1978 -0.1040 0.9747
vn 0.1402 0.1735 0.9748
vn 0.1711 0.1426 0.9749
vn 0.2242 0.4164 -0.8811
vn 0.2242 -0.4184 -0.8802
vn 0.2161 -0.0223 -0.9761
vn 0.1916 -0.1030 -0.9761
vn 0.1681 -0.1382 -0.9760
vn -0.2055 0.0615 -0.9767
vn -0.3628 -0.2998 -0.8823
vn 0.4516 0.1357 -0.8819
vn 0.2997 -0.3649 -0.8815
vn 0.2998 -0.3649 -0.8815
vn 0.1378 -0.4515 -0.8815
vn -0.2209 0.4142 -0.8830
vn -0.0451 -0.4696 -0.8818
vn -0.5515 0.0552 0.8324
vn 0.0532 0.5515 0.8325
vn 0.5494 -0.0532 0.8339
vn -0.3635 -0.0371 -0.9308
vn 0.0371 -0.3658 -0.9300
vn -0.1716 0.3221 -0.9310
vn 0.5665 -0.3031 -0.7663
vn 0.7033 -0.2127 0.6784
vn 0.6480 0.3477 0.6776
vn 0.4968 0.1521 0.8544
vn 0.5167 -0.0500 0.8547
vn 0.5168 -0.0500 0.8547
vn -0.2110 0.1733 0.9620
vn -0.2609 -0.0776 0.9623
vn -0.2609 -0.0776 0.9622
vn -0.2594 0.3164 -0.9125
vn 0.4713 0.8819 -0.0004
vn -0.4715 0.8819 -0.0017
vn -0.8819 0.4713 -0.0017
vn 0.6344 -0.7730 0.0016
vn 0.9569 0.2903 0.0009
vn 0.7730 -0.6343 0.0016
vn 0.8819 0.4714 0.0006
vn 0.9570 -0.2902 0.0016
vn 0.1192 -0.0632 0.9909
vn 0.1040 -0.1955 0.9752
vn -0.4164 0.2220 -0.8817
vn 0.4185 -0.2241 -0.8802
vn 0.2998 -0.3650 -0.8815
vn -0.0450 -0.4696 -0.8817
vn -0.5302 -0.1596 0.8327
vn -0.4888 -0.2598 0.8329
vn -0.1616 0.5302 0.8323
vn 0.0533 -0.5494 0.8338
vn -0.0348 -0.3658 -0.9300
vn -0.1716 0.3220 -0.9311
vn 0.1739 -0.3243 -0.9298
vn 0.2336 -0.2844 -0.9298
vn -0.3636 -0.0370 -0.9308
vn 0.2843 0.2313 -0.9304
vn 0.3517 -0.1074 -0.9299
vn 0.1075 0.3496 -0.9307
vn -0.0391 -0.4098 -0.9114
vn 0.7730 0.6345 0.0001
vn 0.4966 -0.4077 -0.7662
vn -0.1735 0.1426 0.9744
vn 0.4720 0.0454 -0.8804
vn -0.1363 -0.4539 -0.8806
vn -0.0012 0.0011 1.0000
vn -0.0011 0.0012 1.0000
vn -0.5696 0.4675 0.6761
vn -0.2608 0.0799 0.9621
vn -0.2608 -0.0777 0.9623
vn 0.3941 0.1181 -0.9114
vn -0.9952 -0.0981 -0.0012
vn -0.9570 0.2901 -0.0011
vn -0.8819 -0.4715 -0.0004
vn 0.0011 -0.0012 -1.0000
vn 0.0207 0.2231 0.9746
vn 0.1955 0.1063 0.9749
vn -0.4674 0.0451 -0.8829
vn -0.4495 -0.1378 -0.8826
vn 0.7314 -0.0712 0.6782
vn 0.5167 0.0521 0.8546
vn -0.1544 0.2898 -0.9446
vn 0.9952 0.0981 0.0012
vn -0.8820 0.4713 -0.0015
vn 0.0631 0.1215 0.9906
vn 0.1039 -0.1954 0.9752
vn 0.2997 -0.3650 -0.8814
vn -0.6344 -0.7730 0.0001
vn 0.3657 0.0348 -0.9301
vn -0.0013 0.0012 1.0000
vn -0.2144 -0.7033 0.6779
vn 0.4012 -0.3290 0.8548
vn 0.4012 0.3311 0.8541
vn -0.3163 -0.2616 -0.9118
vn -0.8819 -0.4714 -0.0004
vn -0.4714 0.8819 -0.0017
vn 0.8819 0.4715 0.0004
vn 0.0013 -0.0012 -1.0000
vn 0.2122 -0.0636 0.9752
vn 0.4184 -0.2241 -0.8802
vn 0.2241 0.4163 -0.8811
vn 0.1382 -0.1680 -0.9760
vn -0.2055 -0.0639 -0.9766
vn 0.4266 -0.3499 0.8341
vn -0.1052 0.3495 -0.9310
vn -0.0012 0.0013 1.0000
vt 0.968750 0.042177
vt 1.000000 0.997921
vt 1.000000 0.042177
vt 0.937500 0.042177
vt 0.968750 0.997921
vt 0.906250 0.042177
vt 0.937500 0.997921
vt 0.875000 0.042177
vt 0.906250 0.997921
vt 0.843750 0.042177
vt 0.875000 0.997921
vt 0.812500 0.042177
vt 0.843750 0.997921
vt 0.781250 0.042177
vt 0.812500 0.997921
vt 0.750000 0.042177
vt 0.781250 0.997921
vt 0.718750 0.042177
vt 0.750000 0.997921
vt 0.687500 0.042177
vt 0.718750 0.997921
vt 0.656250 0.042177
vt 0.687500 0.997921
vt 0.625000 0.042177
vt 0.656250 0.997921
vt 0.593750 0.042177
vt 0.625000 0.997921
vt 0.562500 0.042177
vt 0.593750 0.997921
vt 0.531250 0.042177
vt 0.562500 0.997921
vt 0.500000 0.042177
vt 0.531250 0.997921
vt 0.468750 0.042177
vt 0.500000 0.997921
vt 0.437500 0.042177
vt 0.468750 0.997921
vt 0.406250 0.042177
vt 0.437500 0.997921
vt 0.375000 0.042177
vt 0.406250 0.997921
vt 0.343750 0.042177
vt 0.375000 0.997921
vt 0.312500 0.042177
vt 0.343750 0.997921
vt 0.281250 0.042177
vt 0.312500 0.997921
vt 0.250000 0.042177
vt 0.281250 0.997921
vt 0.218750 0.042177
vt 0.250000 0.997921
vt 0.187500 0.042177
vt 0.218750 0.997921
vt 0.156250 0.042177
vt 0.187500 0.997921
vt 0.125000 0.042177
vt 0.156250 0.997921
vt 0.093750 0.042177
vt 0.125000 0.997921
vt 0.062500 0.042177
vt 0.093750 0.997921
vt 0.062500 0.997921
vt 0.031250 0.042177
vt 0.000000 0.042177
vt 0.031250 0.997921
vt 0.742177 0.160223
vt 0.789328 0.232142
vt 0.757823 0.339777
vt 0.000000 0.997921
vt 0.751370 0.146402
vt 0.710445 0.243769
vt 0.751370 0.341137
vt 0.757823 0.160223
vt 0.710672 0.232142
vt 0.742177 0.339777
vt 0.735708 0.153813
vt 0.789180 0.206508
vt 0.767031 0.333726
vt 0.750000 0.341536
vt 0.734655 0.334568
vt 0.727722 0.326109
vt 0.721646 0.314726
vt 0.716659 0.300855
vt 0.712953 0.285029
vt 0.710672 0.267858
vt 0.709901 0.250000
vt 0.712953 0.214971
vt 0.716659 0.199145
vt 0.721646 0.185274
vt 0.727722 0.173891
vt 0.734655 0.165432
vt 0.750000 0.158464
vt 0.765345 0.165432
vt 0.772278 0.173891
vt 0.778354 0.185274
vt 0.783341 0.199145
vt 0.787047 0.214971
vt 0.790099 0.250000
vt 0.789328 0.267858
vt 0.787047 0.285029
vt 0.783341 0.300855
vt 0.778354 0.314726
vt 0.772278 0.326109
vt 0.765345 0.334568
vt 0.759354 0.339266
vt 0.774107 0.324728
vt 0.780308 0.312619
vt 0.785398 0.297864
vt 0.789180 0.281031
vt 0.791509 0.262765
vt 0.792295 0.243769
vt 0.791509 0.224774
vt 0.785398 0.189675
vt 0.780308 0.174920
vt 0.774107 0.162811
vt 0.767031 0.153813
vt 0.759354 0.148272
vt 0.743386 0.148272
vt 0.728633 0.162811
vt 0.722431 0.174920
vt 0.717342 0.189675
vt 0.713560 0.206508
vt 0.711231 0.224774
vt 0.711231 0.262765
vt 0.713560 0.281031
vt 0.717342 0.297864
vt 0.722431 0.312619
vt 0.728633 0.324728
vt 0.735708 0.333726
vt 0.743386 0.339266
s 1
usemtl Marmor
f 35/18/14 34/19/14 33/20/14
f 37/21/15 36/22/15 35/18/15
f 39/23/16 38/24/17 37/21/16
f 41/25/18 40/26/18 39/23/18
f 43/27/19 42/28/19 41/25/19
f 45/29/20 44/30/20 43/27/20
f 47/31/21 46/32/21 45/29/21
f 49/33/22 48/34/22 47/31/22
f 51/35/23 50/36/23 49/33/23
f 53/37/24 52/38/24 51/35/24
f 55/39/25 54/40/26 53/37/25
f 57/41/27 56/42/27 55/39/27
f 59/43/28 58/44/29 57/41/28
f 61/45/30 60/46/31 59/43/30
f 63/47/32 62/48/32 61/45/32
f 65/49/33 64/50/33 63/47/33
f 67/51/34 66/52/34 65/49/34
f 69/53/35 68/54/35 67/51/35
f 71/55/36 70/56/36 69/53/36
f 73/57/37 72/58/38 71/55/37
f 75/59/39 74/60/39 73/57/39
f 77/61/40 76/62/40 75/59/40
f 79/63/41 78/64/41 77/61/41
f 81/65/42 80/66/42 79/63/42
f 83/67/43 82/68/43 81/65/43
f 85/69/44 84/70/44 83/67/44
f 87/71/45 86/72/45 85/69/45
f 89/73/46 88/74/46 87/71/46
f 91/75/47 90/76/47 89/73/47
f 93/77/48 92/78/48 91/75/48
f 511/79/49 92/78/49 94/79/49
f 95/80/50 94/79/50 93/77/50
f 33/81/51 96/82/51 95/80/51
f 104/31/52 49/33/52 47/31/52
f 149/57/53 118/59/53 117/57/53
f 113/49/54 67/51/54 65/49/54
f 122/67/55 85/69/55 83/67/55
f 100/23/56 41/25/56 39/23/57
f 109/41/58 59/43/58 57/41/58
f 75/59/59 119/61/59 77/61/59
f 93/77/60 128/80/60 95/80/61
f 49/33/62 106/35/62 51/35/62
f 67/51/63 115/53/63 69/53/63
f 123/69/64 87/71/64 85/69/64
f 101/25/65 43/27/65 41/25/65
f 110/43/66 61/45/67 59/43/66
f 77/61/68 120/63/68 79/63/68
f 33/20/69 98/18/70 35/18/70
f 128/80/71 33/81/71 95/80/71
f 106/35/72 53/37/72 51/35/72
f 115/53/73 71/55/73 69/53/73
f 87/71/74 125/73/74 89/73/74
f 43/27/75 103/29/76 45/29/76
f 111/45/77 63/47/77 61/45/77
f 120/63/78 81/65/79 79/63/78
f 98/18/80 37/21/80 35/18/80
f 107/37/81 55/39/81 53/37/81
f 71/55/82 117/57/82 73/57/82
f 89/73/83 126/75/83 91/75/83
f 45/29/84 104/31/85 47/31/86
f 112/47/87 65/49/88 63/47/87
f 81/65/89 122/67/89 83/67/89
f 99/21/90 39/23/91 37/21/90
f 108/39/92 57/41/92 55/39/92
f 73/57/93 118/59/93 75/59/93
f 91/75/94 127/77/94 93/77/94
f 184/63/95 153/65/95 152/63/95
f 136/31/22 105/33/22 104/31/22
f 150/59/40 119/61/40 118/59/40
f 137/33/23 106/35/23 105/33/23
f 151/61/41 120/63/41 119/61/41
f 138/35/96 107/37/96 106/35/96
f 152/63/97 121/65/42 120/63/97
f 139/37/26 108/39/26 107/37/26
f 153/65/43 122/67/43 121/65/43
f 140/39/27 109/41/27 108/39/27
f 154/67/44 123/69/98 122/67/44
f 141/41/99 110/43/99 109/41/99
f 155/69/100 124/71/100 123/69/100
f 142/43/30 111/45/30 110/43/101
f 129/20/14 98/18/14 97/20/14
f 156/71/46 125/73/46 124/71/46
f 143/45/32 112/47/32 111/45/32
f 130/18/15 99/21/15 98/18/15
f 157/73/102 126/75/102 125/73/102
f 144/47/103 113/49/103 112/47/103
f 131/21/16 100/23/16 99/21/17
f 158/75/48 127/77/48 126/75/48
f 145/49/34 114/51/34 113/49/34
f 132/23/18 101/25/104 100/23/105
f 159/77/50 128/80/50 127/77/50
f 146/51/35 115/53/35 114/51/35
f 133/25/19 102/27/106 101/25/19
f 160/80/107 97/81/107 128/80/107
f 147/53/108 116/55/108 115/53/108
f 134/27/109 103/29/20 102/27/110
f 148/55/38 117/57/37 116/55/38
f 135/29/21 104/31/21 103/29/21
f 219/69/100 188/71/100 187/69/100
f 139/37/111 172/39/111 140/39/111
f 153/65/112 186/67/112 154/67/112
f 140/39/113 173/41/113 141/41/113
f 154/67/114 187/69/114 155/69/114
f 141/41/115 174/43/115 142/43/115
f 187/69/116 156/71/116 155/69/117
f 142/43/118 175/45/118 143/45/118
f 129/20/119 162/18/119 130/18/119
f 188/71/120 157/73/120 156/71/120
f 143/45/121 176/47/121 144/47/121
f 162/18/122 131/21/122 130/18/122
f 189/73/123 158/75/124 157/73/123
f 144/47/125 177/49/125 145/49/125
f 163/21/126 132/23/126 131/21/126
f 158/75/127 191/77/127 159/77/128
f 145/49/129 178/51/129 146/51/129
f 164/23/130 133/25/130 132/23/130
f 191/77/131 160/80/131 159/77/131
f 178/51/132 147/53/132 146/51/132
f 133/25/133 166/27/133 134/27/133
f 192/80/134 129/81/134 160/80/134
f 179/53/135 148/55/135 147/53/135
f 134/27/136 167/29/136 135/29/136
f 180/55/137 149/57/137 148/55/137
f 167/29/138 136/31/138 135/29/138
f 149/57/139 182/59/139 150/59/139
f 168/31/140 137/33/140 136/31/140
f 150/59/141 183/61/141 151/61/141
f 137/33/142 170/35/142 138/35/142
f 183/61/143 152/63/143 151/61/143
f 138/35/144 171/37/144 139/37/144
f 227/21/145 196/23/145 195/21/145
f 206/43/30 175/45/30 174/43/30
f 193/20/14 162/18/14 161/20/14
f 220/71/46 189/73/46 188/71/46
f 207/45/32 176/47/32 175/45/32
f 194/18/15 163/21/15 162/18/15
f 221/73/146 190/75/146 189/73/146
f 208/47/33 177/49/33 176/47/33
f 195/21/17 164/23/17 163/21/17
f 222/75/147 191/77/147 190/75/147
f 209/49/34 178/51/34 177/49/34
f 196/23/18 165/25/18 164/23/18
f 223/77/50 192/80/50 191/77/50
f 210/51/35 179/53/35 178/51/35
f 197/25/148 166/27/148 165/25/148
f 224/80/107 161/81/107 192/80/107
f 211/53/108 180/55/108 179/53/108
f 198/27/20 167/29/20 166/27/20
f 212/55/37 181/57/37 180/55/37
f 199/29/21 168/31/21 167/29/21
f 213/57/53 182/59/53 181/57/53
f 200/31/22 169/33/22 168/31/22
f 214/59/40 183/61/149 182/59/40
f 201/33/23 170/35/23 169/33/23
f 215/61/41 184/63/41 183/61/41
f 202/35/96 171/37/96 170/35/96
f 216/63/42 185/65/42 184/63/42
f 203/37/25 172/39/25 171/37/26
f 217/65/43 186/67/43 185/65/43
f 204/39/27 173/41/27 172/39/27
f 218/67/44 187/69/44 186/67/44
f 205/41/99 174/43/99 173/41/99
f 262/27/109 231/29/109 230/27/109
f 222/75/150 255/77/150 223/77/150
f 209/49/151 242/51/151 210/51/151
f 196/23/152 229/25/152 197/25/152
f 255/77/153 224/80/153 223/77/153
f 210/51/154 243/53/154 211/53/154
f 229/25/155 198/27/155 197/25/155
f 256/80/156 193/81/156 224/80/156
f 211/53/157 244/55/157 212/55/157
f 230/27/158 199/29/158 198/27/158
f 212/55/159 245/57/159 213/57/159
f 199/29/160 232/31/160 200/31/160
f 245/57/161 214/59/161 213/57/161
f 200/31/162 233/33/162 201/33/162
f 246/59/163 215/61/163 214/59/163
f 201/33/164 234/35/165 202/35/165
f 247/61/166 216/63/166 215/61/166
f 202/35/167 235/37/167 203/37/167
f 248/63/168 217/65/168 216/63/168
f 203/37/169 236/39/169 204/39/169
f 249/65/170 218/67/170 217/65/170
f 204/39/171 237/41/171 205/41/171
f 250/67/172 219/69/172 218/67/172
f 205/41/173 238/43/173 206/43/173
f 219/69/174 252/71/174 220/71/174
f 238/43/175 207/45/175 206/43/175
f 193/20/176 226/18/176 194/18/176
f 220/71/177 253/73/177 221/73/177
f 239/45/178 208/47/179 207/45/178
f 226/18/180 195/21/180 194/18/180
f 253/73/181 222/75/181 221/73/181
f 240/47/182 209/49/182 208/47/182
f 297/33/183 266/35/183 265/33/183
f 276/55/37 245/57/37 244/55/37
f 263/29/21 232/31/21 231/29/21
f 277/57/53 246/59/53 245/57/53
f 264/31/22 233/33/22 232/31/22
f 278/59/184 247/61/184 246/59/184
f 265/33/23 234/35/23 233/33/23
f 279/61/41 248/63/41 247/61/41
f 266/35/96 235/37/96 234/35/96
f 280/63/42 249/65/42 248/63/42
f 267/37/26 236/39/26 235/37/26
f 281/65/43 250/67/43 249/65/43
f 268/39/27 237/41/27 236/39/27
f 282/67/98 251/69/44 250/67/98
f 269/41/29 238/43/29 237/41/29
f 283/69/100 252/71/100 251/69/100
f 270/43/31 239/45/31 238/43/31
f 257/20/14 226/18/14 225/20/14
f 284/71/46 253/73/46 252/71/46
f 271/45/32 240/47/32 239/45/32
f 258/18/15 227/21/15 226/18/15
f 285/73/146 254/75/146 253/73/146
f 272/47/33 241/49/33 240/47/33
f 259/21/16 228/23/16 227/21/16
f 286/75/48 255/77/48 254/75/48
f 273/49/34 242/51/34 241/49/34
f 260/23/18 229/25/18 228/23/18
f 287/77/50 256/80/50 255/77/50
f 274/51/35 243/53/35 242/51/35
f 261/25/19 230/27/19 229/25/19
f 288/80/107 225/81/107 256/80/107
f 275/53/36 244/55/36 243/53/36
f 332/39/27 301/41/27 300/39/27
f 279/61/185 312/63/185 280/63/186
f 298/35/187 267/37/187 266/35/187
f 280/63/188 313/65/188 281/65/188
f 299/37/189 268/39/189 267/37/189
f 281/65/190 314/67/190 282/67/190
f 300/39/191 269/41/191 268/39/191
f 314/67/192 283/69/192 282/67/192
f 301/41/193 270/43/193 269/41/193
f 315/69/194 284/71/194 283/69/194
f 270/43/195 303/45/195 271/45/195
f 289/20/196 258/18/196 257/20/196
f 316/71/197 285/73/197 284/71/197
f 303/45/198 272/47/198 271/45/198
f 258/18/199 291/21/199 259/21/199
f 317/73/200 286/75/200 285/73/200
f 272/47/201 305/49/201 273/49/201
f 259/21/202 292/23/202 260/23/202
f 286/75/203 319/77/203 287/77/203
f 273/49/204 306/51/204 274/51/204
f 260/23/205 293/25/205 261/25/205
f 319/77/206 288/80/206 287/77/206
f 274/51/207 307/53/207 275/53/207
f 261/25/208 294/27/208 262/27/208
f 320/80/209 257/81/209 288/80/209
f 275/53/210 308/55/210 276/55/210
f 262/27/211 295/29/211 263/29/211
f 308/55/212 277/57/212 276/55/212
f 263/29/213 296/31/213 264/31/213
f 309/57/214 278/59/214 277/57/214
f 296/31/215 265/33/215 264/31/215
f 310/59/216 279/61/216 278/59/216
f 335/45/217 368/47/217 336/47/217
f 346/67/44 315/69/44 314/67/44
f 333/41/29 302/43/29 301/41/29
f 347/69/45 316/71/45 315/69/45
f 334/43/30 303/45/30 302/43/31
f 321/20/14 290/18/14 289/20/14
f 348/71/46 317/73/46 316/71/46
f 335/45/32 304/47/32 303/45/32
f 322/18/15 291/21/15 290/18/15
f 349/73/47 318/75/47 317/73/102
f 336/47/103 305/49/103 304/47/103
f 323/21/17 292/23/17 291/21/16
f 350/75/48 319/77/48 318/75/48
f 337/49/34 306/51/34 305/49/34
f 324/23/18 293/25/18 292/23/18
f 351/77/50 320/80/50 319/77/50
f 338/51/35 307/53/35 306/51/35
f 325/25/19 294/27/19 293/25/106
f 352/80/51 289/81/51 320/80/51
f 339/53/36 308/55/36 307/53/36
f 326/27/109 295/29/109 294/27/109
f 340/55/37 309/57/37 308/55/38
f 327/29/21 296/31/21 295/29/21
f 341/57/53 310/59/53 309/57/53
f 328/31/22 297/33/22 296/31/22
f 342/59/184 311/61/184 310/59/184
f 329/33/23 298/35/23 297/33/23
f 343/61/41 312/63/41 311/61/41
f 330/35/24 299/37/24 298/35/24
f 344/63/42 313/65/42 312/63/42
f 331/37/26 300/39/26 299/37/26
f 345/65/43 314/67/43 313/65/43
f 402/51/35 371/53/35 370/51/35
f 354/18/218 323/21/218 322/18/218
f 349/73/219 382/75/219 350/75/219
f 336/47/220 369/49/220 337/49/220
f 355/21/221 324/23/221 323/21/221
f 350/75/222 383/77/222 351/77/222
f 369/49/223 338/51/223 337/49/223
f 356/23/224 325/25/224 324/23/224
f 383/77/225 352/80/225 351/77/225
f 370/51/226 339/53/226 338/51/227
f 357/25/228 326/27/228 325/25/229
f 352/80/230 353/81/230 321/81/230
f 371/53/231 340/55/231 339/53/231
f 358/27/232 327/29/232 326/27/232
f 372/55/233 341/57/233 340/55/233
f 327/29/234 360/31/234 328/31/234
f 341/57/235 374/59/235 342/59/235
f 328/31/236 361/33/236 329/33/236
f 342/59/237 375/61/237 343/61/237
f 329/33/238 362/35/238 330/35/238
f 375/61/239 344/63/239 343/61/239
f 330/35/240 363/37/240 331/37/240
f 376/63/241 345/65/241 344/63/241
f 331/37/242 364/39/242 332/39/242
f 377/65/243 346/67/243 345/65/243
f 364/39/244 333/41/244 332/39/244
f 346/67/245 379/69/245 347/69/245
f 365/41/246 334/43/246 333/41/246
f 347/69/247 380/71/248 348/71/248
f 334/43/249 367/45/249 335/45/249
f 321/20/250 354/18/250 322/18/250
f 348/71/251 381/73/252 349/73/252
f 405/57/253 438/59/253 406/59/253
f 389/25/19 358/27/148 357/25/19
f 416/80/107 353/81/107 384/80/107
f 403/53/36 372/55/36 371/53/36
f 390/27/20 359/29/109 358/27/20
f 404/55/37 373/57/37 372/55/37
f 391/29/21 360/31/21 359/29/21
f 405/57/39 374/59/53 373/57/39
f 392/31/22 361/33/22 360/31/22
f 406/59/184 375/61/184 374/59/184
f 393/33/23 362/35/23 361/33/23
f 407/61/41 376/63/254 375/61/41
f 394/35/96 363/37/96 362/35/96
f 408/63/255 377/65/255 376/63/255
f 395/37/25 364/39/25 363/37/26
f 409/65/43 378/67/43 377/65/43
f 396/39/27 365/41/27 364/39/27
f 410/67/98 379/69/44 378/67/98
f 397/41/29 366/43/29 365/41/29
f 411/69/45 380/71/45 379/69/45
f 398/43/31 367/45/31 366/43/31
f 385/20/14 354/18/14 353/20/14
f 412/71/46 381/73/46 380/71/46
f 399/45/32 368/47/32 367/45/32
f 386/18/15 355/21/15 354/18/15
f 413/73/102 382/75/47 381/73/102
f 400/47/33 369/49/33 368/47/33
f 387/21/16 356/23/17 355/21/256
f 414/75/48 383/77/48 382/75/48
f 401/49/34 370/51/34 369/49/34
f 388/23/18 357/25/105 356/23/18
f 415/77/50 384/80/50 383/77/50
f 472/63/42 441/65/42 440/63/42
f 424/31/257 393/33/257 392/31/258
f 406/59/259 439/61/259 407/61/259
f 425/33/260 394/35/260 393/33/260
f 407/61/261 440/63/261 408/63/261
f 426/35/262 395/37/262 394/35/262
f 408/63/263 441/65/263 409/65/263
f 427/37/264 396/39/264 395/37/265
f 441/65/266 410/67/266 409/65/266
f 428/39/267 397/41/267 396/39/267
f 442/67/268 411/69/268 410/67/268
f 397/41/269 430/43/269 398/43/269
f 443/69/270 412/71/270 411/69/270
f 398/43/271 431/45/271 399/45/271
f 385/20/272 418/18/272 386/18/272
f 444/71/273 413/73/273 412/71/273
f 431/45/274 400/47/274 399/45/274
f 418/18/275 387/21/275 386/18/275
f 445/73/276 414/75/276 413/73/276
f 432/47/277 401/49/277 400/47/277
f 419/21/278 388/23/278 387/21/278
f 446/75/279 415/77/279 414/75/279
f 401/49/280 434/51/280 402/51/280
f 420/23/281 389/25/281 388/23/281
f 415/77/282 448/80/282 416/80/282
f 402/51/283 435/53/283 403/53/283
f 389/25/284 422/27/284 390/27/284
f 448/80/285 385/81/285 416/80/285
f 403/53/286 436/55/286 404/55/286
f 390/27/287 423/29/287 391/29/287
f 404/55/288 437/57/288 405/57/288
f 423/29/289 392/31/289 391/29/289
f 466/83/290 458/84/290 450/85/290
f 459/37/25 428/39/25 427/37/25
f 473/65/43 442/67/43 441/65/43
f 460/39/27 429/41/27 428/39/27
f 474/67/44 443/69/44 442/67/44
f 461/41/28 430/43/28 429/41/28
f 475/69/45 444/71/45 443/69/45
f 462/43/31 431/45/31 430/43/31
f 449/20/14 418/18/14 417/20/14
f 476/71/46 445/73/46 444/71/46
f 463/45/32 432/47/32 431/45/32
f 450/18/15 419/21/15 418/18/15
f 477/73/146 446/75/146 445/73/146
f 464/47/33 433/49/33 432/47/33
f 451/21/16 420/23/16 419/21/16
f 478/75/291 447/77/291 446/75/48
f 465/49/34 434/51/34 433/49/34
f 452/23/18 421/25/18 420/23/18
f 479/77/50 448/80/50 447/77/50
f 466/51/292 435/53/292 434/51/292
f 453/25/19 422/27/19 421/25/19
f 480/80/107 417/81/107 448/80/107
f 467/53/36 436/55/36 435/53/36
f 454/27/109 423/29/109 422/27/20
f 468/55/37 437/57/37 436/55/37
f 455/29/21 424/31/21 423/29/21
f 469/57/293 438/59/293 437/57/293
f 456/31/22 425/33/22 424/31/22
f 470/59/40 439/61/40 438/59/184
f 457/33/23 426/35/23 425/33/23
f 471/61/41 440/63/41 439/61/41
f 458/35/24 427/37/96 426/35/96
f 543/79/48 510/78/48 511/79/48
f 50/36/294 488/34/294 48/34/294
f 498/54/295 66/52/295 68/54/295
f 507/72/296 84/70/296 86/72/296
f 42/28/297 484/26/297 40/26/297
f 60/46/298 493/44/298 58/44/298
f 503/64/299 76/62/299 78/64/299
f 512/82/300 94/79/300 96/82/300
f 490/38/301 50/36/301 52/38/301
f 499/56/302 68/54/302 70/56/302
f 88/74/303 507/72/303 86/72/303
f 486/30/304 42/28/304 44/30/304
f 62/48/305 494/46/305 60/46/305
f 80/66/306 503/64/306 78/64/306
f 36/22/307 481/19/307 34/19/307
f 34/86/308 512/82/308 96/82/308
f 491/40/309 52/38/309 54/40/309
f 72/58/310 499/56/310 70/56/310
f 509/76/311 88/74/311 90/76/311
f 487/32/312 44/30/312 46/32/312
f 64/50/313 495/48/313 62/48/313
f 82/68/314 504/66/314 80/66/314
f 38/24/315 482/22/315 36/22/315
f 56/42/316 491/40/316 54/40/316
f 501/60/317 72/58/317 74/60/317
f 510/78/318 90/76/318 92/78/318
f 48/34/319 487/32/319 46/32/319
f 497/52/320 64/50/320 66/52/320
f 506/70/321 82/68/321 84/70/322
f 40/26/323 483/24/323 38/24/323
f 493/44/324 56/42/324 58/44/324
f 76/62/325 501/60/325 74/60/325
f 533/60/326 564/58/326 532/58/326
f 530/54/34 497/52/34 498/54/34
f 517/28/18 484/26/18 485/28/18
f 544/82/50 511/79/50 512/82/50
f 531/56/35 498/54/35 499/56/35
f 518/30/106 485/28/106 486/30/106
f 513/86/107 512/82/107 481/86/107
f 500/58/108 531/56/108 499/56/108
f 519/32/20 486/30/20 487/32/20
f 501/60/37 532/58/37 500/58/37
f 520/34/21 487/32/21 488/34/21
f 534/62/293 501/60/293 502/62/293
f 521/36/22 488/34/22 489/36/22
f 535/64/184 502/62/184 503/64/184
f 522/38/23 489/36/23 490/38/23
f 536/66/41 503/64/41 504/66/41
f 491/40/96 522/38/96 490/38/24
f 537/68/42 504/66/42 505/68/42
f 492/42/25 523/40/25 491/40/26
f 538/70/43 505/68/43 506/70/43
f 525/44/27 492/42/27 493/44/27
f 539/72/44 506/70/44 507/72/98
f 526/46/29 493/44/29 494/46/29
f 540/74/100 507/72/100 508/74/100
f 527/48/30 494/46/30 495/48/31
f 514/22/14 481/19/14 482/22/14
f 541/76/46 508/74/46 509/76/327
f 496/50/32 527/48/32 495/48/32
f 515/24/15 482/22/15 483/24/15
f 542/78/47 509/76/47 510/78/146
f 529/52/103 496/50/103 497/52/33
f 516/26/16 483/24/16 484/26/16
f 600/66/41 567/64/41 568/66/41
f 552/34/328 519/32/328 520/34/328
f 566/62/329 533/60/329 534/62/329
f 553/36/330 520/34/330 521/36/330
f 567/64/331 534/62/331 535/64/331
f 522/38/332 553/36/332 521/36/332
f 568/66/333 535/64/333 536/66/333
f 523/40/334 554/38/334 522/38/334
f 569/68/335 536/66/335 537/68/335
f 524/42/336 555/40/336 523/40/336
f 538/70/337 569/68/338 537/68/338
f 525/44/339 556/42/339 524/42/339
f 539/72/340 570/70/340 538/70/340
f 526/46/341 557/44/341 525/44/341
f 572/74/342 539/72/342 540/74/342
f 527/48/343 558/46/343 526/46/343
f 546/22/344 513/19/345 514/22/344
f 541/76/346 572/74/346 540/74/346
f 528/50/347 559/48/347 527/48/347
f 547/24/348 514/22/348 515/24/348
f 574/78/349 541/76/349 542/78/349
f 529/52/350 560/50/350 528/50/350
f 548/26/351 515/24/351 516/26/351
f 543/79/352 574/78/353 542/78/353
f 530/54/354 561/52/354 529/52/354
f 517/28/355 548/26/355 516/26/355
f 544/82/356 575/79/356 543/79/356
f 531/56/357 562/54/357 530/54/357
f 550/30/358 517/28/358 518/30/358
f 545/86/359 544/82/359 513/86/359
f 564/58/360 531/56/360 532/58/360
f 519/32/361 550/30/361 518/30/361
f 603/72/362 634/70/362 602/70/363
f 587/40/24 554/38/96 555/40/96
f 601/68/42 568/66/42 569/68/42
f 588/42/26 555/40/26 556/42/26
f 602/70/43 569/68/43 570/70/43
f 589/44/27 556/42/27 557/44/27
f 571/72/44 602/70/98 570/70/44
f 590/46/99 557/44/99 558/46/99
f 572/74/45 603/72/45 571/72/45
f 591/48/31 558/46/31 559/48/31
f 546/22/14 577/19/14 545/19/14
f 573/76/46 604/74/327 572/74/46
f 592/50/32 559/48/32 560/50/32
f 547/24/15 578/22/15 546/22/15
f 574/78/47 605/76/47 573/76/47
f 593/52/33 560/50/33 561/52/33
f 580/26/16 547/24/17 548/26/17
f 607/79/48 574/78/48 575/79/291
f 594/54/34 561/52/34 562/54/34
f 549/28/18 580/26/104 548/26/18
f 608/82/50 575/79/50 576/82/50
f 595/56/35 562/54/35 563/56/35
f 582/30/364 549/28/364 550/30/364
f 577/86/107 576/82/107 545/86/51
f 596/58/36 563/56/36 564/58/36
f 583/32/20 550/30/20 551/32/20
f 597/60/38 564/58/38 565/60/38
f 584/34/21 551/32/21 552/34/21
f 598/62/39 565/60/39 566/62/39
f 585/36/22 552/34/22 553/36/22
f 599/64/184 566/62/40 567/64/149
f 586/38/23 553/36/23 554/38/23
f 643/24/15 610/22/15 611/24/15
f 590/46/365 621/44/365 589/44/365
f 604/74/366 635/72/366 603/72/367
f 623/48/368 590/46/368 591/48/368
f 610/22/369 577/19/369 578/22/369
f 637/76/370 604/74/370 605/76/370
f 624/50/371 591/48/371 592/50/371
f 579/24/372 610/22/372 578/22/372
f 638/78/373 605/76/373 606/78/373
f 593/52/374 624/50/374 592/50/375
f 580/26/376 611/24/377 579/24/377
f 607/79/378 638/78/378 606/78/378
f 594/54/379 625/52/379 593/52/379
f 581/28/380 612/26/380 580/26/380
f 608/82/381 639/79/382 607/79/382
f 627/56/383 594/54/383 595/56/383
f 582/30/384 613/28/384 581/28/384
f 577/86/385 640/82/385 608/82/385
f 628/58/386 595/56/386 596/58/387
f 615/32/388 582/30/389 583/32/388
f 629/60/390 596/58/390 597/60/390
f 616/34/391 583/32/391 584/34/392
f 630/62/393 597/60/393 598/62/393
f 585/36/394 616/34/394 584/34/395
f 631/64/396 598/62/396 599/64/396
f 618/38/397 585/36/397 586/38/397
f 632/66/398 599/64/398 600/66/399
f 619/40/400 586/38/400 587/40/400
f 601/68/401 632/66/402 600/66/402
f 620/42/403 587/40/403 588/42/403
f 634/70/404 601/68/404 602/70/404
f 589/44/405 620/42/405 588/42/405
f 678/30/406 645/28/406 646/30/406
f 670/78/102 637/76/102 638/78/102
f 657/52/103 624/50/103 625/52/33
f 644/26/17 611/24/16 612/26/17
f 671/79/291 638/78/48 639/79/291
f 658/54/34 625/52/34 626/54/34
f 645/28/18 612/26/18 613/28/18
f 672/82/50 639/79/50 640/82/50
f 659/56/35 626/54/35 627/56/292
f 646/30/148 613/28/148 614/30/148
f 641/86/107 640/82/107 609/86/107
f 660/58/36 627/56/108 628/58/36
f 647/32/110 614/30/110 615/32/110
f 661/60/37 628/58/37 629/60/37
f 648/34/21 615/32/21 616/34/21
f 662/62/53 629/60/53 630/62/53
f 649/36/22 616/34/22 617/36/22
f 663/64/184 630/62/40 631/64/184
f 650/38/23 617/36/23 618/38/23
f 664/66/41 631/64/41 632/66/41
f 651/40/96 618/38/96 619/40/96
f 665/68/42 632/66/42 633/68/42
f 652/42/26 619/40/26 620/42/26
f 666/70/43 633/68/43 634/70/43
f 653/44/27 620/42/27 621/44/27
f 667/72/44 634/70/44 635/72/44
f 654/46/29 621/44/29 622/46/99
f 668/74/100 635/72/100 636/74/100
f 655/48/30 622/46/30 623/48/30
f 642/22/14 609/19/14 610/22/14
f 669/76/46 636/74/46 637/76/46
f 656/50/32 623/48/32 624/50/32
f 713/36/22 680/34/22 681/36/22
f 673/86/407 672/82/407 641/86/407
f 692/58/408 659/56/408 660/58/408
f 647/32/409 678/30/409 646/30/409
f 661/60/410 692/58/410 660/58/410
f 680/34/411 647/32/411 648/34/411
f 694/62/412 661/60/413 662/62/412
f 649/36/414 680/34/414 648/34/414
f 663/64/415 694/62/415 662/62/416
f 682/38/417 649/36/417 650/38/418
f 664/66/419 695/64/419 663/64/419
f 683/40/420 650/38/420 651/40/420
f 665/68/421 696/66/421 664/66/421
f 684/42/422 651/40/422 652/42/422
f 666/70/423 697/68/423 665/68/423
f 653/44/424 684/42/424 652/42/424
f 667/72/425 698/70/425 666/70/425
f 686/46/426 653/44/426 654/46/426
f 700/74/427 667/72/427 668/74/427
f 687/48/428 654/46/428 655/48/428
f 642/22/429 673/19/429 641/19/429
f 669/76/430 700/74/430 668/74/430
f 688/50/431 655/48/431 656/50/431
f 675/24/432 642/22/432 643/24/432
f 670/78/433 701/76/433 669/76/433
f 689/52/434 656/50/434 657/52/434
f 644/26/435 675/24/435 643/24/436
f 703/79/437 670/78/437 671/79/437
f 690/54/438 657/52/439 658/54/438
f 645/28/440 676/26/441 644/26/441
f 672/82/442 703/79/442 671/79/442
f 691/56/443 658/54/443 659/56/443
f 748/42/444 715/40/445 716/42/444
f 727/64/40 694/62/184 695/64/40
f 714/38/23 681/36/23 682/38/23
f 728/66/41 695/64/41 696/66/41
f 715/40/96 682/38/96 683/40/96
f 729/68/42 696/66/42 697/68/97
f 716/42/26 683/40/26 684/42/26
f 730/70/43 697/68/43 698/70/43
f 717/44/27 684/42/27 685/44/27
f 731/72/98 698/70/98 699/72/98
f 718/46/29 685/44/29 686/46/29
f 732/74/100 699/72/45 700/74/100
f 719/48/31 686/46/31 687/48/31
f 706/22/14 673/19/14 674/22/14
f 733/76/46 700/74/46 701/76/327
f 720/50/32 687/48/32 688/50/32
f 707/24/446 674/22/15 675/24/446
f 734/78/47 701/76/47 702/78/47
f 721/52/103 688/50/33 689/52/103
f 708/26/16 675/24/16 676/26/16
f 735/79/291 702/78/291 703/79/48
f 722/54/34 689/52/34 690/54/34
f 709/28/18 676/26/18 677/28/18
f 736/82/50 703/79/50 704/82/50
f 723/56/35 690/54/35 691/56/35
f 710/30/106 677/28/106 678/30/106
f 705/86/51 704/82/51 673/86/51
f 724/58/108 691/56/108 692/58/108
f 711/32/109 678/30/20 679/32/110
f 725/60/37 692/58/37 693/60/37
f 712/34/21 679/32/21 680/34/21
f 726/62/447 693/60/448 694/62/449
f 783/48/30 750/46/30 751/48/31
f 762/70/450 729/68/451 730/70/450
f 749/44/452 716/42/452 717/44/452
f 763/72/453 730/70/454 731/72/453
f 750/46/455 717/44/455 718/46/455
f 732/74/456 763/72/456 731/72/456
f 751/48/457 718/46/457 719/48/457
f 706/22/458 737/19/458 705/19/459
f 733/76/460 764/74/460 732/74/460
f 720/50/461 751/48/461 719/48/461
f 739/24/462 706/22/463 707/24/462
f 766/78/464 733/76/464 734/78/464
f 721/52/465 752/50/465 720/50/465
f 708/26/466 739/24/466 707/24/466
f 767/79/467 734/78/468 735/79/467
f 754/54/469 721/52/469 722/54/469
f 709/28/470 740/26/471 708/26/471
f 736/82/472 767/79/472 735/79/473
f 723/56/474 754/54/474 722/54/474
f 742/30/475 709/28/475 710/30/475
f 737/86/476 736/82/477 705/86/476
f 724/58/478 755/56/478 723/56/478
f 743/32/479 710/30/479 711/32/479
f 725/60/480 756/58/480 724/58/480
f 712/34/481 743/32/481 711/32/481
f 726/62/482 757/60/482 725/60/482
f 713/36/483 744/34/483 712/34/483
f 727/64/484 758/62/484 726/62/484
f 714/38/485 745/36/485 713/36/485
f 760/66/486 727/64/486 728/66/486
f 715/40/487 746/38/487 714/38/487
f 761/68/488 728/66/488 729/68/488
f 786/54/489 817/52/489 785/52/489
f 770/22/14 737/19/14 738/22/14
f 797/76/46 764/74/46 765/76/46
f 784/50/32 751/48/32 752/50/32
f 771/24/15 738/22/15 739/24/15
f 798/78/47 765/76/47 766/78/47
f 785/52/33 752/50/33 753/52/33
f 772/26/17 739/24/17 740/26/17
f 799/79/291 766/78/291 767/79/291
f 786/54/34 753/52/34 754/54/34
f 773/28/18 740/26/18 741/28/18
f 800/82/50 767/79/50 768/82/50
f 787/56/35 754/54/35 755/56/35
f 774/30/19 741/28/106 742/30/19
f 769/86/107 768/82/107 737/86/107
f 788/58/36 755/56/36 756/58/36
f 775/32/109 742/30/109 743/32/109
f 789/60/37 756/58/37 757/60/37
f 776/34/21 743/32/21 744/34/21
f 790/62/293 757/60/53 758/62/293
f 777/36/22 744/34/22 745/36/22
f 791/64/40 758/62/184 759/64/40
f 778/38/23 745/36/23 746/38/23
f 792/66/41 759/64/41 760/66/41
f 779/40/96 746/38/96 747/40/96
f 793/68/42 760/66/42 761/68/42
f 780/42/26 747/40/26 748/42/26
f 794/70/43 761/68/43 762/70/43
f 781/44/27 748/42/27 749/44/27
f 795/72/98 762/70/44 763/72/98
f 782/46/29 749/44/29 750/46/29
f 796/74/100 763/72/100 764/74/100
f 853/60/37 820/58/37 821/60/37
f 805/28/490 772/26/490 773/28/491
f 832/82/492 799/79/492 800/82/492
f 819/56/493 786/54/493 787/56/493
f 806/30/494 773/28/494 774/30/495
f 801/86/496 800/82/496 769/86/496
f 788/58/497 819/56/497 787/56/498
f 775/32/499 806/30/499 774/30/499
f 821/60/500 788/58/500 789/60/500
f 808/34/501 775/32/501 776/34/502
f 822/62/503 789/60/503 790/62/504
f 809/36/505 776/34/505 777/36/505
f 823/64/506 790/62/507 791/64/506
f 810/38/508 777/36/508 778/38/508
f 792/66/509 823/64/509 791/64/509
f 811/40/510 778/38/510 779/40/510
f 793/68/511 824/66/511 792/66/511
f 780/42/512 811/40/512 779/40/512
f 794/70/513 825/68/513 793/68/513
f 781/44/514 812/42/515 780/42/515
f 795/72/516 826/70/516 794/70/516
f 814/46/517 781/44/517 782/46/517
f 796/74/518 827/72/518 795/72/518
f 815/48/519 782/46/519 783/48/519
f 802/22/520 769/19/520 770/22/520
f 797/76/521 828/74/521 796/74/521
f 784/50/522 815/48/523 783/48/523
f 803/24/524 770/22/524 771/24/524
f 798/78/525 829/76/526 797/76/526
f 785/52/527 816/50/527 784/50/527
f 772/26/528 803/24/528 771/24/528
f 799/79/529 830/78/529 798/78/529
f 888/66/530 855/64/531 856/66/530
f 840/34/21 807/32/21 808/34/21
f 854/62/39 821/60/39 822/62/448
f 841/36/22 808/34/22 809/36/22
f 855/64/184 822/62/184 823/64/184
f 842/38/23 809/36/23 810/38/23
f 856/66/41 823/64/41 824/66/41
f 843/40/96 810/38/96 811/40/96
f 857/68/42 824/66/42 825/68/42
f 844/42/25 811/40/25 812/42/25
f 858/70/43 825/68/43 826/70/43
f 845/44/27 812/42/27 813/44/27
f 859/72/98 826/70/98 827/72/98
f 846/46/29 813/44/29 814/46/99
f 860/74/45 827/72/45 828/74/45
f 847/48/31 814/46/30 815/48/31
f 834/22/14 801/19/14 802/22/14
f 861/76/46 828/74/46 829/76/46
f 848/50/32 815/48/32 816/50/32
f 835/24/15 802/22/15 803/24/15
f 862/78/146 829/76/146 830/78/146
f 849/52/33 816/50/33 817/52/103
f 836/26/17 803/24/17 804/26/17
f 863/79/291 830/78/291 831/79/291
f 850/54/34 817/52/34 818/54/34
f 837/28/18 804/26/18 805/28/18
f 864/82/50 831/79/50 832/82/50
f 851/56/35 818/54/35 819/56/35
f 838/30/19 805/28/19 806/30/148
f 833/86/107 832/82/107 801/86/107
f 852/58/36 819/56/36 820/58/36
f 839/32/20 806/30/20 807/32/20
f 913/52/33 880/50/33 881/52/33
f 843/40/532 874/38/533 842/38/533
f 889/68/534 856/66/534 857/68/535
f 844/42/536 875/40/536 843/40/537
f 890/70/538 857/68/538 858/70/538
f 877/44/539 844/42/539 845/44/539
f 891/72/540 858/70/540 859/72/540
f 878/46/541 845/44/541 846/46/541
f 892/74/542 859/72/542 860/74/542
f 879/48/543 846/46/543 847/48/543
f 834/22/544 865/19/544 833/19/544
f 893/76/545 860/74/545 861/76/545
f 880/50/546 847/48/547 848/50/546
f 867/24/548 834/22/548 835/24/548
f 894/78/549 861/76/549 862/78/549
f 881/52/550 848/50/550 849/52/550
f 868/26/551 835/24/552 836/26/551
f 863/79/553 894/78/553 862/78/553
f 882/54/554 849/52/554 850/54/555
f 869/28/556 836/26/556 837/28/556
f 864/82/557 895/79/557 863/79/557
f 883/56/558 850/54/559 851/56/558
f 838/30/560 869/28/561 837/28/561
f 833/86/562 896/82/562 864/82/562
f 852/58/563 883/56/564 851/56/564
f 871/32/565 838/30/565 839/32/565
f 853/60/566 884/58/567 852/58/567
f 840/34/568 871/32/568 839/32/568
f 886/62/569 853/60/569 854/62/569
f 841/36/570 872/34/571 840/34/571
f 887/64/572 854/62/572 855/64/572
f 842/38/573 873/36/573 841/36/573
f 913/87/574 921/88/574 897/89/574
f 927/79/48 894/78/48 895/79/48
f 914/54/34 881/52/34 882/54/34
f 928/82/50 895/79/50 896/82/50
f 898/22/14 865/19/14 866/22/14
f 915/56/35 882/54/35 883/56/35
f 897/86/107 896/82/107 865/86/107
f 899/24/15 866/22/15 867/24/15
f 916/58/108 883/56/108 884/58/108
f 900/26/17 867/24/17 868/26/17
f 917/60/37 884/58/37 885/60/37
f 904/34/21 871/32/21 872/34/21
f 901/28/18 868/26/18 869/28/18
f 918/62/53 885/60/53 886/62/53
f 905/36/22 872/34/22 873/36/22
f 902/30/19 869/28/19 870/30/19
f 919/64/40 886/62/40 887/64/40
f 906/38/23 873/36/23 874/38/23
f 903/32/110 870/30/110 871/32/110
f 920/66/41 887/64/41 888/66/41
f 907/40/96 874/38/96 875/40/96
f 921/68/42 888/66/42 889/68/42
f 908/42/26 875/40/26 876/42/26
f 922/70/43 889/68/43 890/70/43
f 909/44/27 876/42/27 877/44/27
f 923/72/44 890/70/44 891/72/44
f 910/46/28 877/44/28 878/46/28
f 924/74/100 891/72/100 892/74/100
f 911/48/30 878/46/30 879/48/575
f 925/76/46 892/74/46 893/76/46
f 912/50/32 879/48/32 880/50/32
f 926/78/146 893/76/146 894/78/146
f 930/19/51 931/18/51 929/20/51
f 932/22/50 933/21/50 931/18/50
f 934/24/291 935/23/48 933/21/48
f 936/26/47 937/25/146 935/23/146
f 938/28/46 939/27/46 937/25/46
f 940/30/45 941/29/100 939/27/100
f 942/32/98 943/31/98 941/29/98
f 944/34/43 945/33/43 943/31/43
f 946/36/42 947/35/42 945/33/42
f 948/38/41 949/37/41 947/35/41
f 950/40/184 951/39/184 949/37/184
f 952/42/53 953/41/293 951/39/293
f 954/44/37 955/43/37 953/41/37
f 956/46/108 957/45/108 955/43/108
f 958/48/35 959/47/35 957/45/35
f 960/50/34 961/49/34 959/47/34
f 962/52/33 963/51/33 961/49/33
f 964/54/32 965/53/32 963/51/32
f 966/56/31 967/55/30 965/53/30
f 968/58/99 969/57/99 967/55/29
f 970/60/576 971/59/576 969/57/576
f 972/62/26 973/61/25 971/59/25
f 974/64/96 975/63/96 973/61/96
f 976/66/23 977/65/23 975/63/23
f 978/68/22 979/67/22 977/65/22
f 980/70/21 981/69/21 979/67/21
f 982/72/20 983/71/20 981/69/20
f 984/74/19 985/73/106 983/71/106
f 986/76/18 987/75/18 985/73/18
f 988/78/17 989/77/16 987/75/16
f 988/78/323 1407/79/323 990/79/323
f 990/79/15 991/80/15 989/77/15
f 992/82/14 929/81/14 991/80/14
f 945/33/89 1000/31/89 943/31/89
f 1014/59/576 1045/57/27 1013/57/27
f 963/51/88 1009/49/88 961/49/87
f 981/69/84 1018/67/84 979/67/84
f 937/25/83 996/23/83 935/23/83
f 955/43/82 1005/41/82 953/41/82
f 971/59/81 1015/61/81 1014/59/81
f 989/77/80 1024/80/80 1023/77/80
f 945/33/79 1002/35/79 1001/33/79
f 963/51/77 1011/53/77 1010/51/77
f 983/71/75 1019/69/75 981/69/75
f 939/27/577 997/25/74 937/25/74
f 957/45/73 1006/43/73 955/43/73
f 973/61/72 1016/63/72 1015/61/72
f 929/20/71 994/18/71 993/20/71
f 929/81/70 1024/80/70 991/80/70
f 949/37/578 1002/35/68 947/35/68
f 967/55/67 1011/53/67 965/53/67
f 983/71/579 1021/73/579 1020/71/579
f 939/27/64 999/29/64 998/27/64
f 959/47/63 1007/45/63 957/45/63
f 977/65/580 1016/63/581 975/63/581
f 933/21/60 994/18/60 931/18/61
f 951/39/59 1003/37/59 949/37/582
f 967/55/58 1013/57/58 1012/55/58
f 987/75/57 1021/73/57 985/73/57
f 941/29/55 1000/31/55 999/29/55
f 959/47/583 1009/49/54 1008/47/583
f 977/65/52 1018/67/52 1017/65/52
f 935/23/94 995/21/94 933/21/94
f 953/41/93 1004/39/93 951/39/93
f 969/57/92 1014/59/92 1013/57/92
f 987/75/90 1023/77/90 1022/75/90
f 1049/65/142 1080/63/142 1048/63/142
f 1001/33/43 1032/31/43 1000/31/43
f 1015/61/26 1046/59/26 1014/59/26
f 1002/35/42 1033/33/42 1001/33/42
f 1016/63/96 1047/61/96 1015/61/96
f 1003/37/41 1034/35/41 1002/35/41
f 1017/65/23 1048/63/23 1016/63/23
f 1004/39/40 1035/37/184 1003/37/184
f 1018/67/22 1049/65/584 1017/65/584
f 1005/41/53 1036/39/53 1004/39/53
f 1019/69/21 1050/67/21 1018/67/21
f 1006/43/37 1037/41/37 1005/41/37
f 1020/71/20 1051/69/109 1019/69/109
f 1007/45/108 1038/43/108 1006/43/36
f 994/18/107 1025/20/107 993/20/107
f 1021/73/585 1052/71/106 1020/71/106
f 1008/47/35 1039/45/35 1007/45/35
f 995/21/50 1026/18/50 994/18/50
f 1022/75/104 1053/73/104 1021/73/104
f 1009/49/34 1040/47/34 1008/47/34
f 996/23/48 1027/21/48 995/21/48
f 1023/77/16 1054/75/16 1022/75/16
f 1010/51/103 1041/49/33 1009/49/33
f 997/25/47 1028/23/47 996/23/47
f 1024/80/15 1055/77/15 1023/77/15
f 1011/53/32 1042/51/32 1010/51/32
f 998/27/46 1029/25/46 997/25/46
f 993/81/14 1056/80/14 1024/80/14
f 1012/55/31 1043/53/30 1011/53/30
f 999/29/45 1030/27/45 998/27/45
f 1013/57/99 1044/55/99 1012/55/99
f 1000/31/44 1031/29/44 999/29/44
f 1084/71/110 1115/69/110 1083/69/110
f 1035/37/141 1068/39/141 1067/37/141
f 1049/65/140 1082/67/140 1081/65/140
f 1036/39/139 1069/41/139 1068/39/139
f 1050/67/138 1083/69/138 1082/67/138
f 1037/41/137 1070/43/137 1069/41/137
f 1052/71/136 1083/69/136 1051/69/586
f 1039/45/135 1070/43/587 1038/43/587
f 1025/20/134 1058/18/134 1057/20/134
f 1053/73/133 1084/71/133 1052/71/133
f 1039/45/132 1072/47/132 1071/45/132
f 1026/18/131 1059/21/131 1058/18/131
f 1054/75/130 1085/73/130 1053/73/130
f 1040/47/588 1073/49/588 1072/47/588
f 1027/21/127 1060/23/127 1059/21/127
f 1054/75/126 1087/77/126 1086/75/126
f 1041/49/125 1074/51/125 1073/49/125
f 1029/25/123 1060/23/123 1028/23/123
f 1056/80/122 1087/77/122 1055/77/122
f 1043/53/121 1074/51/121 1042/51/121
f 1029/25/120 1062/27/120 1061/25/120
f 1025/81/119 1088/80/119 1056/80/119
f 1044/55/589 1075/53/118 1043/53/118
f 1030/27/116 1063/29/116 1062/27/116
f 1045/57/115 1076/55/115 1044/55/590
f 1032/31/114 1063/29/114 1031/29/114
f 1045/57/591 1078/59/591 1077/57/591
f 1033/33/112 1064/31/112 1032/31/112
f 1047/61/111 1078/59/111 1046/59/111
f 1033/33/95 1066/35/95 1065/33/95
f 1048/63/144 1079/61/144 1047/61/144
f 1034/35/143 1067/37/143 1066/35/143
f 1092/23/150 1123/21/592 1091/21/592
f 1071/45/36 1102/43/36 1070/43/36
f 1058/18/107 1089/20/107 1057/20/107
f 1085/73/19 1116/71/19 1084/71/19
f 1072/47/35 1103/45/35 1071/45/35
f 1059/21/50 1090/18/50 1058/18/50
f 1086/75/18 1117/73/18 1085/73/18
f 1073/49/34 1104/47/34 1072/47/34
f 1060/23/291 1091/21/291 1059/21/291
f 1087/77/17 1118/75/17 1086/75/17
f 1074/51/33 1105/49/33 1073/49/33
f 1061/25/146 1092/23/146 1060/23/146
f 1088/80/15 1119/77/15 1087/77/15
f 1075/53/32 1106/51/32 1074/51/32
f 1062/27/46 1093/25/46 1061/25/46
f 1057/81/14 1120/80/14 1088/80/14
f 1076/55/30 1107/53/30 1075/53/30
f 1063/29/45 1094/27/100 1062/27/100
f 1077/57/29 1108/55/28 1076/55/28
f 1064/31/44 1095/29/44 1063/29/44
f 1078/59/27 1109/57/27 1077/57/27
f 1065/33/43 1096/31/43 1064/31/43
f 1079/61/26 1110/59/26 1078/59/26
f 1066/35/42 1097/33/42 1065/33/42
f 1080/63/96 1111/61/96 1079/61/96
f 1067/37/41 1098/35/41 1066/35/41
f 1081/65/23 1112/63/23 1080/63/23
f 1068/39/184 1099/37/184 1067/37/184
f 1082/67/22 1113/65/22 1081/65/22
f 1069/41/53 1100/39/53 1068/39/293
f 1083/69/21 1114/67/21 1082/67/21
f 1070/43/37 1101/41/37 1069/41/37
f 1127/29/100 1158/27/100 1126/27/100
f 1118/75/145 1151/77/145 1150/75/145
f 1105/49/182 1138/51/182 1137/49/182
f 1092/23/181 1125/25/181 1124/23/181
f 1120/80/180 1151/77/180 1119/77/180
f 1107/53/593 1138/51/593 1106/51/593
f 1094/27/177 1125/25/177 1093/25/177
f 1089/81/176 1152/80/176 1120/80/176
f 1108/55/594 1139/53/175 1107/53/175
f 1095/29/174 1126/27/174 1094/27/174
f 1108/55/173 1141/57/173 1140/55/173
f 1095/29/172 1128/31/172 1127/29/172
f 1110/59/171 1141/57/171 1109/57/171
f 1096/31/170 1129/33/170 1128/31/170
f 1111/61/169 1142/59/169 1110/59/169
f 1097/33/595 1130/35/595 1129/33/595
f 1112/63/596 1143/61/597 1111/61/597
f 1098/35/166 1131/37/166 1130/35/166
f 1113/65/164 1144/63/164 1112/63/164
f 1099/37/163 1132/39/163 1131/37/163
f 1114/67/162 1145/65/162 1113/65/162
f 1100/39/598 1133/41/599 1132/39/598
f 1115/69/600 1146/67/160 1114/67/160
f 1101/41/159 1134/43/159 1133/41/159
f 1115/69/158 1148/71/158 1147/69/158
f 1103/45/157 1134/43/157 1102/43/157
f 1089/20/156 1122/18/156 1121/20/156
f 1116/71/155 1149/73/155 1148/71/155
f 1104/47/601 1135/45/601 1103/45/601
f 1090/18/153 1123/21/153 1122/18/153
f 1118/75/152 1149/73/152 1117/73/152
f 1105/49/151 1136/47/151 1104/47/151
f 1162/35/188 1193/33/188 1161/33/188
f 1141/57/29 1172/55/29 1140/55/29
f 1128/31/44 1159/29/44 1127/29/44
f 1142/59/27 1173/57/27 1141/57/27
f 1129/33/43 1160/31/43 1128/31/43
f 1143/61/26 1174/59/26 1142/59/26
f 1130/35/42 1161/33/42 1129/33/42
f 1144/63/96 1175/61/96 1143/61/96
f 1131/37/41 1162/35/41 1130/35/41
f 1145/65/23 1176/63/23 1144/63/23
f 1132/39/40 1163/37/40 1131/37/40
f 1146/67/22 1177/65/22 1145/65/22
f 1133/41/293 1164/39/293 1132/39/448
f 1147/69/21 1178/67/21 1146/67/21
f 1134/43/37 1165/41/37 1133/41/37
f 1148/71/109 1179/69/109 1147/69/109
f 1135/45/36 1166/43/36 1134/43/36
f 1122/18/107 1153/20/107 1121/20/107
f 1149/73/19 1180/71/19 1148/71/19
f 1136/47/292 1167/45/292 1135/45/292
f 1123/21/50 1154/18/50 1122/18/50
f 1150/75/18 1181/73/18 1149/73/18
f 1137/49/34 1168/47/34 1136/47/34
f 1124/23/48 1155/21/48 1123/21/48
f 1151/77/16 1182/75/16 1150/75/16
f 1138/51/33 1169/49/33 1137/49/33
f 1125/25/146 1156/23/146 1124/23/146
f 1152/80/15 1183/77/15 1151/77/15
f 1139/53/32 1170/51/32 1138/51/32
f 1126/27/46 1157/25/46 1125/25/46
f 1121/81/14 1184/80/14 1152/80/14
f 1140/55/31 1171/53/31 1139/53/30
f 1197/41/293 1228/39/293 1196/39/293
f 1175/61/187 1208/63/187 1207/61/187
f 1163/37/185 1194/35/185 1162/35/185
f 1176/63/183 1209/65/183 1208/63/183
f 1164/39/216 1195/37/216 1163/37/602
f 1177/65/215 1210/67/215 1209/65/215
f 1165/41/214 1196/39/214 1164/39/214
f 1179/69/213 1210/67/213 1178/67/213
f 1166/43/212 1197/41/212 1165/41/212
f 1180/71/211 1211/69/211 1179/69/211
f 1167/45/210 1198/43/210 1166/43/210
f 1153/20/209 1186/18/209 1185/20/209
f 1181/73/208 1212/71/208 1180/71/208
f 1168/47/207 1199/45/207 1167/45/207
f 1154/18/206 1187/21/206 1186/18/206
f 1182/75/205 1213/73/205 1181/73/205
f 1168/47/204 1201/49/204 1200/47/204
f 1155/21/203 1188/23/203 1187/21/203
f 1182/75/202 1215/77/202 1214/75/202
f 1169/49/201 1202/51/201 1201/49/201
f 1156/23/200 1189/25/200 1188/23/200
f 1184/80/199 1215/77/199 1183/77/199
f 1170/51/198 1203/53/198 1202/51/198
f 1157/25/197 1190/27/197 1189/25/197
f 1153/81/196 1216/80/196 1184/80/196
f 1172/55/195 1203/53/195 1171/53/195
f 1158/27/194 1191/29/194 1190/27/194
f 1173/57/193 1204/55/193 1172/55/193
f 1159/29/192 1192/31/192 1191/29/192
f 1174/59/191 1205/57/191 1173/57/191
f 1161/33/190 1192/31/190 1160/31/190
f 1175/61/189 1206/59/189 1174/59/189
f 1231/45/603 1264/47/603 1263/45/227
f 1211/69/21 1242/67/21 1210/67/21
f 1198/43/37 1229/41/37 1197/41/37
f 1212/71/20 1243/69/20 1211/69/20
f 1199/45/108 1230/43/108 1198/43/108
f 1186/18/51 1217/20/51 1185/20/107
f 1213/73/364 1244/71/364 1212/71/364
f 1200/47/35 1231/45/35 1199/45/35
f 1187/21/50 1218/18/50 1186/18/50
f 1214/75/104 1245/73/104 1213/73/104
f 1201/49/34 1232/47/34 1200/47/34
f 1188/23/48 1219/21/48 1187/21/291
f 1215/77/16 1246/75/16 1214/75/16
f 1202/51/103 1233/49/103 1201/49/103
f 1189/25/47 1220/23/47 1188/23/47
f 1216/80/15 1247/77/15 1215/77/15
f 1203/53/32 1234/51/32 1202/51/32
f 1190/27/46 1221/25/46 1189/25/46
f 1185/81/14 1248/80/14 1216/80/14
f 1204/55/30 1235/53/30 1203/53/31
f 1191/29/45 1222/27/45 1190/27/100
f 1205/57/29 1236/55/29 1204/55/29
f 1192/31/44 1223/29/44 1191/29/44
f 1206/59/27 1237/57/27 1205/57/27
f 1193/33/43 1224/31/43 1192/31/43
f 1207/61/26 1238/59/26 1206/59/25
f 1194/35/42 1225/33/42 1193/33/42
f 1208/63/96 1239/61/96 1207/61/96
f 1195/37/41 1226/35/41 1194/35/41
f 1209/65/23 1240/63/23 1208/63/23
f 1196/39/40 1227/37/40 1195/37/40
f 1210/67/22 1241/65/22 1209/65/22
f 1267/53/32 1298/51/32 1266/51/32
f 1218/18/225 1251/21/225 1250/18/225
f 1245/73/604 1278/75/224 1277/73/605
f 1232/47/223 1265/49/223 1264/47/223
f 1220/23/606 1251/21/606 1219/21/606
f 1246/75/221 1279/77/221 1278/75/221
f 1234/51/220 1265/49/220 1233/49/220
f 1221/25/219 1252/23/219 1220/23/219
f 1248/80/218 1279/77/218 1247/77/218
f 1235/53/217 1266/51/217 1234/51/217
f 1222/27/251 1253/25/251 1221/25/251
f 1248/80/250 1249/81/250 1280/80/250
f 1236/55/249 1267/53/249 1235/53/607
f 1223/29/247 1254/27/247 1222/27/247
f 1237/57/246 1268/55/246 1236/55/246
f 1223/29/245 1256/31/245 1255/29/245
f 1237/57/608 1270/59/608 1269/57/608
f 1224/31/243 1257/33/243 1256/31/243
f 1238/59/242 1271/61/242 1270/59/242
f 1225/33/241 1258/35/241 1257/33/241
f 1240/63/240 1271/61/240 1239/61/240
f 1226/35/239 1259/37/239 1258/35/239
f 1241/65/238 1272/63/238 1240/63/238
f 1227/37/237 1260/39/237 1259/37/237
f 1242/67/236 1273/65/236 1241/65/236
f 1228/39/609 1261/41/609 1260/39/609
f 1242/67/234 1275/69/234 1274/67/234
f 1230/43/233 1261/41/233 1229/41/610
f 1243/69/232 1276/71/232 1275/69/232
f 1230/43/231 1263/45/231 1262/43/231
f 1217/20/230 1250/18/230 1249/20/230
f 1244/71/228 1277/73/228 1276/71/228
f 1301/57/267 1334/59/267 1333/57/267
f 1254/27/46 1285/25/46 1253/25/46
f 1249/81/14 1312/80/14 1280/80/611
f 1268/55/31 1299/53/31 1267/53/31
f 1255/29/45 1286/27/45 1254/27/45
f 1269/57/99 1300/55/99 1268/55/99
f 1256/31/44 1287/29/44 1255/29/44
f 1270/59/27 1301/57/27 1269/57/27
f 1257/33/43 1288/31/43 1256/31/43
f 1271/61/25 1302/59/25 1270/59/25
f 1258/35/255 1289/33/255 1257/33/255
f 1272/63/96 1303/61/96 1271/61/96
f 1259/37/41 1290/35/41 1258/35/41
f 1273/65/23 1304/63/23 1272/63/23
f 1260/39/40 1291/37/40 1259/37/40
f 1274/67/612 1305/65/584 1273/65/584
f 1261/41/448 1292/39/447 1260/39/447
f 1275/69/21 1306/67/21 1274/67/21
f 1262/43/613 1293/41/37 1261/41/37
f 1276/71/20 1307/69/109 1275/69/110
f 1263/45/108 1294/43/36 1262/43/36
f 1250/18/107 1281/20/614 1249/20/614
f 1277/73/148 1308/71/19 1276/71/19
f 1264/47/35 1295/45/35 1263/45/35
f 1251/21/50 1282/18/50 1250/18/50
f 1278/75/18 1309/73/18 1277/73/615
f 1265/49/34 1296/47/34 1264/47/34
f 1252/23/291 1283/21/616 1251/21/616
f 1279/77/17 1310/75/16 1278/75/16
f 1266/51/33 1297/49/33 1265/49/33
f 1253/25/617 1284/23/47 1252/23/618
f 1280/80/619 1311/77/15 1279/77/15
f 1337/65/23 1368/63/23 1336/63/23
f 1289/33/266 1320/31/266 1288/31/266
f 1302/59/264 1335/61/264 1334/59/264
f 1290/35/263 1321/33/263 1289/33/263
f 1303/61/262 1336/63/262 1335/61/262
f 1291/37/261 1322/35/261 1290/35/261
f 1305/65/260 1336/63/260 1304/63/260
f 1292/39/259 1323/37/259 1291/37/259
f 1306/67/257 1337/65/257 1305/65/257
f 1293/41/253 1324/39/253 1292/39/253
f 1307/69/289 1338/67/289 1306/67/289
f 1294/43/288 1325/41/288 1293/41/288
f 1308/71/287 1339/69/287 1307/69/287
f 1294/43/286 1327/45/286 1326/43/286
f 1281/20/620 1314/18/620 1313/20/620
f 1309/73/284 1340/71/284 1308/71/284
f 1296/47/283 1327/45/283 1295/45/283
f 1283/21/282 1314/18/282 1282/18/282
f 1310/75/281 1341/73/281 1309/73/281
f 1297/49/280 1328/47/280 1296/47/280
f 1284/23/279 1315/21/279 1283/21/279
f 1310/75/278 1343/77/278 1342/75/278
f 1297/49/277 1330/51/277 1329/49/277
f 1285/25/276 1316/23/276 1284/23/276
f 1311/77/275 1344/80/275 1343/77/275
f 1298/51/274 1331/53/274 1330/51/274
f 1285/25/273 1318/27/273 1317/25/273
f 1281/81/272 1344/80/272 1312/80/272
f 1299/53/271 1332/55/271 1331/53/271
f 1286/27/270 1319/29/270 1318/27/270
f 1300/55/269 1333/57/269 1332/55/269
f 1288/31/268 1319/29/268 1287/29/268
f 1360/90/290 1368/91/290 1376/92/290
f 1324/39/184 1355/37/40 1323/37/184
f 1338/67/22 1369/65/22 1337/65/22
f 1325/41/293 1356/39/293 1324/39/293
f 1339/69/21 1370/67/21 1338/67/21
f 1326/43/37 1357/41/37 1325/41/37
f 1340/71/20 1371/69/109 1339/69/20
f 1327/45/36 1358/43/36 1326/43/36
f 1314/18/107 1345/20/107 1313/20/107
f 1341/73/106 1372/71/19 1340/71/106
f 1328/47/292 1359/45/292 1327/45/292
f 1315/21/50 1346/18/50 1314/18/50
f 1342/75/18 1373/73/18 1341/73/18
f 1329/49/34 1360/47/34 1328/47/34
f 1316/23/291 1347/21/291 1315/21/291
f 1343/77/16 1374/75/16 1342/75/16
f 1330/51/33 1361/49/33 1329/49/33
f 1317/25/146 1348/23/146 1316/23/146
f 1344/80/15 1375/77/15 1343/77/15
f 1331/53/32 1362/51/32 1330/51/32
f 1318/27/46 1349/25/46 1317/25/46
f 1313/81/14 1376/80/14 1344/80/14
f 1332/55/31 1363/53/31 1331/53/31
f 1319/29/100 1350/27/100 1318/27/100
f 1333/57/29 1364/55/29 1332/55/29
f 1320/31/44 1351/29/44 1319/29/44
f 1334/59/27 1365/57/27 1333/57/27
f 1321/33/43 1352/31/43 1320/31/43
f 1335/61/26 1366/59/26 1334/59/25
f 1322/35/42 1353/33/42 1321/33/42
f 1336/63/96 1367/61/96 1335/61/96
f 1323/37/41 1354/35/41 1322/35/41
f 1406/78/16 1439/79/16 1407/79/16
f 946/36/321 1384/34/321 1385/36/321
f 962/52/320 1394/54/320 964/54/320
f 982/72/319 1402/70/319 1403/72/319
f 936/26/318 1381/28/318 938/28/318
f 956/46/317 1389/44/317 1390/46/317
f 972/62/316 1399/64/316 974/64/316
f 990/79/315 1408/82/315 992/82/315
f 946/36/314 1386/38/314 948/38/314
f 964/54/313 1395/56/313 966/56/313
f 984/74/312 1403/72/312 1404/74/312
f 938/28/311 1382/30/311 940/30/311
f 956/46/310 1391/48/310 958/48/310
f 976/66/309 1399/64/309 1400/66/621
f 932/22/308 1377/19/308 1378/22/308
f 930/86/307 1408/82/307 1377/86/622
f 948/38/623 1387/40/623 950/40/623
f 966/56/305 1396/58/305 968/58/305
f 984/74/624 1405/76/624 986/76/624
f 940/30/303 1383/32/303 942/32/303
f 960/50/302 1391/48/302 1392/50/302
f 978/68/301 1400/66/301 1401/68/301
f 934/24/625 1378/22/625 1379/24/625
f 952/42/299 1387/40/299 1388/42/299
f 968/58/298 1397/60/298 970/60/298
f 986/76/297 1406/78/297 988/78/297
f 944/34/296 1383/32/296 1384/34/296
f 960/50/295 1393/52/295 962/52/295
f 978/68/294 1402/70/294 980/70/294
f 936/26/49 1379/24/49 1380/26/49
f 952/42/325 1389/44/325 954/44/325
f 972/62/324 1397/60/324 1398/62/324
f 1429/60/341 1460/58/341 1461/60/341
f 1393/52/33 1426/54/33 1394/54/33
f 1380/26/146 1413/28/146 1381/28/47
f 1407/79/15 1440/82/15 1408/82/15
f 1394/54/32 1427/56/32 1395/56/32
f 1381/28/46 1414/30/46 1382/30/46
f 1408/82/14 1409/86/14 1377/86/14
f 1396/58/31 1427/56/31 1428/58/31
f 1382/30/45 1415/32/45 1383/32/45
f 1397/60/29 1428/58/29 1429/60/99
f 1383/32/98 1416/34/98 1384/34/44
f 1397/60/27 1430/62/27 1398/62/576
f 1384/34/43 1417/36/43 1385/36/43
f 1398/62/26 1431/64/26 1399/64/26
f 1385/36/42 1418/38/42 1386/38/42
f 1399/64/96 1432/66/96 1400/66/96
f 1387/40/41 1418/38/41 1419/40/41
f 1400/66/23 1433/68/23 1401/68/23
f 1388/42/40 1419/40/40 1420/42/40
f 1401/68/584 1434/70/584 1402/70/22
f 1388/42/293 1421/44/293 1389/44/293
f 1402/70/21 1435/72/21 1403/72/21
f 1389/44/37 1422/46/37 1390/46/37
f 1403/72/110 1436/74/110 1404/74/110
f 1390/46/108 1423/48/108 1391/48/108
f 1377/19/107 1410/22/107 1378/22/107
f 1404/74/19 1437/76/19 1405/76/106
f 1392/50/35 1423/48/35 1424/50/292
f 1378/22/50 1411/24/50 1379/24/50
f 1405/76/18 1438/78/18 1406/78/18
f 1392/50/34 1425/52/34 1393/52/34
f 1379/24/48 1412/26/48 1380/26/48
f 1463/64/96 1496/66/96 1464/66/24
f 1415/32/340 1448/34/340 1416/34/340
f 1429/60/339 1462/62/339 1430/62/339
f 1416/34/338 1449/36/338 1417/36/337
f 1430/62/336 1463/64/336 1431/64/336
f 1418/38/335 1449/36/335 1450/38/335
f 1431/64/334 1464/66/334 1432/66/334
f 1419/40/333 1450/38/333 1451/40/626
f 1432/66/332 1465/68/332 1433/68/332
f 1420/42/331 1451/40/331 1452/42/331
f 1434/70/330 1465/68/330 1466/70/330
f 1421/44/329 1452/42/329 1453/44/329
f 1435/72/328 1466/70/328 1467/72/328
f 1422/46/326 1453/44/326 1454/46/326
f 1435/72/361 1468/74/361 1436/74/361
f 1423/48/360 1454/46/360 1455/48/360
f 1409/19/627 1442/22/627 1410/22/627
f 1436/74/358 1469/76/358 1437/76/358
f 1424/50/357 1455/48/357 1456/50/357
f 1410/22/356 1443/24/356 1411/24/356
f 1437/76/355 1470/78/355 1438/78/355
f 1425/52/354 1456/50/354 1457/52/354
f 1411/24/353 1444/26/353 1412/26/353
f 1439/79/351 1470/78/351 1471/79/351
f 1426/54/350 1457/52/350 1458/54/350
f 1413/28/349 1444/26/349 1445/28/349
f 1440/82/348 1471/79/348 1472/82/348
f 1427/56/347 1458/54/347 1459/56/347
f 1413/28/346 1446/30/628 1414/30/628
f 1440/82/344 1441/86/344 1409/86/344
f 1427/56/343 1460/58/343 1428/58/343
f 1414/30/342 1447/32/342 1415/32/342
f 1499/72/392 1530/70/392 1531/72/392
f 1450/38/41 1483/40/41 1451/40/41
f 1464/66/23 1497/68/23 1465/68/23
f 1451/40/184 1484/42/40 1452/42/184
f 1465/68/22 1498/70/22 1466/70/22
f 1452/42/53 1485/44/53 1453/44/53
f 1467/72/21 1498/70/21 1499/72/21
f 1453/44/37 1486/46/37 1454/46/37
f 1468/74/20 1499/72/20 1500/74/20
f 1454/46/108 1487/48/108 1455/48/108
f 1442/22/107 1473/19/107 1474/22/107
f 1469/76/106 1500/74/364 1501/76/364
f 1455/48/35 1488/50/35 1456/50/35
f 1443/24/50 1474/22/50 1475/24/50
f 1470/78/18 1501/76/18 1502/78/104
f 1456/50/34 1489/52/34 1457/52/34
f 1443/24/48 1476/26/48 1444/26/48
f 1470/78/16 1503/79/16 1471/79/16
f 1457/52/33 1490/54/33 1458/54/33
f 1445/28/47 1476/26/47 1477/28/47
f 1471/79/15 1504/82/15 1472/82/15
f 1458/54/32 1491/56/32 1459/56/32
f 1445/28/46 1478/30/46 1446/30/46
f 1472/82/14 1473/86/14 1441/86/14
f 1459/56/31 1492/58/31 1460/58/30
f 1446/30/45 1479/32/45 1447/32/45
f 1460/58/99 1493/60/99 1461/60/99
f 1447/32/98 1480/34/98 1448/34/44
f 1461/60/576 1494/62/576 1462/62/576
f 1448/34/43 1481/36/43 1449/36/43
f 1462/62/26 1495/64/26 1463/64/26
f 1449/36/42 1482/38/42 1450/38/42
f 1506/22/50 1539/24/50 1507/24/50
f 1486/46/390 1517/44/390 1518/46/390
f 1500/74/389 1531/72/389 1532/74/389
f 1486/46/386 1519/48/386 1487/48/386
f 1473/19/385 1506/22/385 1474/22/385
f 1500/74/384 1533/76/384 1501/76/384
f 1488/50/629 1519/48/629 1520/50/383
f 1475/24/382 1506/22/382 1507/24/381
f 1502/78/380 1533/76/380 1534/78/380
f 1489/52/379 1520/50/379 1521/52/379
f 1476/26/378 1507/24/378 1508/26/378
f 1503/79/377 1534/78/377 1535/79/377
f 1490/54/374 1521/52/374 1522/54/374
f 1477/28/373 1508/26/373 1509/28/373
f 1504/82/372 1535/79/372 1536/82/372
f 1490/54/371 1523/56/371 1491/56/371
f 1478/30/370 1509/28/370 1510/30/370
f 1473/86/369 1536/82/369 1505/86/369
f 1491/56/368 1524/58/368 1492/58/368
f 1478/30/366 1511/32/366 1479/32/366
f 1492/58/365 1525/60/365 1493/60/365
f 1479/32/363 1512/34/363 1480/34/630
f 1493/60/405 1526/62/405 1494/62/405
f 1481/36/404 1512/34/631 1513/36/404
f 1494/62/403 1527/64/403 1495/64/403
f 1481/36/401 1514/38/402 1482/38/402
f 1495/64/632 1528/66/400 1496/66/400
f 1482/38/398 1515/40/398 1483/40/398
f 1497/68/633 1528/66/397 1529/68/633
f 1483/40/396 1516/42/396 1484/42/396
f 1497/68/395 1530/70/395 1498/70/394
f 1485/44/393 1516/42/393 1517/44/393
f 1541/28/430 1574/30/430 1542/30/430
f 1533/76/104 1566/78/104 1534/78/104
f 1520/50/34 1553/52/34 1521/52/34
f 1507/24/291 1540/26/48 1508/26/48
f 1534/78/17 1567/79/17 1535/79/17
f 1521/52/33 1554/54/33 1522/54/33
f 1508/26/47 1541/28/47 1509/28/47
f 1535/79/15 1568/82/15 1536/82/15
f 1522/54/32 1555/56/32 1523/56/32
f 1509/28/46 1542/30/46 1510/30/46
f 1536/82/14 1537/86/14 1505/86/14
f 1523/56/31 1556/58/31 1524/58/31
f 1510/30/100 1543/32/100 1511/32/100
f 1524/58/99 1557/60/29 1525/60/29
f 1511/32/44 1544/34/44 1512/34/44
f 1525/60/27 1558/62/27 1526/62/27
f 1512/34/43 1545/36/43 1513/36/43
f 1526/62/26 1559/64/26 1527/64/26
f 1513/36/42 1546/38/42 1514/38/42
f 1527/64/96 1560/66/96 1528/66/96
f 1514/38/41 1547/40/41 1515/40/41
f 1528/66/23 1561/68/23 1529/68/23
f 1515/40/40 1548/42/40 1516/42/149
f 1529/68/22 1562/70/22 1530/70/22
f 1516/42/293 1549/44/448 1517/44/448
f 1530/70/21 1563/72/21 1531/72/21
f 1517/44/37 1550/46/37 1518/46/37
f 1531/72/109 1564/74/110 1532/74/110
f 1518/46/108 1551/48/108 1519/48/108
f 1505/19/107 1538/22/107 1506/22/107
f 1532/74/148 1565/76/106 1533/76/106
f 1519/48/35 1552/50/35 1520/50/35
f 1576/34/43 1609/36/43 1577/36/43
f 1568/82/429 1569/86/429 1537/86/429
f 1555/56/428 1588/58/428 1556/58/428
f 1543/32/427 1574/30/634 1575/32/427
f 1557/60/426 1588/58/426 1589/60/426
f 1543/32/635 1576/34/635 1544/34/635
f 1557/60/424 1590/62/424 1558/62/424
f 1544/34/423 1577/36/423 1545/36/423
f 1559/64/422 1590/62/422 1591/64/422
f 1545/36/421 1578/38/421 1546/38/421
f 1560/66/420 1591/64/420 1592/66/420
f 1546/38/636 1579/40/636 1547/40/636
f 1561/68/637 1592/66/417 1593/68/637
f 1548/42/415 1579/40/415 1580/42/638
f 1562/70/639 1593/68/639 1594/70/639
f 1549/44/413 1580/42/412 1581/44/413
f 1563/72/411 1594/70/411 1595/72/411
f 1549/44/410 1582/46/410 1550/46/410
f 1563/72/409 1596/74/409 1564/74/409
f 1550/46/408 1583/48/408 1551/48/408
f 1538/22/407 1569/19/407 1570/22/407
f 1565/76/406 1596/74/406 1597/76/406
f 1551/48/443 1584/50/443 1552/50/443
f 1538/22/442 1571/24/442 1539/24/442
f 1566/78/640 1597/76/640 1598/78/640
f 1552/50/438 1585/52/439 1553/52/439
f 1540/26/437 1571/24/437 1572/26/641
f 1567/79/435 1598/78/436 1599/79/435
f 1553/52/434 1586/54/434 1554/54/434
f 1541/28/433 1572/26/433 1573/28/433
f 1568/82/432 1599/79/432 1600/82/432
f 1554/54/431 1587/56/431 1555/56/431
f 1611/40/484 1644/42/484 1612/42/642
f 1590/62/26 1623/64/26 1591/64/26
f 1577/36/42 1610/38/42 1578/38/42
f 1591/64/96 1624/66/96 1592/66/96
f 1578/38/41 1611/40/41 1579/40/41
f 1592/66/23 1625/68/23 1593/68/23
f 1579/40/40 1612/42/40 1580/42/40
f 1593/68/22 1626/70/22 1594/70/584
f 1580/42/447 1613/44/53 1581/44/53
f 1594/70/21 1627/72/21 1595/72/21
f 1581/44/37 1614/46/37 1582/46/37
f 1595/72/20 1628/74/109 1596/74/109
f 1582/46/36 1615/48/108 1583/48/108
f 1569/19/107 1602/22/107 1570/22/107
f 1596/74/364 1629/76/364 1597/76/364
f 1583/48/35 1616/50/35 1584/50/35
f 1570/22/50 1603/24/50 1571/24/50
f 1597/76/18 1630/78/18 1598/78/18
f 1584/50/34 1617/52/34 1585/52/34
f 1571/24/48 1604/26/291 1572/26/291
f 1598/78/17 1631/79/17 1599/79/17
f 1585/52/33 1618/54/33 1586/54/33
f 1572/26/47 1605/28/47 1573/28/47
f 1599/79/446 1632/82/446 1600/82/446
f 1586/54/32 1619/56/32 1587/56/32
f 1573/28/46 1606/30/46 1574/30/46
f 1600/82/14 1601/86/14 1569/86/14
f 1587/56/31 1620/58/30 1588/58/30
f 1574/30/100 1607/32/100 1575/32/100
f 1588/58/29 1621/60/29 1589/60/29
f 1575/32/44 1608/34/44 1576/34/44
f 1589/60/27 1622/62/27 1590/62/27
f 1646/46/108 1679/48/36 1647/48/36
f 1625/68/483 1658/70/483 1626/70/483
f 1612/42/482 1645/44/482 1613/44/482
f 1626/70/481 1659/72/481 1627/72/481
f 1613/44/643 1646/46/480 1614/46/480
f 1628/74/479 1659/72/479 1660/74/479
f 1614/46/644 1647/48/644 1615/48/644
f 1601/19/476 1634/22/476 1602/22/476
f 1629/76/475 1660/74/475 1661/76/475
f 1616/50/474 1647/48/474 1648/50/474
f 1602/22/472 1635/24/472 1603/24/472
f 1630/78/645 1661/76/645 1662/78/645
f 1617/52/469 1648/50/469 1649/52/469
f 1604/26/468 1635/24/468 1636/26/646
f 1631/79/466 1662/78/466 1663/79/466
f 1617/52/465 1650/54/465 1618/54/465
f 1605/28/464 1636/26/464 1637/28/464
f 1632/82/463 1663/79/463 1664/82/463
f 1619/56/461 1650/54/461 1651/56/461
f 1605/28/647 1638/30/647 1606/30/460
f 1632/82/458 1633/86/459 1601/86/648
f 1620/58/649 1651/56/457 1652/58/649
f 1607/32/456 1638/30/456 1639/32/456
f 1621/60/650 1652/58/650 1653/60/650
f 1608/34/454 1639/32/454 1640/34/454
f 1622/62/651 1653/60/651 1654/62/651
f 1609/36/451 1640/34/451 1641/36/451
f 1623/64/445 1654/62/445 1655/64/445
f 1610/38/488 1641/36/488 1642/38/488
f 1623/64/652 1656/66/487 1624/66/487
f 1611/40/486 1642/38/486 1643/40/486
f 1624/66/485 1657/68/485 1625/68/485
f 1682/54/527 1713/52/527 1714/54/653
f 1633/19/107 1666/22/107 1634/22/107
f 1660/74/364 1693/76/364 1661/76/106
f 1647/48/35 1680/50/35 1648/50/35
f 1634/22/50 1667/24/50 1635/24/50
f 1661/76/18 1694/78/18 1662/78/18
f 1648/50/34 1681/52/34 1649/52/34
f 1635/24/291 1668/26/291 1636/26/291
f 1662/78/17 1695/79/17 1663/79/17
f 1649/52/33 1682/54/33 1650/54/33
f 1636/26/102 1669/28/102 1637/28/102
f 1663/79/15 1696/82/15 1664/82/15
f 1650/54/32 1683/56/32 1651/56/32
f 1637/28/46 1670/30/46 1638/30/327
f 1664/82/14 1665/86/14 1633/86/14
f 1651/56/30 1684/58/31 1652/58/31
f 1638/30/45 1671/32/100 1639/32/100
f 1652/58/28 1685/60/28 1653/60/28
f 1639/32/44 1672/34/44 1640/34/44
f 1653/60/27 1686/62/27 1654/62/27
f 1640/34/43 1673/36/43 1641/36/43
f 1654/62/26 1687/64/26 1655/64/26
f 1641/36/42 1674/38/42 1642/38/42
f 1655/64/96 1688/66/24 1656/66/24
f 1642/38/41 1675/40/41 1643/40/41
f 1656/66/23 1689/68/23 1657/68/23
f 1643/40/40 1676/42/40 1644/42/40
f 1657/68/22 1690/70/22 1658/70/22
f 1644/42/293 1677/44/293 1645/44/293
f 1658/70/21 1691/72/21 1659/72/21
f 1645/44/37 1678/46/37 1646/46/37
f 1659/72/20 1692/74/20 1660/74/20
f 1716/58/28 1749/60/28 1717/60/28
f 1668/26/526 1701/28/526 1669/28/526
f 1695/79/524 1728/82/524 1696/82/524
f 1682/54/522 1715/56/523 1683/56/523
f 1669/28/521 1702/30/521 1670/30/521
f 1696/82/654 1697/86/520 1665/86/520
f 1684/58/519 1715/56/519 1716/58/519
f 1671/32/518 1702/30/518 1703/32/518
f 1684/58/517 1717/60/517 1685/60/517
f 1671/32/516 1704/34/516 1672/34/516
f 1685/60/514 1718/62/655 1686/62/655
f 1672/34/513 1705/36/656 1673/36/656
f 1686/62/657 1719/64/657 1687/64/657
f 1673/36/511 1706/38/511 1674/38/511
f 1688/66/510 1719/64/510 1720/66/510
f 1674/38/509 1707/40/509 1675/40/509
f 1689/68/508 1720/66/658 1721/68/508
f 1676/42/506 1707/40/507 1708/42/506
f 1690/70/659 1721/68/659 1722/70/659
f 1677/44/503 1708/42/503 1709/44/503
f 1691/72/501 1722/70/501 1723/72/501
f 1677/44/500 1710/46/500 1678/46/500
f 1692/74/499 1723/72/499 1724/74/499
f 1678/46/498 1711/48/497 1679/48/497
f 1666/22/496 1697/19/496 1698/22/496
f 1693/76/494 1724/74/494 1725/76/494
f 1680/50/493 1711/48/493 1712/50/493
f 1666/22/492 1699/24/492 1667/24/492
f 1694/78/490 1725/76/490 1726/78/490
f 1681/52/489 1712/50/489 1713/52/489
f 1668/26/529 1699/24/529 1700/26/529
f 1695/79/528 1726/78/528 1727/79/528
f 1751/64/533 1784/66/532 1752/66/532
f 1703/32/98 1736/34/44 1704/34/44
f 1717/60/27 1750/62/27 1718/62/27
f 1704/34/43 1737/36/43 1705/36/43
f 1718/62/25 1751/64/25 1719/64/25
f 1705/36/42 1738/38/42 1706/38/42
f 1719/64/96 1752/66/24 1720/66/24
f 1706/38/41 1739/40/41 1707/40/41
f 1720/66/23 1753/68/23 1721/68/23
f 1707/40/184 1740/42/184 1708/42/184
f 1721/68/22 1754/70/22 1722/70/22
f 1708/42/39 1741/44/53 1709/44/293
f 1722/70/21 1755/72/21 1723/72/21
f 1709/44/37 1742/46/37 1710/46/37
f 1723/72/20 1756/74/20 1724/74/20
f 1710/46/108 1743/48/36 1711/48/36
f 1697/19/107 1730/22/107 1698/22/107
f 1724/74/106 1757/76/148 1725/76/148
f 1711/48/35 1744/50/35 1712/50/35
f 1698/22/50 1731/24/50 1699/24/50
f 1725/76/18 1758/78/18 1726/78/18
f 1712/50/34 1745/52/34 1713/52/34
f 1699/24/291 1732/26/291 1700/26/48
f 1726/78/16 1759/79/17 1727/79/17
f 1713/52/33 1746/54/33 1714/54/103
f 1700/26/146 1733/28/146 1701/28/146
f 1727/79/15 1760/82/15 1728/82/15
f 1714/54/32 1747/56/32 1715/56/32
f 1701/28/46 1734/30/46 1702/30/46
f 1728/82/14 1729/86/14 1697/86/14
f 1715/56/31 1748/58/30 1716/58/30
f 1702/30/45 1735/32/45 1703/32/45
f 1776/50/34 1809/52/34 1777/52/34
f 1739/40/660 1770/38/660 1771/40/660
f 1752/66/573 1785/68/573 1753/68/573
f 1739/40/661 1772/42/572 1740/42/572
f 1753/68/571 1786/70/570 1754/70/570
f 1740/42/662 1773/44/663 1741/44/663
f 1754/70/664 1787/72/568 1755/72/568
f 1741/44/566 1774/46/566 1742/46/566
f 1755/72/665 1788/74/565 1756/74/565
f 1742/46/666 1775/48/666 1743/48/666
f 1730/22/562 1761/19/562 1762/22/562
f 1756/74/560 1789/76/560 1757/76/560
f 1743/48/558 1776/50/559 1744/50/559
f 1730/22/557 1763/24/557 1731/24/557
f 1757/76/556 1790/78/556 1758/78/556
f 1744/50/554 1777/52/554 1745/52/554
f 1731/24/553 1764/26/667 1732/26/667
f 1759/79/552 1790/78/552 1791/79/552
f 1745/52/550 1778/54/550 1746/54/550
f 1733/28/549 1764/26/549 1765/28/549
f 1760/82/668 1791/79/548 1792/82/668
f 1746/54/546 1779/56/669 1747/56/669
f 1734/30/670 1765/28/670 1766/30/670
f 1729/86/671 1792/82/671 1761/86/671
f 1747/56/543 1780/58/543 1748/58/543
f 1734/30/542 1767/32/542 1735/32/542
f 1748/58/541 1781/60/541 1749/60/541
f 1736/34/540 1767/32/540 1768/34/540
f 1749/60/539 1782/62/539 1750/62/539
f 1737/36/538 1768/34/672 1769/36/538
f 1751/64/536 1782/62/536 1783/64/536
f 1738/38/673 1769/36/534 1770/38/673
f 1811/93/574 1803/94/574 1795/95/574
f 1790/78/16 1823/79/17 1791/79/17
f 1777/52/33 1810/54/33 1778/54/33
f 1791/79/15 1824/82/15 1792/82/446
f 1761/19/51 1794/22/51 1762/22/107
f 1778/54/32 1811/56/32 1779/56/32
f 1792/82/14 1793/86/14 1761/86/14
f 1762/22/50 1795/24/50 1763/24/50
f 1779/56/30 1812/58/30 1780/58/30
f 1763/24/48 1796/26/48 1764/26/48
f 1780/58/28 1813/60/29 1781/60/29
f 1767/32/44 1800/34/44 1768/34/44
f 1764/26/47 1797/28/47 1765/28/47
f 1781/60/27 1814/62/27 1782/62/27
f 1768/34/43 1801/36/43 1769/36/43
f 1765/28/46 1798/30/46 1766/30/46
f 1782/62/26 1815/64/26 1783/64/26
f 1769/36/42 1802/38/42 1770/38/42
f 1766/30/100 1799/32/100 1767/32/100
f 1783/64/96 1816/66/96 1784/66/96
f 1770/38/41 1803/40/41 1771/40/41
f 1784/66/23 1817/68/23 1785/68/23
f 1771/40/184 1804/42/40 1772/42/40
f 1785/68/22 1818/70/22 1786/70/22
f 1772/42/293 1805/44/293 1773/44/293
f 1786/70/21 1819/72/21 1787/72/21
f 1773/44/37 1806/46/37 1774/46/37
f 1787/72/109 1820/74/109 1788/74/109
f 1774/46/108 1807/48/108 1775/48/108
f 1788/74/19 1821/76/19 1789/76/106
f 1775/48/35 1808/50/35 1776/50/35
f 1789/76/18 1822/78/18 1790/78/18
f 1826/19/103 1827/18/103 1825/20/103
f 1828/22/32 1829/21/32 1827/18/32
f 1830/24/31 1831/23/31 1829/21/31
f 1832/26/29 1833/25/99 1831/23/99
f 1834/28/27 1835/27/27 1833/25/27
f 1836/30/26 1837/29/26 1835/27/26
f 1838/32/24 1839/31/24 1837/29/24
f 1840/34/23 1841/33/23 1839/31/23
f 1842/36/22 1843/35/22 1841/33/22
f 1844/38/21 1845/37/21 1843/35/21
f 1846/40/20 1847/39/20 1845/37/20
f 1848/42/106 1849/41/364 1847/39/364
f 1850/44/18 1851/43/18 1849/41/18
f 1852/46/16 1853/45/17 1851/43/17
f 1854/48/15 1855/47/15 1853/45/15
f 1856/50/14 1857/49/14 1855/47/14
f 1858/52/107 1859/51/51 1857/49/51
f 1860/54/50 1861/53/50 1859/51/50
f 1862/56/291 1863/55/48 1861/53/48
f 1864/58/102 1865/57/47 1863/55/47
f 1866/60/46 1867/59/46 1865/57/46
f 1868/62/45 1869/61/45 1867/59/45
f 1870/64/44 1871/63/44 1869/61/44
f 1872/66/43 1873/65/43 1871/63/43
f 1874/68/97 1875/67/42 1873/65/42
f 1876/70/41 1877/69/41 1875/67/41
f 1878/72/149 1879/71/40 1877/69/40
f 1880/74/293 1881/73/293 1879/71/293
f 1882/76/37 1883/75/37 1881/73/37
f 1884/78/108 1885/77/36 1883/75/36
f 1884/78/310 2303/79/310 1886/79/310
f 1886/79/292 1887/80/35 1885/77/35
f 1888/82/34 1825/81/34 1887/80/34
f 1841/33/62 1896/31/62 1839/31/62
f 1910/59/46 1941/57/327 1909/57/327
f 1859/51/71 1905/49/71 1857/49/71
f 1877/69/68 1914/67/68 1875/67/68
f 1833/25/58 1892/23/58 1831/23/58
f 1851/43/57 1901/41/57 1849/41/56
f 1867/59/64 1911/61/64 1910/59/64
f 1885/77/63 1920/80/63 1919/77/63
f 1841/33/52 1898/35/52 1897/33/52
f 1859/51/60 1907/53/60 1906/51/60
f 1879/71/59 1915/69/59 1877/69/59
f 1835/27/92 1893/25/92 1833/25/92
f 1853/45/674 1902/43/91 1851/43/91
f 1869/61/55 1912/63/55 1911/61/55
f 1825/20/88 1890/18/88 1889/20/87
f 1825/81/54 1920/80/54 1887/80/54
f 1845/37/84 1898/35/85 1843/35/85
f 1863/55/94 1907/53/94 1861/53/94
f 1879/71/93 1917/73/675 1916/71/93
f 1835/27/81 1895/29/81 1894/27/81
f 1855/47/80 1903/45/676 1853/45/676
f 1873/65/89 1912/63/89 1871/63/89
f 1829/21/77 1890/18/77 1827/18/77
f 1847/39/75 1899/37/75 1845/37/76
f 1863/55/83 1909/57/83 1908/55/83
f 1883/75/82 1917/73/82 1881/73/82
f 1837/29/72 1896/31/72 1895/29/72
f 1855/47/69 1905/49/69 1904/47/69
f 1873/65/78 1914/67/79 1913/65/78
f 1831/23/66 1891/21/66 1829/21/66
f 1849/41/579 1900/39/579 1847/39/579
f 1865/57/74 1910/59/74 1909/57/74
f 1883/75/677 1919/77/73 1918/75/677
f 1945/65/112 1976/63/112 1944/63/112
f 1897/33/23 1928/31/23 1896/31/23
f 1911/61/100 1942/59/100 1910/59/100
f 1898/35/22 1929/33/22 1897/33/22
f 1912/63/98 1943/61/44 1911/61/44
f 1899/37/21 1930/35/21 1898/35/21
f 1913/65/43 1944/63/43 1912/63/43
f 1900/39/109 1931/37/20 1899/37/20
f 1914/67/42 1945/65/97 1913/65/97
f 1901/41/106 1932/39/106 1900/39/106
f 1915/69/41 1946/67/41 1914/67/41
f 1902/43/18 1933/41/18 1901/41/18
f 1916/71/184 1947/69/40 1915/69/40
f 1903/45/17 1934/43/16 1902/43/16
f 1890/18/33 1921/20/33 1889/20/33
f 1917/73/447 1948/71/449 1916/71/449
f 1904/47/15 1935/45/15 1903/45/15
f 1891/21/32 1922/18/32 1890/18/32
f 1918/75/37 1949/73/38 1917/73/38
f 1905/49/14 1936/47/14 1904/47/14
f 1892/23/31 1923/21/31 1891/21/31
f 1919/77/36 1950/75/36 1918/75/108
f 1906/51/107 1937/49/107 1905/49/107
f 1893/25/99 1924/23/29 1892/23/29
f 1920/80/35 1951/77/35 1919/77/35
f 1907/53/50 1938/51/50 1906/51/50
f 1894/27/27 1925/25/27 1893/25/27
f 1889/81/34 1952/80/34 1920/80/34
f 1908/55/291 1939/53/291 1907/53/291
f 1895/29/26 1926/27/26 1894/27/26
f 1909/57/102 1940/55/102 1908/55/102
f 1896/31/96 1927/29/96 1895/29/96
f 1980/71/40 2011/69/184 1979/69/184
f 1931/37/136 1964/39/136 1963/37/136
f 1945/65/95 1978/67/95 1977/65/95
f 1932/39/133 1965/41/133 1964/39/133
f 1946/67/143 1979/69/143 1978/67/143
f 1933/41/130 1966/43/130 1965/41/130
f 1948/71/141 1979/69/141 1947/69/141
f 1935/45/126 1966/43/126 1934/43/126
f 1921/20/125 1954/18/125 1953/20/125
f 1949/73/139 1980/71/139 1948/71/139
f 1935/45/678 1968/47/122 1967/45/678
f 1922/18/121 1955/21/121 1954/18/121
f 1950/75/137 1981/73/137 1949/73/137
f 1936/47/119 1969/49/119 1968/47/119
f 1923/21/118 1956/23/118 1955/21/118
f 1950/75/135 1983/77/135 1982/75/135
f 1937/49/134 1970/51/134 1969/49/134
f 1925/25/115 1956/23/115 1924/23/115
f 1952/80/132 1983/77/132 1951/77/132
f 1939/53/131 1970/51/131 1938/51/131
f 1925/25/113 1958/27/113 1957/25/591
f 1921/81/679 1984/80/129 1952/80/129
f 1940/55/127 1971/53/127 1939/53/127
f 1926/27/111 1959/29/111 1958/27/111
f 1941/57/123 1972/55/123 1940/55/123
f 1928/31/144 1959/29/144 1927/29/144
f 1941/57/120 1974/59/120 1973/57/120
f 1929/33/142 1960/31/142 1928/31/142
f 1943/61/680 1974/59/116 1942/59/116
f 1929/33/140 1962/35/140 1961/33/140
f 1944/63/114 1975/61/114 1943/61/114
f 1930/35/138 1963/37/138 1962/35/138
f 1988/23/175 2019/21/175 1987/21/175
f 1967/45/17 1998/43/17 1966/43/17
f 1954/18/33 1985/20/33 1953/20/33
f 1981/73/293 2012/71/293 1980/71/293
f 1968/47/15 1999/45/15 1967/45/15
f 1955/21/32 1986/18/32 1954/18/32
f 1982/75/37 2013/73/37 1981/73/37
f 1969/49/14 2000/47/14 1968/47/14
f 1956/23/575 1987/21/575 1955/21/575
f 1983/77/108 2014/75/108 1982/75/108
f 1970/51/107 2001/49/107 1969/49/107
f 1957/25/28 1988/23/28 1956/23/28
f 1984/80/35 2015/77/35 1983/77/35
f 1971/53/50 2002/51/50 1970/51/50
f 1958/27/27 1989/25/27 1957/25/27
f 1953/81/34 2016/80/34 1984/80/34
f 1972/55/291 2003/53/291 1971/53/291
f 1959/29/25 1990/27/25 1958/27/25
f 1973/57/146 2004/55/146 1972/55/146
f 1960/31/96 1991/29/96 1959/29/96
f 1974/59/46 2005/57/46 1973/57/46
f 1961/33/23 1992/31/23 1960/31/23
f 1975/61/100 2006/59/100 1974/59/100
f 1962/35/22 1993/33/22 1961/33/22
f 1976/63/44 2007/61/44 1975/61/44
f 1963/37/21 1994/35/21 1962/35/21
f 1977/65/43 2008/63/43 1976/63/43
f 1964/39/20 1995/37/20 1963/37/20
f 1978/67/42 2009/65/42 1977/65/42
f 1965/41/585 1996/39/585 1964/39/364
f 1979/69/41 2010/67/41 1978/67/41
f 1966/43/18 1997/41/18 1965/41/18
f 2023/29/26 2054/27/26 2022/27/26
f 2014/75/157 2047/77/157 2046/75/157
f 2001/49/156 2034/51/156 2033/49/156
f 1988/23/173 2021/25/173 2020/23/173
f 2016/80/154 2047/77/154 2015/77/154
f 2003/53/153 2034/51/153 2002/51/153
f 1990/27/171 2021/25/171 1989/25/171
f 1985/81/151 2048/80/151 2016/80/151
f 2004/55/150 2035/53/150 2003/53/150
f 1991/29/169 2022/27/169 1990/27/169
f 2004/55/181 2037/57/181 2036/55/181
f 1991/29/167 2024/31/167 2023/29/597
f 2006/59/177 2037/57/177 2005/57/177
f 1992/31/165 2025/33/164 2024/31/165
f 2007/61/174 2038/59/174 2006/59/174
f 1993/33/162 2026/35/162 2025/33/162
f 2008/63/172 2039/61/172 2007/61/172
f 1994/35/160 2027/37/160 2026/35/160
f 2009/65/170 2040/63/170 2008/63/170
f 1995/37/158 2028/39/158 2027/37/158
f 2010/67/168 2041/65/168 2009/65/168
f 1996/39/155 2029/41/155 2028/39/155
f 2011/69/166 2042/67/166 2010/67/166
f 1997/41/152 2030/43/152 2029/41/152
f 2011/69/681 2044/71/163 2043/69/681
f 1999/45/145 2030/43/145 1998/43/145
f 1985/20/182 2018/18/182 2017/20/182
f 2012/71/161 2045/73/599 2044/71/161
f 2000/47/180 2031/45/180 1999/45/180
f 1986/18/179 2019/21/682 2018/18/179
f 2014/75/159 2045/73/159 2013/73/159
f 2001/49/176 2032/47/176 2000/47/176
f 2058/35/215 2089/33/215 2057/33/215
f 2037/57/47 2068/55/47 2036/55/47
f 2024/31/96 2055/29/96 2023/29/96
f 2038/59/46 2069/57/46 2037/57/46
f 2025/33/23 2056/31/23 2024/31/23
f 2039/61/100 2070/59/100 2038/59/100
f 2026/35/22 2057/33/22 2025/33/22
f 2040/63/44 2071/61/44 2039/61/44
f 2027/37/21 2058/35/21 2026/35/21
f 2041/65/43 2072/63/43 2040/63/43
f 2028/39/20 2059/37/20 2027/37/20
f 2042/67/42 2073/65/42 2041/65/42
f 2029/41/19 2060/39/19 2028/39/19
f 2043/69/41 2074/67/41 2042/67/41
f 2030/43/18 2061/41/18 2029/41/18
f 2044/71/40 2075/69/40 2043/69/149
f 2031/45/16 2062/43/16 2030/43/16
f 2018/18/33 2049/20/33 2017/20/33
f 2045/73/293 2076/71/293 2044/71/293
f 2032/47/446 2063/45/446 2031/45/446
f 2019/21/32 2050/18/32 2018/18/32
f 2046/75/37 2077/73/37 2045/73/37
f 2033/49/14 2064/47/14 2032/47/14
f 2020/23/31 2051/21/31 2019/21/31
f 2047/77/36 2078/75/36 2046/75/36
f 2034/51/107 2065/49/107 2033/49/107
f 2021/25/28 2052/23/28 2020/23/29
f 2048/80/35 2079/77/35 2047/77/35
f 2035/53/50 2066/51/50 2034/51/50
f 2022/27/27 2053/25/27 2021/25/27
f 2017/81/34 2080/80/34 2048/80/34
f 2036/55/48 2067/53/48 2035/53/48
f 2093/41/19 2124/39/19 2092/39/19
f 2071/61/192 2104/63/192 2103/61/683
f 2059/37/684 2090/35/213 2058/35/213
f 2072/63/190 2105/65/190 2104/63/190
f 2060/39/211 2091/37/211 2059/37/211
f 2073/65/188 2106/67/188 2105/65/188
f 2061/41/208 2092/39/208 2060/39/208
f 2075/69/185 2106/67/186 2074/67/186
f 2062/43/205 2093/41/205 2061/41/205
f 2076/71/216 2107/69/216 2075/69/216
f 2063/45/202 2094/43/202 2062/43/202
f 2049/20/201 2082/18/201 2081/20/201
f 2077/73/214 2108/71/214 2076/71/214
f 2064/47/199 2095/45/199 2063/45/199
f 2050/18/198 2083/21/198 2082/18/198
f 2078/75/212 2109/73/212 2077/73/212
f 2064/47/196 2097/49/196 2096/47/196
f 2051/21/195 2084/23/195 2083/21/195
f 2078/75/210 2111/77/210 2110/75/210
f 2065/49/209 2098/51/209 2097/49/209
f 2052/23/193 2085/25/193 2084/23/193
f 2080/80/207 2111/77/207 2079/77/207
f 2066/51/206 2099/53/206 2098/51/206
f 2053/25/191 2086/27/191 2085/25/191
f 2049/81/204 2112/80/204 2080/80/204
f 2068/55/203 2099/53/203 2067/53/203
f 2054/27/189 2087/29/189 2086/27/189
f 2069/57/200 2100/55/200 2068/55/200
f 2055/29/187 2088/31/187 2087/29/187
f 2070/59/197 2101/57/197 2069/57/197
f 2057/33/183 2088/31/183 2056/31/183
f 2071/61/194 2102/59/194 2070/59/194
f 2127/45/218 2160/47/218 2159/45/218
f 2107/69/41 2138/67/41 2106/67/41
f 2094/43/18 2125/41/18 2093/41/18
f 2108/71/184 2139/69/184 2107/69/184
f 2095/45/17 2126/43/17 2094/43/17
f 2082/18/103 2113/20/103 2081/20/103
f 2109/73/53 2140/71/39 2108/71/39
f 2096/47/446 2127/45/446 2095/45/15
f 2083/21/32 2114/18/32 2082/18/32
f 2110/75/37 2141/73/37 2109/73/37
f 2097/49/14 2128/47/14 2096/47/14
f 2084/23/31 2115/21/31 2083/21/31
f 2111/77/36 2142/75/36 2110/75/36
f 2098/51/51 2129/49/51 2097/49/51
f 2085/25/29 2116/23/29 2084/23/29
f 2112/80/35 2143/77/35 2111/77/35
f 2099/53/50 2130/51/50 2098/51/50
f 2086/27/27 2117/25/27 2085/25/27
f 2081/81/34 2144/80/34 2112/80/34
f 2100/55/48 2131/53/48 2099/53/48
f 2087/29/25 2118/27/25 2086/27/26
f 2101/57/47 2132/55/47 2100/55/102
f 2088/31/24 2119/29/24 2087/29/24
f 2102/59/46 2133/57/46 2101/57/46
f 2089/33/23 2120/31/23 2088/31/23
f 2103/61/45 2134/59/45 2102/59/100
f 2090/35/22 2121/33/22 2089/33/22
f 2104/63/44 2135/61/44 2103/61/44
f 2091/37/21 2122/35/21 2090/35/21
f 2105/65/43 2136/63/43 2104/63/43
f 2092/39/110 2123/37/110 2091/37/110
f 2106/67/42 2137/65/42 2105/65/42
f 2163/53/50 2194/51/50 2162/51/50
f 2114/18/217 2147/21/217 2146/18/217
f 2141/73/233 2174/75/233 2173/73/685
f 2128/47/250 2161/49/250 2160/47/250
f 2116/23/249 2147/21/249 2115/21/249
f 2142/75/231 2175/77/231 2174/75/231
f 2130/51/230 2161/49/230 2129/49/230
f 2117/25/246 2148/23/246 2116/23/246
f 2144/80/603 2175/77/226 2143/77/226
f 2131/53/225 2162/51/225 2130/51/225
f 2118/27/608 2149/25/244 2117/25/244
f 2144/80/223 2145/81/223 2176/80/223
f 2132/55/222 2163/53/222 2131/53/222
f 2119/29/242 2150/27/242 2118/27/242
f 2133/57/219 2164/55/219 2132/55/219
f 2119/29/240 2152/31/240 2151/29/240
f 2133/57/251 2166/59/686 2165/57/251
f 2120/31/238 2153/33/238 2152/31/238
f 2134/59/247 2167/61/247 2166/59/247
f 2121/33/236 2154/35/236 2153/33/236
f 2136/63/245 2167/61/245 2135/61/245
f 2122/35/234 2155/37/234 2154/35/234
f 2137/65/243 2168/63/243 2136/63/243
f 2123/37/232 2156/39/232 2155/37/232
f 2138/67/241 2169/65/241 2137/65/241
f 2124/39/228 2157/41/228 2156/39/228
f 2138/67/239 2171/69/239 2170/67/239
f 2126/43/224 2157/41/224 2125/41/224
f 2139/69/237 2172/71/237 2171/69/237
f 2126/43/221 2159/45/221 2158/43/221
f 2113/20/220 2146/18/220 2145/20/220
f 2140/71/235 2173/73/235 2172/71/609
f 2197/57/273 2230/59/273 2229/57/273
f 2150/27/27 2181/25/27 2149/25/27
f 2145/81/34 2208/80/687 2176/80/687
f 2164/55/48 2195/53/48 2163/53/48
f 2151/29/25 2182/27/25 2150/27/25
f 2165/57/688 2196/55/688 2164/55/688
f 2152/31/96 2183/29/689 2151/29/689
f 2166/59/690 2197/57/691 2165/57/691
f 2153/33/23 2184/31/23 2152/31/23
f 2167/61/45 2198/59/100 2166/59/100
f 2154/35/22 2185/33/22 2153/33/22
f 2168/63/44 2199/61/98 2167/61/98
f 2155/37/21 2186/35/21 2154/35/21
f 2169/65/43 2200/63/43 2168/63/43
f 2156/39/109 2187/37/20 2155/37/20
f 2170/67/42 2201/65/692 2169/65/692
f 2157/41/106 2188/39/106 2156/39/106
f 2171/69/41 2202/67/41 2170/67/41
f 2158/43/18 2189/41/18 2157/41/18
f 2172/71/40 2203/69/693 2171/69/693
f 2159/45/17 2190/43/17 2158/43/17
f 2146/18/694 2177/20/33 2145/20/33
f 2173/73/448 2204/71/448 2172/71/448
f 2160/47/15 2191/45/15 2159/45/15
f 2147/21/32 2178/18/32 2146/18/32
f 2174/75/37 2205/73/613 2173/73/613
f 2161/49/14 2192/47/14 2160/47/611
f 2148/23/695 2179/21/30 2147/21/30
f 2175/77/36 2206/75/108 2174/75/108
f 2162/51/107 2193/49/107 2161/49/614
f 2149/25/29 2180/23/29 2148/23/29
f 2176/80/35 2207/77/35 2175/77/35
f 2233/65/43 2264/63/43 2232/63/43
f 2185/33/260 2216/31/260 2184/31/260
f 2198/59/270 2231/61/270 2230/59/270
f 2186/35/257 2217/33/257 2185/33/257
f 2199/61/268 2232/63/268 2231/61/268
f 2187/37/289 2218/35/289 2186/35/289
f 2201/65/266 2232/63/266 2200/63/266
f 2188/39/287 2219/37/287 2187/37/287
f 2202/67/263 2233/65/263 2201/65/263
f 2189/41/284 2220/39/284 2188/39/284
f 2203/69/261 2234/67/261 2202/67/261
f 2190/43/281 2221/41/281 2189/41/281
f 2204/71/259 2235/69/259 2203/69/259
f 2190/43/278 2223/45/278 2222/43/278
f 2177/20/277 2210/18/277 2209/20/277
f 2205/73/253 2236/71/253 2204/71/253
f 2192/47/275 2223/45/275 2191/45/275
f 2179/21/274 2210/18/274 2178/18/274
f 2206/75/288 2237/73/288 2205/73/288
f 2193/49/272 2224/47/272 2192/47/272
f 2180/23/271 2211/21/271 2179/21/271
f 2206/75/286 2239/77/286 2238/75/286
f 2193/49/285 2226/51/285 2225/49/285
f 2181/25/269 2212/23/269 2180/23/269
f 2207/77/283 2240/80/283 2239/77/283
f 2194/51/282 2227/53/282 2226/51/282
f 2181/25/267 2214/27/267 2213/25/267
f 2177/81/280 2240/80/280 2208/80/280
f 2195/53/279 2228/55/279 2227/53/279
f 2182/27/264 2215/29/264 2214/27/264
f 2196/55/276 2229/57/276 2228/55/276
f 2184/31/262 2215/29/262 2183/29/262
f 2256/90/290 2264/91/290 2272/92/290
f 2220/39/109 2251/37/109 2219/37/109
f 2234/67/42 2265/65/42 2233/65/42
f 2221/41/19 2252/39/19 2220/39/106
f 2235/69/41 2266/67/41 2234/67/41
f 2222/43/18 2253/41/18 2221/41/18
f 2236/71/184 2267/69/184 2235/69/184
f 2223/45/16 2254/43/16 2222/43/16
f 2210/18/33 2241/20/33 2209/20/33
f 2237/73/53 2268/71/293 2236/71/39
f 2224/47/446 2255/45/446 2223/45/15
f 2211/21/32 2242/18/32 2210/18/32
f 2238/75/37 2269/73/37 2237/73/37
f 2225/49/14 2256/47/14 2224/47/14
f 2212/23/30 2243/21/30 2211/21/30
f 2239/77/36 2270/75/36 2238/75/36
f 2226/51/107 2257/49/107 2225/49/107
f 2213/25/28 2244/23/28 2212/23/28
f 2240/80/35 2271/77/35 2239/77/35
f 2227/53/50 2258/51/50 2226/51/50
f 2214/27/27 2245/25/27 2213/25/27
f 2209/81/34 2272/80/34 2240/80/34
f 2228/55/48 2259/53/48 2227/53/48
f 2215/29/26 2246/27/26 2214/27/26
f 2229/57/146 2260/55/146 2228/55/146
f 2216/31/96 2247/29/96 2215/29/96
f 2230/59/46 2261/57/46 2229/57/46
f 2217/33/23 2248/31/23 2216/31/23
f 2231/61/100 2262/59/100 2230/59/100
f 2218/35/22 2249/33/22 2217/33/22
f 2232/63/44 2263/61/44 2231/61/44
f 2219/37/21 2250/35/21 2218/35/21
f 2302/78/36 2335/79/36 2303/79/36
f 1842/36/301 2280/34/301 2281/36/301
f 1858/52/308 2290/54/308 1860/54/308
f 1878/72/306 2298/70/306 2299/72/306
f 1832/26/298 2277/28/298 1834/28/298
f 1852/46/297 2285/44/297 2286/46/297
f 1868/62/303 2295/64/303 1870/64/303
f 1886/79/302 2304/82/302 1888/82/302
f 1842/36/294 2282/38/294 1844/38/294
f 1860/54/625 2291/56/625 1862/56/625
f 1880/74/696 2299/72/299 2300/74/299
f 1834/28/324 2278/30/324 1836/30/324
f 1852/46/323 2287/48/323 1854/48/323
f 1872/66/296 2295/64/296 2296/66/296
f 1828/22/320 2273/19/320 2274/22/320
f 1826/86/295 2304/82/295 2273/86/295
f 1844/38/319 2283/40/319 1846/40/319
f 1862/56/49 2292/58/49 1864/58/697
f 1880/74/325 2301/76/325 1882/76/325
f 1836/30/698 2279/32/698 1838/32/316
f 1856/50/315 2287/48/315 2288/50/315
f 1874/68/321 2296/66/321 2297/68/321
f 1830/24/699 2274/22/313 2275/24/313
f 1848/42/312 2283/40/312 2284/42/312
f 1864/58/318 2293/60/318 1866/60/318
f 1882/76/317 2302/78/317 1884/78/317
f 1840/34/309 2279/32/309 2280/34/309
f 1856/50/622 2289/52/622 1858/52/622
f 1874/68/314 2298/70/314 1876/70/314
f 1832/26/305 2275/24/305 2276/26/305
f 1848/42/304 2285/44/304 1850/44/304
f 1868/62/311 2293/60/311 2294/62/311
f 2325/60/349 2356/58/349 2357/60/349
f 2289/52/51 2322/54/51 2290/54/51
f 2276/26/29 2309/28/29 2277/28/29
f 2303/79/35 2336/82/35 2304/82/292
f 2290/54/50 2323/56/50 2291/56/50
f 2277/28/27 2310/30/27 2278/30/27
f 2304/82/34 2305/86/34 2273/86/34
f 2292/58/291 2323/56/291 2324/58/48
f 2278/30/25 2311/32/25 2279/32/25
f 2293/60/47 2324/58/47 2325/60/47
f 2279/32/24 2312/34/24 2280/34/24
f 2293/60/46 2326/62/46 2294/62/46
f 2280/34/23 2313/36/23 2281/36/23
f 2294/62/100 2327/64/100 2295/64/100
f 2281/36/22 2314/38/22 2282/38/22
f 2295/64/44 2328/66/44 2296/66/44
f 2283/40/21 2314/38/21 2315/40/21
f 2296/66/43 2329/68/43 2297/68/43
f 2284/42/20 2315/40/20 2316/42/20
f 2297/68/42 2330/70/42 2298/70/42
f 2284/42/106 2317/44/106 2285/44/106
f 2298/70/41 2331/72/41 2299/72/41
f 2285/44/18 2318/46/18 2286/46/18
f 2299/72/40 2332/74/40 2300/74/184
f 2286/46/16 2319/48/16 2287/48/16
f 2273/19/33 2306/22/33 2274/22/33
f 2300/74/293 2333/76/293 2301/76/293
f 2288/50/15 2319/48/15 2320/50/15
f 2274/22/32 2307/24/32 2275/24/32
f 2301/76/37 2334/78/37 2302/78/37
f 2288/50/14 2321/52/14 2289/52/14
f 2275/24/31 2308/26/31 2276/26/31
f 2359/64/44 2392/66/44 2360/66/98
f 2311/32/334 2344/34/334 2312/34/334
f 2325/60/346 2358/62/346 2326/62/346
f 2312/34/332 2345/36/332 2313/36/332
f 2326/62/342 2359/64/342 2327/64/342
f 2314/38/330 2345/36/330 2346/38/330
f 2327/64/340 2360/66/340 2328/66/340
f 2315/40/328 2346/38/328 2347/40/328
f 2328/66/338 2361/68/338 2329/68/337
f 2316/42/361 2347/40/361 2348/42/361
f 2330/70/335 2361/68/335 2362/70/335
f 2317/44/358 2348/42/358 2349/44/358
f 2331/72/333 2362/70/333 2363/72/626
f 2318/46/355 2349/44/355 2350/46/355
f 2331/72/331 2364/74/331 2332/74/331
f 2319/48/700 2350/46/351 2351/48/700
f 2305/19/350 2338/22/350 2306/22/350
f 2332/74/329 2365/76/329 2333/76/701
f 2320/50/348 2351/48/348 2352/50/348
f 2306/22/347 2339/24/347 2307/24/347
f 2333/76/326 2366/78/326 2334/78/702
f 2321/52/345 2352/50/345 2353/52/345
f 2307/24/343 2340/26/343 2308/26/343
f 2335/79/360 2366/78/360 2367/79/360
f 2322/54/627 2353/52/627 2354/54/627
f 2309/28/341 2340/26/341 2341/28/341
f 2336/82/357 2367/79/357 2368/82/357
f 2323/56/356 2354/54/356 2355/56/356
f 2309/28/339 2342/30/339 2310/30/339
f 2336/82/354 2337/86/354 2305/86/354
f 2323/56/353 2356/58/352 2324/58/352
f 2310/30/336 2343/32/336 2311/32/336
f 2395/72/398 2426/70/398 2427/72/398
f 2346/38/21 2379/40/21 2347/40/21
f 2360/66/43 2393/68/43 2361/68/43
f 2347/40/20 2380/42/20 2348/42/20
f 2361/68/42 2394/70/42 2362/70/42
f 2348/42/364 2381/44/364 2349/44/364
f 2363/72/41 2394/70/41 2395/72/41
f 2349/44/104 2382/46/104 2350/46/104
f 2364/74/184 2395/72/184 2396/74/184
f 2350/46/17 2383/48/17 2351/48/17
f 2338/22/33 2369/19/33 2370/22/33
f 2365/76/53 2396/74/53 2397/76/449
f 2351/48/15 2384/50/15 2352/50/15
f 2339/24/32 2370/22/32 2371/24/32
f 2366/78/37 2397/76/37 2398/78/37
f 2352/50/14 2385/52/14 2353/52/14
f 2339/24/31 2372/26/31 2340/26/31
f 2366/78/36 2399/79/36 2367/79/36
f 2353/52/107 2386/54/107 2354/54/107
f 2341/28/29 2372/26/29 2373/28/29
f 2367/79/35 2400/82/35 2368/82/35
f 2354/54/50 2387/56/50 2355/56/50
f 2341/28/27 2374/30/27 2342/30/27
f 2368/82/34 2369/86/34 2337/86/34
f 2355/56/291 2388/58/48 2356/58/291
f 2342/30/26 2375/32/25 2343/32/26
f 2356/58/102 2389/60/102 2357/60/102
f 2343/32/96 2376/34/96 2344/34/96
f 2357/60/46 2390/62/46 2358/62/46
f 2344/34/23 2377/36/23 2345/36/23
f 2358/62/100 2391/64/100 2359/64/45
f 2345/36/22 2378/38/22 2346/38/22
f 2402/22/32 2435/24/32 2403/24/32
f 2382/46/380 2413/44/380 2414/46/380
f 2396/74/396 2427/72/396 2428/74/703
f 2382/46/377 2415/48/377 2383/48/377
f 2369/19/374 2402/22/374 2370/22/374
f 2396/74/393 2429/76/393 2397/76/393
f 2384/50/372 2415/48/372 2416/50/372
f 2371/24/371 2402/22/371 2403/24/371
f 2398/78/390 2429/76/390 2430/78/390
f 2385/52/369 2416/50/369 2417/52/369
f 2372/26/368 2403/24/368 2404/26/368
f 2399/79/386 2430/78/386 2431/79/386
f 2386/54/385 2417/52/385 2418/54/385
f 2373/28/365 2404/26/365 2405/28/365
f 2400/82/383 2431/79/383 2432/82/383
f 2386/54/382 2419/56/382 2387/56/382
f 2374/30/405 2405/28/405 2406/30/405
f 2369/86/379 2432/82/379 2401/86/379
f 2387/56/378 2420/58/378 2388/58/378
f 2374/30/403 2407/32/704 2375/32/704
f 2388/58/373 2421/60/373 2389/60/373
f 2375/32/400 2408/34/400 2376/34/400
f 2389/60/370 2422/62/370 2390/62/370
f 2377/36/397 2408/34/397 2409/36/397
f 2390/62/366 2423/64/366 2391/64/366
f 2377/36/395 2410/38/395 2378/38/394
f 2391/64/363 2424/66/362 2392/66/362
f 2378/38/392 2411/40/392 2379/40/391
f 2393/68/404 2424/66/404 2425/68/631
f 2379/40/389 2412/42/389 2380/42/389
f 2393/68/401 2426/70/401 2394/70/401
f 2381/44/384 2412/42/384 2413/44/384
f 2437/28/424 2470/30/424 2438/30/424
f 2429/76/37 2462/78/37 2430/78/37
f 2416/50/14 2449/52/14 2417/52/14
f 2403/24/31 2436/26/31 2404/26/30
f 2430/78/108 2463/79/108 2431/79/108
f 2417/52/51 2450/54/51 2418/54/51
f 2404/26/28 2437/28/29 2405/28/99
f 2431/79/35 2464/82/35 2432/82/35
f 2418/54/50 2451/56/50 2419/56/50
f 2405/28/27 2438/30/27 2406/30/27
f 2432/82/34 2433/86/34 2401/86/34
f 2419/56/48 2452/58/48 2420/58/48
f 2406/30/26 2439/32/26 2407/32/26
f 2420/58/47 2453/60/47 2421/60/47
f 2407/32/96 2440/34/96 2408/34/96
f 2421/60/46 2454/62/46 2422/62/46
f 2408/34/23 2441/36/23 2409/36/23
f 2422/62/100 2455/64/100 2423/64/100
f 2409/36/22 2442/38/22 2410/38/22
f 2423/64/44 2456/66/44 2424/66/44
f 2410/38/21 2443/40/21 2411/40/21
f 2424/66/43 2457/68/43 2425/68/43
f 2411/40/110 2444/42/109 2412/42/109
f 2425/68/42 2458/70/42 2426/70/42
f 2412/42/19 2445/44/19 2413/44/19
f 2426/70/41 2459/72/41 2427/72/41
f 2413/44/18 2446/46/18 2414/46/18
f 2427/72/149 2460/74/40 2428/74/184
f 2414/46/17 2447/48/17 2415/48/17
f 2401/19/33 2434/22/33 2402/22/33
f 2428/74/53 2461/76/293 2429/76/293
f 2415/48/15 2448/50/15 2416/50/15
f 2472/34/23 2505/36/23 2473/36/23
f 2464/82/438 2465/86/438 2433/86/438
f 2451/56/641 2484/58/641 2452/58/641
f 2439/32/422 2470/30/422 2471/32/422
f 2453/60/433 2484/58/433 2485/60/433
f 2439/32/420 2472/34/420 2440/34/420
f 2453/60/430 2486/62/430 2454/62/430
f 2440/34/418 2473/36/417 2441/36/417
f 2455/64/634 2486/62/634 2487/64/634
f 2441/36/414 2474/38/414 2442/38/414
f 2456/66/635 2487/64/635 2488/66/635
f 2442/38/411 2475/40/411 2443/40/411
f 2457/68/423 2488/66/423 2489/68/423
f 2444/42/409 2475/40/409 2476/42/409
f 2458/70/421 2489/68/421 2490/70/421
f 2445/44/406 2476/42/406 2477/44/406
f 2459/72/636 2490/70/636 2491/72/636
f 2445/44/441 2478/46/440 2446/46/440
f 2459/72/415 2492/74/415 2460/74/415
f 2446/46/435 2479/48/435 2447/48/435
f 2434/22/705 2465/19/705 2466/22/434
f 2461/76/413 2492/74/413 2493/76/412
f 2447/48/432 2480/50/432 2448/50/432
f 2434/22/431 2467/24/431 2435/24/431
f 2462/78/410 2493/76/410 2494/78/410
f 2448/50/429 2481/52/429 2449/52/429
f 2436/26/428 2467/24/428 2468/26/706
f 2463/79/408 2494/78/408 2495/79/408
f 2449/52/407 2482/54/407 2450/54/407
f 2437/28/426 2468/26/426 2469/28/707
f 2464/82/443 2495/79/443 2496/82/443
f 2450/54/708 2483/56/708 2451/56/442
f 2507/40/479 2540/42/479 2508/42/479
f 2486/62/45 2519/64/100 2487/64/100
f 2473/36/22 2506/38/22 2474/38/22
f 2487/64/44 2520/66/98 2488/66/98
f 2474/38/21 2507/40/21 2475/40/21
f 2488/66/43 2521/68/43 2489/68/43
f 2475/40/20 2508/42/20 2476/42/20
f 2489/68/42 2522/70/42 2490/70/42
f 2476/42/364 2509/44/19 2477/44/19
f 2490/70/41 2523/72/41 2491/72/41
f 2477/44/18 2510/46/18 2478/46/18
f 2491/72/149 2524/74/184 2492/74/184
f 2478/46/17 2511/48/17 2479/48/17
f 2465/19/33 2498/22/33 2466/22/33
f 2492/74/53 2525/76/447 2493/76/447
f 2479/48/15 2512/50/15 2480/50/15
f 2466/22/32 2499/24/32 2467/24/32
f 2493/76/37 2526/78/37 2494/78/37
f 2480/50/14 2513/52/14 2481/52/14
f 2467/24/30 2500/26/30 2468/26/31
f 2494/78/36 2527/79/108 2495/79/108
f 2481/52/107 2514/54/107 2482/54/107
f 2468/26/99 2501/28/99 2469/28/29
f 2495/79/292 2528/82/292 2496/82/292
f 2482/54/50 2515/56/50 2483/56/50
f 2469/28/27 2502/30/27 2470/30/27
f 2496/82/34 2497/86/34 2465/86/34
f 2483/56/48 2516/58/48 2484/58/48
f 2470/30/26 2503/32/26 2471/32/26
f 2484/58/47 2517/60/102 2485/60/102
f 2471/32/96 2504/34/96 2472/34/96
f 2485/60/46 2518/62/46 2486/62/46
f 2542/46/16 2575/48/16 2543/48/17
f 2521/68/488 2554/70/488 2522/70/488
f 2508/42/475 2541/44/475 2509/44/475
f 2522/70/486 2555/72/486 2523/72/486
f 2509/44/709 2542/46/645 2510/46/645
f 2524/74/484 2555/72/484 2556/74/484
f 2510/46/466 2543/48/466 2511/48/466
f 2497/19/465 2530/22/465 2498/22/465
f 2525/76/482 2556/74/482 2557/76/482
f 2512/50/463 2543/48/462 2544/50/463
f 2498/22/461 2531/24/461 2499/24/461
f 2526/78/643 2557/76/643 2558/78/643
f 2513/52/459 2544/50/458 2545/52/648
f 2500/26/457 2531/24/457 2532/26/457
f 2527/79/644 2558/78/644 2559/79/644
f 2513/52/476 2546/54/476 2514/54/476
f 2501/28/650 2532/26/650 2533/28/650
f 2528/82/474 2559/79/710 2560/82/474
f 2515/56/473 2546/54/472 2547/56/473
f 2501/28/651 2534/30/711 2502/30/712
f 2528/82/469 2529/86/469 2497/86/469
f 2516/58/468 2547/56/467 2548/58/468
f 2503/32/444 2534/30/445 2535/32/444
f 2517/60/464 2548/58/464 2549/60/464
f 2504/34/713 2535/32/487 2536/34/713
f 2518/62/647 2549/60/647 2550/62/647
f 2505/36/485 2536/34/485 2537/36/485
f 2519/64/714 2550/62/456 2551/64/714
f 2506/38/483 2537/36/483 2538/38/715
f 2519/64/454 2552/66/454 2520/66/454
f 2507/40/481 2538/38/481 2539/40/481
f 2520/66/451 2553/68/451 2521/68/450
f 2578/54/716 2609/52/716 2610/54/716
f 2529/19/33 2562/22/33 2530/22/33
f 2556/74/39 2589/76/39 2557/76/39
f 2543/48/15 2576/50/15 2544/50/15
f 2530/22/32 2563/24/32 2531/24/32
f 2557/76/37 2590/78/37 2558/78/37
f 2544/50/14 2577/52/14 2545/52/14
f 2531/24/30 2564/26/30 2532/26/30
f 2558/78/108 2591/79/108 2559/79/108
f 2545/52/107 2578/54/107 2546/54/107
f 2532/26/29 2565/28/99 2533/28/99
f 2559/79/35 2592/82/35 2560/82/35
f 2546/54/50 2579/56/50 2547/56/50
f 2533/28/27 2566/30/27 2534/30/27
f 2560/82/34 2561/86/34 2529/86/34
f 2547/56/291 2580/58/291 2548/58/291
f 2534/30/25 2567/32/26 2535/32/26
f 2548/58/146 2581/60/146 2549/60/47
f 2535/32/96 2568/34/96 2536/34/96
f 2549/60/46 2582/62/46 2550/62/46
f 2536/34/23 2569/36/23 2537/36/23
f 2550/62/45 2583/64/100 2551/64/100
f 2537/36/22 2570/38/22 2538/38/22
f 2551/64/44 2584/66/98 2552/66/98
f 2538/38/21 2571/40/21 2539/40/21
f 2552/66/43 2585/68/43 2553/68/43
f 2539/40/110 2572/42/109 2540/42/109
f 2553/68/42 2586/70/42 2554/70/42
f 2540/42/106 2573/44/364 2541/44/364
f 2554/70/41 2587/72/41 2555/72/41
f 2541/44/104 2574/46/18 2542/46/18
f 2555/72/184 2588/74/184 2556/74/184
f 2612/58/146 2645/60/146 2613/60/146
f 2564/26/517 2597/28/517 2565/28/517
f 2591/79/493 2624/82/493 2592/82/493
f 2578/54/492 2611/56/492 2579/56/492
f 2565/28/514 2598/30/514 2566/30/514
f 2592/82/489 2593/86/489 2561/86/489
f 2580/58/529 2611/56/529 2612/58/529
f 2567/32/512 2598/30/512 2599/32/512
f 2580/58/525 2613/60/525 2581/60/525
f 2567/32/510 2600/34/510 2568/34/510
f 2581/60/521 2614/62/521 2582/62/521
f 2568/34/508 2601/36/508 2569/36/508
f 2582/62/518 2615/64/518 2583/64/518
f 2569/36/505 2602/38/505 2570/38/659
f 2584/66/516 2615/64/516 2616/66/516
f 2570/38/502 2603/40/502 2571/40/501
f 2585/68/656 2616/66/513 2617/68/656
f 2572/42/499 2603/40/499 2604/42/499
f 2586/70/511 2617/68/511 2618/70/717
f 2573/44/494 2604/42/494 2605/44/494
f 2587/72/509 2618/70/509 2619/72/509
f 2573/44/490 2606/46/490 2574/46/490
f 2588/74/506 2619/72/506 2620/74/506
f 2574/46/528 2607/48/528 2575/48/528
f 2562/22/527 2593/19/718 2594/22/527
f 2589/76/503 2620/74/503 2621/76/503
f 2576/50/524 2607/48/524 2608/50/524
f 2562/22/522 2595/24/522 2563/24/522
f 2590/78/500 2621/76/500 2622/78/500
f 2577/52/520 2608/50/520 2609/52/520
f 2564/26/519 2595/24/519 2596/26/519
f 2591/79/498 2622/78/498 2623/79/498
f 2647/64/540 2680/66/540 2648/66/540
f 2599/32/24 2632/34/96 2600/34/96
f 2613/60/46 2646/62/46 2614/62/46
f 2600/34/23 2633/36/23 2601/36/23
f 2614/62/45 2647/64/45 2615/64/45
f 2601/36/22 2634/38/22 2602/38/22
f 2615/64/98 2648/66/44 2616/66/44
f 2602/38/21 2635/40/21 2603/40/21
f 2616/66/43 2649/68/43 2617/68/43
f 2603/40/20 2636/42/109 2604/42/110
f 2617/68/42 2650/70/42 2618/70/42
f 2604/42/364 2637/44/364 2605/44/364
f 2618/70/41 2651/72/41 2619/72/41
f 2605/44/18 2638/46/18 2606/46/18
f 2619/72/184 2652/74/184 2620/74/184
f 2606/46/17 2639/48/17 2607/48/17
f 2593/19/33 2626/22/33 2594/22/33
f 2620/74/448 2653/76/448 2621/76/293
f 2607/48/446 2640/50/446 2608/50/15
f 2594/22/32 2627/24/32 2595/24/32
f 2621/76/37 2654/78/37 2622/78/37
f 2608/50/14 2641/52/14 2609/52/14
f 2595/24/30 2628/26/30 2596/26/30
f 2622/78/108 2655/79/36 2623/79/36
f 2609/52/51 2642/54/107 2610/54/107
f 2596/26/28 2629/28/28 2597/28/28
f 2623/79/35 2656/82/35 2624/82/35
f 2610/54/50 2643/56/50 2611/56/50
f 2597/28/27 2630/30/27 2598/30/27
f 2624/82/34 2625/86/34 2593/86/34
f 2611/56/48 2644/58/48 2612/58/48
f 2598/30/25 2631/32/25 2599/32/25
f 2672/50/14 2705/52/14 2673/52/14
f 2635/40/568 2666/38/568 2667/40/568
f 2648/66/538 2681/68/538 2649/68/538
f 2635/40/665 2668/42/665 2636/42/665
f 2649/68/534 2682/70/534 2650/70/535
f 2636/42/560 2669/44/560 2637/44/560
f 2650/70/660 2683/72/660 2651/72/660
f 2637/44/556 2670/46/556 2638/46/556
f 2651/72/572 2684/74/572 2652/74/572
f 2638/46/552 2671/48/552 2639/48/552
f 2626/22/550 2657/19/550 2658/22/550
f 2652/74/663 2685/76/662 2653/76/662
f 2639/48/668 2672/50/548 2640/50/548
f 2626/22/547 2659/24/547 2627/24/547
f 2653/76/567 2686/78/566 2654/78/566
f 2640/50/719 2673/52/544 2641/52/544
f 2627/24/543 2660/26/543 2628/26/543
f 2655/79/564 2686/78/564 2687/79/564
f 2641/52/562 2674/54/562 2642/54/562
f 2629/28/541 2660/26/541 2661/28/541
f 2656/82/558 2687/79/558 2688/82/558
f 2642/54/557 2675/56/557 2643/56/557
f 2630/30/539 2661/28/539 2662/30/539
f 2625/86/555 2688/82/554 2657/86/555
f 2643/56/667 2676/58/553 2644/58/553
f 2630/30/536 2663/32/536 2631/32/536
f 2644/58/549 2677/60/549 2645/60/549
f 2632/34/532 2663/32/532 2664/34/532
f 2645/60/670 2678/62/670 2646/62/545
f 2633/36/720 2664/34/573 2665/36/720
f 2647/64/721 2678/62/542 2679/64/721
f 2634/38/570 2665/36/570 2666/38/570
f 2707/93/574 2699/94/574 2691/95/574
f 2686/78/108 2719/79/108 2687/79/36
f 2673/52/107 2706/54/107 2674/54/107
f 2687/79/35 2720/82/35 2688/82/35
f 2657/19/103 2690/22/103 2658/22/103
f 2674/54/50 2707/56/50 2675/56/50
f 2688/82/34 2689/86/34 2657/86/34
f 2658/22/32 2691/24/32 2659/24/32
f 2675/56/291 2708/58/291 2676/58/291
f 2659/24/31 2692/26/31 2660/26/30
f 2676/58/47 2709/60/47 2677/60/47
f 2663/32/96 2696/34/96 2664/34/96
f 2660/26/29 2693/28/29 2661/28/29
f 2677/60/46 2710/62/46 2678/62/46
f 2664/34/23 2697/36/23 2665/36/23
f 2661/28/27 2694/30/27 2662/30/27
f 2678/62/100 2711/64/100 2679/64/100
f 2665/36/22 2698/38/22 2666/38/22
f 2662/30/26 2695/32/26 2663/32/26
f 2679/64/44 2712/66/44 2680/66/44
f 2666/38/21 2699/40/21 2667/40/21
f 2680/66/43 2713/68/43 2681/68/43
f 2667/40/109 2700/42/109 2668/42/109
f 2681/68/42 2714/70/42 2682/70/42
f 2668/42/106 2701/44/19 2669/44/19
f 2682/70/41 2715/72/41 2683/72/41
f 2669/44/18 2702/46/18 2670/46/18
f 2683/72/149 2716/74/40 2684/74/40
f 2670/46/17 2703/48/17 2671/48/17
f 2684/74/293 2717/76/293 2685/76/293
f 2671/48/15 2704/50/15 2672/50/15
f 2685/76/37 2718/78/37 2686/78/37
f 2723/18/34 2722/19/34 2721/20/34
f 2725/21/35 2724/22/292 2723/18/35
f 2727/23/36 2726/24/36 2725/21/36
f 2729/25/37 2728/26/37 2727/23/37
f 2731/27/293 2730/28/293 2729/25/293
f 2733/29/184 2732/30/184 2731/27/184
f 2735/31/41 2734/32/41 2733/29/41
f 2737/33/42 2736/34/42 2735/31/42
f 2739/35/43 2738/36/43 2737/33/43
f 2741/37/98 2740/38/44 2739/35/98
f 2743/39/100 2742/40/100 2741/37/100
f 2745/41/46 2744/42/46 2743/39/46
f 2747/43/47 2746/44/47 2745/41/47
f 2749/45/291 2748/46/291 2747/43/291
f 2751/47/50 2750/48/50 2749/45/50
f 2753/49/107 2752/50/107 2751/47/107
f 2755/51/14 2754/52/14 2753/49/14
f 2757/53/15 2756/54/15 2755/51/15
f 2759/55/17 2758/56/17 2757/53/17
f 2761/57/18 2760/58/18 2759/55/18
f 2763/59/106 2762/60/364 2761/57/106
f 2765/61/20 2764/62/20 2763/59/20
f 2767/63/21 2766/64/21 2765/61/21
f 2769/65/22 2768/66/22 2767/63/22
f 2771/67/23 2770/68/23 2769/65/23
f 2773/69/96 2772/70/96 2771/67/96
f 2775/71/25 2774/72/26 2773/69/25
f 2777/73/27 2776/74/27 2775/71/27
f 2779/75/29 2778/76/99 2777/73/29
f 2781/77/31 2780/78/31 2779/75/31
f 3199/79/305 2780/78/305 2782/79/722
f 2783/80/32 2782/79/32 2781/77/32
f 2721/81/103 2784/82/103 2783/80/103
f 2792/31/79 2737/33/79 2735/31/79
f 2837/57/106 2806/59/364 2805/57/106
f 2801/49/70 2755/51/70 2753/49/70
f 2810/67/72 2773/69/72 2771/67/72
f 2788/23/82 2729/25/82 2727/23/82
f 2797/41/83 2747/43/83 2745/41/83
f 2763/59/75 2807/61/75 2765/61/75
f 2781/77/77 2816/80/723 2783/80/723
f 2737/33/89 2794/35/89 2739/35/89
f 2755/51/80 2803/53/80 2757/53/80
f 2811/69/81 2775/71/81 2773/69/81
f 2789/25/93 2731/27/93 2729/25/93
f 2798/43/94 2749/45/94 2747/43/94
f 2765/61/84 2808/63/84 2767/63/84
f 2721/20/54 2786/18/54 2723/18/54
f 2816/80/88 2721/81/88 2783/80/88
f 2794/35/55 2741/37/55 2739/35/55
f 2803/53/90 2759/55/90 2757/53/90
f 2775/71/92 2813/73/92 2777/73/92
f 2731/27/59 2791/29/582 2733/29/582
f 2799/45/60 2751/47/60 2749/45/60
f 2808/63/52 2769/65/52 2767/63/52
f 2786/18/63 2725/21/63 2723/18/63
f 2795/37/64 2743/39/64 2741/37/64
f 2759/55/57 2805/57/57 2761/57/57
f 2777/73/58 2814/75/58 2779/75/58
f 2733/29/578 2792/31/68 2735/31/68
f 2800/47/71 2753/49/71 2751/47/71
f 2769/65/581 2810/67/581 2771/67/581
f 2787/21/73 2727/23/724 2725/21/677
f 2796/39/577 2745/41/74 2743/39/577
f 2761/57/579 2806/59/579 2763/59/579
f 2779/75/66 2815/77/66 2781/77/66
f 2872/63/140 2841/65/140 2840/63/140
f 2824/31/42 2793/33/42 2792/31/42
f 2838/59/20 2807/61/20 2806/59/109
f 2825/33/43 2794/35/43 2793/33/43
f 2839/61/21 2808/63/21 2807/61/21
f 2826/35/44 2795/37/44 2794/35/44
f 2840/63/584 2809/65/22 2808/63/584
f 2827/37/45 2796/39/45 2795/37/45
f 2841/65/23 2810/67/23 2809/65/23
f 2828/39/46 2797/41/46 2796/39/46
f 2842/67/96 2811/69/24 2810/67/96
f 2829/41/47 2798/43/102 2797/41/47
f 2843/69/26 2812/71/26 2811/69/26
f 2830/43/291 2799/45/291 2798/43/291
f 2817/20/34 2786/18/687 2785/20/34
f 2844/71/27 2813/73/27 2812/71/27
f 2831/45/50 2800/47/50 2799/45/50
f 2818/18/35 2787/21/35 2786/18/35
f 2845/73/99 2814/75/99 2813/73/99
f 2832/47/51 2801/49/107 2800/47/51
f 2819/21/36 2788/23/108 2787/21/36
f 2846/75/31 2815/77/31 2814/75/31
f 2833/49/14 2802/51/14 2801/49/14
f 2820/23/37 2789/25/37 2788/23/37
f 2847/77/32 2816/80/32 2815/77/32
f 2834/51/15 2803/53/15 2802/51/15
f 2821/25/293 2790/27/293 2789/25/293
f 2848/80/33 2785/81/33 2816/80/33
f 2835/53/17 2804/55/16 2803/53/17
f 2822/27/184 2791/29/184 2790/27/184
f 2836/55/18 2805/57/18 2804/55/18
f 2823/29/41 2792/31/41 2791/29/41
f 2907/69/26 2876/71/26 2875/69/26
f 2827/37/116 2860/39/116 2828/39/116
f 2841/65/142 2874/67/142 2842/67/142
f 2828/39/120 2861/41/120 2829/41/120
f 2842/67/144 2875/69/144 2843/69/144
f 2829/41/123 2862/43/123 2830/43/123
f 2875/69/111 2844/71/111 2843/69/111
f 2830/43/128 2863/45/127 2831/45/127
f 2817/20/588 2850/18/588 2818/18/588
f 2876/71/113 2845/73/113 2844/71/113
f 2831/45/131 2864/47/131 2832/47/131
f 2850/18/725 2819/21/725 2818/18/132
f 2877/73/115 2846/75/115 2845/73/115
f 2832/47/134 2865/49/134 2833/49/134
f 2851/21/135 2820/23/135 2819/21/135
f 2846/75/589 2879/77/118 2847/77/118
f 2833/49/119 2866/51/119 2834/51/119
f 2852/23/137 2821/25/137 2820/23/137
f 2879/77/121 2848/80/121 2847/77/121
f 2866/51/122 2835/53/122 2834/51/122
f 2821/25/139 2854/27/139 2822/27/139
f 2880/80/726 2817/81/727 2848/80/726
f 2867/53/126 2836/55/126 2835/53/126
f 2822/27/141 2855/29/141 2823/29/141
f 2868/55/130 2837/57/130 2836/55/130
f 2855/29/143 2824/31/143 2823/29/143
f 2837/57/133 2870/59/133 2838/59/133
f 2856/31/95 2825/33/95 2824/31/95
f 2838/59/136 2871/61/136 2839/61/136
f 2825/33/112 2858/35/112 2826/35/112
f 2871/61/138 2840/63/138 2839/61/138
f 2826/35/114 2859/37/114 2827/37/114
f 2915/21/157 2884/23/157 2883/21/157
f 2894/43/48 2863/45/48 2862/43/48
f 2881/20/34 2850/18/34 2849/20/34
f 2908/71/27 2877/73/27 2876/71/27
f 2895/45/50 2864/47/50 2863/45/50
f 2882/18/35 2851/21/35 2850/18/35
f 2909/73/28 2878/75/28 2877/73/28
f 2896/47/107 2865/49/107 2864/47/107
f 2883/21/108 2852/23/108 2851/21/108
f 2910/75/575 2879/77/30 2878/75/575
f 2897/49/14 2866/51/14 2865/49/14
f 2884/23/37 2853/25/37 2852/23/37
f 2911/77/32 2880/80/32 2879/77/32
f 2898/51/15 2867/53/15 2866/51/15
f 2885/25/293 2854/27/293 2853/25/293
f 2912/80/33 2849/81/33 2880/80/33
f 2899/53/17 2868/55/17 2867/53/17
f 2886/27/40 2855/29/40 2854/27/40
f 2900/55/18 2869/57/18 2868/55/18
f 2887/29/41 2856/31/41 2855/29/41
f 2901/57/106 2870/59/364 2869/57/106
f 2888/31/42 2857/33/42 2856/31/42
f 2902/59/110 2871/61/109 2870/59/110
f 2889/33/43 2858/35/43 2857/33/43
f 2903/61/21 2872/63/21 2871/61/21
f 2890/35/44 2859/37/44 2858/35/44
f 2904/63/584 2873/65/584 2872/63/584
f 2891/37/100 2860/39/100 2859/37/100
f 2905/65/23 2874/67/23 2873/65/23
f 2892/39/46 2861/41/46 2860/39/46
f 2906/67/96 2875/69/96 2874/67/96
f 2893/41/102 2862/43/102 2861/41/102
f 2950/27/40 2919/29/40 2918/27/40
f 2910/75/175 2943/77/175 2911/77/175
f 2897/49/176 2930/51/176 2898/51/176
f 2884/23/159 2917/25/159 2885/25/159
f 2943/77/593 2912/80/593 2911/77/593
f 2898/51/180 2931/53/180 2899/53/180
f 2917/25/599 2886/27/598 2885/25/599
f 2944/80/182 2881/81/182 2912/80/182
f 2899/53/145 2932/55/145 2900/55/145
f 2918/27/163 2887/29/163 2886/27/163
f 2900/55/152 2933/57/152 2901/57/152
f 2887/29/166 2920/31/166 2888/31/166
f 2933/57/155 2902/59/155 2901/57/155
f 2888/31/595 2921/33/595 2889/33/595
f 2934/59/158 2903/61/158 2902/59/158
f 2889/33/170 2922/35/170 2890/35/170
f 2935/61/600 2904/63/160 2903/61/600
f 2890/35/172 2923/37/172 2891/37/172
f 2936/63/162 2905/65/162 2904/63/162
f 2891/37/174 2924/39/174 2892/39/174
f 2937/65/164 2906/67/164 2905/65/164
f 2892/39/177 2925/41/177 2893/41/177
f 2938/67/596 2907/69/597 2906/67/596
f 2893/41/181 2926/43/181 2894/43/181
f 2907/69/169 2940/71/169 2908/71/169
f 2926/43/592 2895/45/592 2894/43/592
f 2881/20/151 2914/18/151 2882/18/151
f 2908/71/171 2941/73/171 2909/73/171
f 2927/45/153 2896/47/153 2895/45/153
f 2914/18/601 2883/21/601 2882/18/601
f 2941/73/173 2910/75/173 2909/73/173
f 2928/47/156 2897/49/156 2896/47/156
f 2985/33/190 2954/35/190 2953/33/190
f 2964/55/18 2933/57/18 2932/55/18
f 2951/29/41 2920/31/41 2919/29/41
f 2965/57/19 2934/59/19 2933/57/148
f 2952/31/42 2921/33/42 2920/31/42
f 2966/59/20 2935/61/20 2934/59/20
f 2953/33/43 2922/35/43 2921/33/43
f 2967/61/21 2936/63/21 2935/61/21
f 2954/35/44 2923/37/44 2922/35/44
f 2968/63/22 2937/65/584 2936/63/22
f 2955/37/100 2924/39/100 2923/37/100
f 2969/65/23 2938/67/23 2937/65/23
f 2956/39/46 2925/41/46 2924/39/46
f 2970/67/24 2939/69/24 2938/67/24
f 2957/41/47 2926/43/47 2925/41/102
f 2971/69/26 2940/71/26 2939/69/25
f 2958/43/48 2927/45/48 2926/43/48
f 2945/20/34 2914/18/34 2913/20/34
f 2972/71/27 2941/73/27 2940/71/27
f 2959/45/50 2928/47/50 2927/45/50
f 2946/18/35 2915/21/35 2914/18/35
f 2973/73/28 2942/75/28 2941/73/29
f 2960/47/107 2929/49/107 2928/47/51
f 2947/21/36 2916/23/36 2915/21/36
f 2974/75/31 2943/77/30 2942/75/31
f 2961/49/14 2930/51/14 2929/49/14
f 2948/23/37 2917/25/37 2916/23/37
f 2975/77/32 2944/80/32 2943/77/32
f 2962/51/15 2931/53/15 2930/51/15
f 2949/25/293 2918/27/293 2917/25/293
f 2976/80/33 2913/81/33 2944/80/33
f 2963/53/17 2932/55/17 2931/53/17
f 3020/39/46 2989/41/46 2988/39/46
f 2967/61/213 3000/63/213 2968/63/213
f 2986/35/192 2955/37/192 2954/35/192
f 2968/63/215 3001/65/215 2969/65/215
f 2987/37/194 2956/39/194 2955/37/194
f 2969/65/183 3002/67/183 2970/67/183
f 2988/39/197 2957/41/197 2956/39/197
f 3002/67/187 2971/69/187 2970/67/187
f 2989/41/200 2958/43/200 2957/41/728
f 3003/69/189 2972/71/189 2971/69/189
f 2958/43/203 2991/45/203 2959/45/203
f 2977/20/204 2946/18/204 2945/20/204
f 3004/71/191 2973/73/191 2972/71/191
f 2991/45/206 2960/47/206 2959/45/206
f 2946/18/207 2979/21/207 2947/21/207
f 3005/73/193 2974/75/193 2973/73/193
f 2960/47/209 2993/49/209 2961/49/209
f 2947/21/210 2980/23/210 2948/23/210
f 2974/75/195 3007/77/195 2975/77/195
f 2961/49/196 2994/51/196 2962/51/196
f 2948/23/212 2981/25/212 2949/25/212
f 3007/77/198 2976/80/198 2975/77/198
f 2962/51/199 2995/53/729 2963/53/730
f 2949/25/214 2982/27/214 2950/27/214
f 3008/80/201 2945/81/201 2976/80/201
f 2963/53/202 2996/55/202 2964/55/202
f 2950/27/216 2983/29/216 2951/29/602
f 2996/55/205 2965/57/205 2964/55/205
f 2951/29/185 2984/31/185 2952/31/185
f 2997/57/208 2966/59/208 2965/57/208
f 2984/31/188 2953/33/188 2952/31/188
f 2998/59/211 2967/61/211 2966/59/211
f 3023/45/225 3056/47/225 3024/47/225
f 3034/67/96 3003/69/96 3002/67/96
f 3021/41/47 2990/43/47 2989/41/47
f 3035/69/25 3004/71/26 3003/69/25
f 3022/43/291 2991/45/291 2990/43/291
f 3009/20/34 2978/18/34 2977/20/34
f 3036/71/27 3005/73/27 3004/71/27
f 3023/45/50 2992/47/50 2991/45/50
f 3010/18/35 2979/21/35 2978/18/35
f 3037/73/28 3006/75/28 3005/73/28
f 3024/47/51 2993/49/51 2992/47/51
f 3011/21/36 2980/23/36 2979/21/108
f 3038/75/30 3007/77/30 3006/75/30
f 3025/49/14 2994/51/14 2993/49/14
f 3012/23/37 2981/25/37 2980/23/37
f 3039/77/32 3008/80/32 3007/77/32
f 3026/51/446 2995/53/446 2994/51/15
f 3013/25/293 2982/27/293 2981/25/293
f 3040/80/103 2977/81/103 3008/80/103
f 3027/53/16 2996/55/16 2995/53/16
f 3014/27/40 2983/29/40 2982/27/40
f 3028/55/18 2997/57/18 2996/55/104
f 3015/29/41 2984/31/41 2983/29/41
f 3029/57/364 2998/59/364 2997/57/364
f 3016/31/42 2985/33/42 2984/31/42
f 3030/59/20 2999/61/20 2998/59/20
f 3017/33/43 2986/35/43 2985/33/43
f 3031/61/21 3000/63/21 2999/61/21
f 3018/35/44 2987/37/44 2986/35/44
f 3032/63/22 3001/65/22 3000/63/22
f 3019/37/100 2988/39/100 2987/37/100
f 3033/65/23 3002/67/23 3001/65/23
f 3090/51/15 3059/53/15 3058/51/446
f 3042/18/603 3011/21/603 3010/18/603
f 3037/73/246 3070/75/246 3038/75/246
f 3024/47/230 3057/49/230 3025/49/230
f 3043/21/231 3012/23/231 3011/21/231
f 3038/75/249 3071/77/249 3039/77/249
f 3057/49/250 3026/51/250 3025/49/250
f 3044/23/233 3013/25/233 3012/23/233
f 3071/77/217 3040/80/217 3039/77/217
f 3058/51/218 3027/53/218 3026/51/218
f 3045/25/609 3014/27/609 3013/25/235
f 3040/80/220 3041/81/220 3009/81/220
f 3059/53/221 3028/55/221 3027/53/221
f 3046/27/237 3015/29/237 3014/27/237
f 3060/55/224 3029/57/224 3028/55/224
f 3015/29/239 3048/31/239 3016/31/239
f 3029/57/228 3062/59/229 3030/59/229
f 3016/31/241 3049/33/241 3017/33/241
f 3030/59/232 3063/61/232 3031/61/232
f 3017/33/243 3050/35/243 3018/35/243
f 3063/61/234 3032/63/234 3031/61/234
f 3018/35/245 3051/37/245 3019/37/245
f 3064/63/236 3033/65/236 3032/63/236
f 3019/37/247 3052/39/247 3020/39/247
f 3065/65/238 3034/67/238 3033/65/238
f 3052/39/251 3021/41/251 3020/39/731
f 3034/67/240 3067/69/240 3035/69/240
f 3053/41/219 3022/43/219 3021/41/219
f 3035/69/242 3068/71/242 3036/71/242
f 3022/43/222 3055/45/606 3023/45/606
f 3009/20/223 3042/18/223 3010/18/223
f 3036/71/244 3069/73/244 3037/73/244
f 3093/57/284 3126/59/284 3094/59/284
f 3077/25/293 3046/27/448 3045/25/293
f 3104/80/33 3041/81/33 3072/80/33
f 3091/53/17 3060/55/17 3059/53/17
f 3078/27/40 3047/29/40 3046/27/732
f 3092/55/105 3061/57/104 3060/55/105
f 3079/29/41 3048/31/41 3047/29/41
f 3093/57/585 3062/59/364 3061/57/585
f 3080/31/42 3049/33/255 3048/31/42
f 3094/59/109 3063/61/20 3062/59/109
f 3081/33/43 3050/35/43 3049/33/43
f 3095/61/21 3064/63/21 3063/61/21
f 3082/35/44 3051/37/44 3050/35/44
f 3096/63/584 3065/65/22 3064/63/584
f 3083/37/733 3052/39/733 3051/37/733
f 3097/65/23 3066/67/23 3065/65/23
f 3084/39/46 3053/41/46 3052/39/46
f 3098/67/24 3067/69/24 3066/67/24
f 3085/41/146 3054/43/146 3053/41/47
f 3099/69/25 3068/71/25 3067/69/25
f 3086/43/734 3055/45/734 3054/43/734
f 3073/20/34 3042/18/34 3041/20/34
f 3100/71/27 3069/73/735 3068/71/27
f 3087/45/50 3056/47/50 3055/45/50
f 3074/18/35 3043/21/736 3042/18/35
f 3101/73/737 3070/75/29 3069/73/737
f 3088/47/107 3057/49/107 3056/47/107
f 3075/21/738 3044/23/108 3043/21/738
f 3102/75/31 3071/77/31 3070/75/31
f 3089/49/14 3058/51/14 3057/49/14
f 3076/23/613 3045/25/613 3044/23/613
f 3103/77/32 3072/80/739 3071/77/32
f 3160/63/22 3129/65/22 3128/63/22
f 3112/31/263 3081/33/263 3080/31/263
f 3094/59/287 3127/61/287 3095/61/287
f 3113/33/266 3082/35/266 3081/33/266
f 3095/61/289 3128/63/289 3096/63/289
f 3114/35/268 3083/37/268 3082/35/268
f 3096/63/257 3129/65/257 3097/65/257
f 3115/37/270 3084/39/270 3083/37/270
f 3129/65/260 3098/67/260 3097/65/260
f 3116/39/273 3085/41/273 3084/39/273
f 3130/67/262 3099/69/262 3098/67/262
f 3085/41/276 3118/43/276 3086/43/276
f 3131/69/264 3100/71/264 3099/69/264
f 3086/43/279 3119/45/279 3087/45/279
f 3073/20/280 3106/18/280 3074/18/280
f 3132/71/267 3101/73/267 3100/71/267
f 3119/45/282 3088/47/282 3087/45/282
f 3106/18/283 3075/21/283 3074/18/283
f 3133/73/269 3102/75/269 3101/73/269
f 3120/47/620 3089/49/620 3088/47/620
f 3107/21/286 3076/23/286 3075/21/286
f 3134/75/271 3103/77/271 3102/75/740
f 3089/49/272 3122/51/272 3090/51/272
f 3108/23/288 3077/25/288 3076/23/288
f 3103/77/274 3136/80/274 3104/80/274
f 3090/51/275 3123/53/275 3091/53/275
f 3077/25/253 3110/27/253 3078/27/253
f 3136/80/277 3073/81/277 3104/80/277
f 3091/53/278 3124/55/278 3092/55/278
f 3078/27/259 3111/29/259 3079/29/259
f 3092/55/281 3125/57/281 3093/57/281
f 3111/29/261 3080/31/261 3079/29/261
f 3154/83/290 3146/84/290 3138/85/290
f 3147/37/45 3116/39/100 3115/37/100
f 3161/65/23 3130/67/23 3129/65/23
f 3148/39/46 3117/41/46 3116/39/46
f 3162/67/96 3131/69/96 3130/67/96
f 3149/41/146 3118/43/47 3117/41/47
f 3163/69/25 3132/71/26 3131/69/26
f 3150/43/48 3119/45/48 3118/43/48
f 3137/20/34 3106/18/34 3105/20/34
f 3164/71/27 3133/73/27 3132/71/27
f 3151/45/50 3120/47/50 3119/45/50
f 3138/18/35 3107/21/35 3106/18/35
f 3165/73/29 3134/75/29 3133/73/29
f 3152/47/107 3121/49/107 3120/47/107
f 3139/21/108 3108/23/108 3107/21/108
f 3166/75/31 3135/77/31 3134/75/31
f 3153/49/14 3122/51/14 3121/49/14
f 3140/23/37 3109/25/37 3108/23/37
f 3167/77/32 3136/80/32 3135/77/32
f 3154/51/446 3123/53/446 3122/51/15
f 3141/25/293 3110/27/293 3109/25/293
f 3168/80/33 3105/81/33 3136/80/33
f 3155/53/16 3124/55/16 3123/53/16
f 3142/27/40 3111/29/40 3110/27/40
f 3156/55/18 3125/57/18 3124/55/18
f 3143/29/41 3112/31/41 3111/29/41
f 3157/57/106 3126/59/106 3125/57/106
f 3144/31/42 3113/33/42 3112/31/42
f 3158/59/109 3127/61/20 3126/59/20
f 3145/33/43 3114/35/43 3113/33/43
f 3159/61/21 3128/63/21 3127/61/21
f 3146/35/98 3115/37/44 3114/35/44
f 3231/79/31 3198/78/31 3199/79/31
f 2738/36/314 3176/34/314 2736/34/314
f 3186/54/622 2754/52/622 2756/54/622
f 3195/72/309 2772/70/309 2774/72/309
f 2730/28/317 3172/26/317 2728/26/317
f 2748/46/318 3181/44/318 2746/44/318
f 3191/64/312 2764/62/312 2766/64/312
f 3200/82/313 2782/79/313 2784/82/313
f 3178/38/321 2738/36/321 2740/38/321
f 3187/56/315 2756/54/315 2758/56/315
f 2776/74/698 3195/72/698 2774/72/316
f 3174/30/325 2730/28/325 2732/30/325
f 2750/48/49 3182/46/49 2748/46/49
f 2768/66/319 3191/64/319 2766/64/319
f 2724/22/295 3169/19/295 2722/19/295
f 2722/86/320 3200/82/320 2784/82/320
f 3179/40/296 2740/38/296 2742/40/296
f 2760/58/323 3187/56/323 2758/56/323
f 3197/76/324 2776/74/324 2778/76/324
f 3175/32/696 2732/30/696 2734/32/299
f 2752/50/625 3183/48/625 2750/48/625
f 2770/68/294 3192/66/294 2768/66/294
f 2726/24/302 3170/22/302 2724/22/302
f 2744/42/303 3179/40/303 2742/40/303
f 3189/60/297 2760/58/297 2762/60/297
f 3198/78/298 2778/76/298 2780/78/298
f 2736/34/623 3175/32/623 2734/32/623
f 3185/52/308 2752/50/308 2754/52/308
f 3194/70/301 2770/68/301 2772/70/301
f 2728/26/310 3171/24/310 2726/24/310
f 3181/44/311 2744/42/311 2746/44/311
f 2764/62/624 3189/60/624 2762/60/624
f 3221/60/355 3252/58/355 3220/58/355
f 3218/54/14 3185/52/14 3186/54/14
f 3205/28/37 3172/26/37 3173/28/37
f 3232/82/32 3199/79/32 3200/82/32
f 3219/56/15 3186/54/15 3187/56/446
f 3206/30/293 3173/28/293 3174/30/53
f 3201/86/33 3200/82/33 3169/86/33
f 3188/58/16 3219/56/16 3187/56/16
f 3207/32/40 3174/30/40 3175/32/184
f 3189/60/18 3220/58/18 3188/58/18
f 3208/34/41 3175/32/41 3176/34/41
f 3222/62/106 3189/60/106 3190/62/364
f 3209/36/42 3176/34/42 3177/36/42
f 3223/64/109 3190/62/109 3191/64/109
f 3210/38/43 3177/36/43 3178/38/43
f 3224/66/21 3191/64/21 3192/66/21
f 3179/40/44 3210/38/44 3178/38/44
f 3225/68/22 3192/66/584 3193/68/584
f 3180/42/100 3211/40/100 3179/40/45
f 3226/70/23 3193/68/23 3194/70/23
f 3213/44/46 3180/42/46 3181/44/46
f 3227/72/96 3194/70/96 3195/72/96
f 3214/46/47 3181/44/47 3182/46/47
f 3228/74/26 3195/72/26 3196/74/25
f 3215/48/291 3182/46/291 3183/48/291
f 3202/22/34 3169/19/34 3170/22/34
f 3229/76/27 3196/74/27 3197/76/27
f 3184/50/50 3215/48/50 3183/48/50
f 3203/24/35 3170/22/35 3171/24/35
f 3230/78/29 3197/76/29 3198/78/99
f 3217/52/51 3184/50/51 3185/52/51
f 3204/26/36 3171/24/36 3172/26/36
f 3288/66/21 3255/64/21 3256/66/21
f 3240/34/333 3207/32/333 3208/34/626
f 3254/62/358 3221/60/358 3222/62/358
f 3241/36/335 3208/34/335 3209/36/335
f 3255/64/361 3222/62/361 3223/64/361
f 3210/38/338 3241/36/338 3209/36/338
f 3256/66/328 3223/64/328 3224/66/328
f 3211/40/340 3242/38/340 3210/38/340
f 3257/68/330 3224/66/330 3225/68/330
f 3212/42/342 3243/40/342 3211/40/342
f 3226/70/332 3257/68/332 3225/68/332
f 3213/44/346 3244/42/346 3212/42/346
f 3227/72/334 3258/70/334 3226/70/334
f 3214/46/349 3245/44/349 3213/44/349
f 3260/74/336 3227/72/336 3228/74/741
f 3215/48/352 3246/46/353 3214/46/353
f 3234/22/354 3201/19/354 3202/22/354
f 3229/76/339 3260/74/339 3228/74/339
f 3216/50/356 3247/48/356 3215/48/356
f 3235/24/357 3202/22/357 3203/24/357
f 3262/78/341 3229/76/341 3230/78/341
f 3217/52/627 3248/50/627 3216/50/359
f 3236/26/360 3203/24/360 3204/26/360
f 3231/79/343 3262/78/343 3230/78/343
f 3218/54/344 3249/52/344 3217/52/344
f 3205/28/326 3236/26/326 3204/26/326
f 3232/82/347 3263/79/347 3231/79/347
f 3219/56/348 3250/54/348 3218/54/348
f 3238/30/329 3205/28/329 3206/30/329
f 3233/86/350 3232/82/350 3201/86/350
f 3252/58/351 3219/56/351 3220/58/700
f 3207/32/331 3238/30/331 3206/30/331
f 3291/72/400 3322/70/400 3290/70/632
f 3275/40/44 3242/38/44 3243/40/44
f 3289/68/22 3256/66/22 3257/68/22
f 3276/42/45 3243/40/45 3244/42/45
f 3290/70/23 3257/68/23 3258/70/23
f 3277/44/46 3244/42/46 3245/44/46
f 3259/72/96 3290/70/96 3258/70/96
f 3278/46/102 3245/44/102 3246/46/102
f 3260/74/25 3291/72/25 3259/72/25
f 3279/48/48 3246/46/48 3247/48/48
f 3234/22/34 3265/19/34 3233/19/34
f 3261/76/27 3292/74/576 3260/74/27
f 3280/50/50 3247/48/50 3248/50/50
f 3235/24/35 3266/22/35 3234/22/35
f 3262/78/29 3293/76/99 3261/76/29
f 3281/52/51 3248/50/51 3249/52/107
f 3268/26/36 3235/24/36 3236/26/36
f 3295/79/31 3262/78/30 3263/79/30
f 3282/54/14 3249/52/14 3250/54/14
f 3237/28/37 3268/26/38 3236/26/37
f 3296/82/32 3263/79/32 3264/82/32
f 3283/56/15 3250/54/15 3251/56/15
f 3270/30/39 3237/28/53 3238/30/53
f 3265/86/33 3264/82/33 3233/86/103
f 3284/58/17 3251/56/17 3252/58/17
f 3271/32/184 3238/30/184 3239/32/184
f 3285/60/18 3252/58/18 3253/60/18
f 3272/34/41 3239/32/41 3240/34/41
f 3286/62/106 3253/60/364 3254/62/364
f 3273/36/42 3240/34/42 3241/36/42
f 3287/64/110 3254/62/109 3255/64/20
f 3274/38/43 3241/36/43 3242/38/43
f 3331/24/35 3298/22/35 3299/24/35
f 3278/46/373 3309/44/373 3277/44/373
f 3292/74/403 3323/72/403 3291/72/403
f 3311/48/742 3278/46/742 3279/48/742
f 3298/22/379 3265/19/379 3266/22/379
f 3325/76/405 3292/74/405 3293/76/405
f 3312/50/382 3279/48/382 3280/50/382
f 3267/24/629 3298/22/629 3266/22/629
f 3326/78/365 3293/76/365 3294/78/365
f 3281/52/385 3312/50/385 3280/50/385
f 3268/26/386 3299/24/386 3267/24/386
f 3295/79/743 3326/78/368 3294/78/368
f 3282/54/369 3313/52/369 3281/52/369
f 3269/28/390 3300/26/390 3268/26/390
f 3296/82/371 3327/79/371 3295/79/371
f 3315/56/372 3282/54/372 3283/56/372
f 3270/30/393 3301/28/393 3269/28/393
f 3265/86/374 3328/82/374 3296/82/374
f 3316/58/376 3283/56/377 3284/58/376
f 3303/32/396 3270/30/396 3271/32/396
f 3317/60/380 3284/58/380 3285/60/380
f 3304/34/398 3271/32/398 3272/34/398
f 3318/62/384 3285/60/384 3286/62/384
f 3273/36/401 3304/34/401 3272/34/401
f 3319/64/389 3286/62/389 3287/64/389
f 3306/38/404 3273/36/404 3274/38/631
f 3320/66/392 3287/64/392 3288/66/392
f 3307/40/362 3274/38/362 3275/40/362
f 3289/68/395 3320/66/395 3288/66/395
f 3308/42/366 3275/40/366 3276/42/366
f 3322/70/633 3289/68/633 3290/70/633
f 3277/44/370 3308/42/370 3276/42/370
f 3366/30/413 3333/28/413 3334/30/412
f 3358/78/29 3325/76/29 3326/78/29
f 3345/52/107 3312/50/107 3313/52/107
f 3332/26/108 3299/24/108 3300/26/108
f 3359/79/30 3326/78/30 3327/79/30
f 3346/54/14 3313/52/14 3314/54/14
f 3333/28/37 3300/26/37 3301/28/37
f 3360/82/32 3327/79/32 3328/82/32
f 3347/56/15 3314/54/15 3315/56/15
f 3334/30/293 3301/28/293 3302/30/448
f 3329/86/33 3328/82/33 3297/86/33
f 3348/58/17 3315/56/16 3316/58/17
f 3335/32/40 3302/30/40 3303/32/184
f 3349/60/18 3316/58/18 3317/60/18
f 3336/34/41 3303/32/41 3304/34/41
f 3350/62/19 3317/60/19 3318/62/19
f 3337/36/42 3304/34/42 3305/36/42
f 3351/64/110 3318/62/110 3319/64/109
f 3338/38/43 3305/36/43 3306/38/43
f 3352/66/21 3319/64/21 3320/66/21
f 3339/40/44 3306/38/44 3307/40/98
f 3353/68/22 3320/66/22 3321/68/22
f 3340/42/100 3307/40/100 3308/42/100
f 3354/70/23 3321/68/23 3322/70/23
f 3341/44/46 3308/42/46 3309/44/46
f 3355/72/96 3322/70/96 3323/72/96
f 3342/46/47 3309/44/47 3310/46/47
f 3356/74/26 3323/72/26 3324/74/26
f 3343/48/48 3310/46/48 3311/48/48
f 3330/22/34 3297/19/34 3298/22/34
f 3357/76/27 3324/74/27 3325/76/27
f 3344/50/50 3311/48/50 3312/50/50
f 3401/36/42 3368/34/42 3369/36/42
f 3361/86/705 3360/82/705 3329/86/705
f 3380/58/435 3347/56/435 3348/58/435
f 3335/32/415 3366/30/415 3334/30/415
f 3349/60/440 3380/58/440 3348/58/440
f 3368/34/636 3335/32/636 3336/34/419
f 3382/62/406 3349/60/406 3350/62/406
f 3337/36/421 3368/34/421 3336/34/421
f 3351/64/409 3382/62/409 3350/62/409
f 3370/38/423 3337/36/423 3338/38/423
f 3352/66/411 3383/64/411 3351/64/411
f 3371/40/425 3338/38/635 3339/40/425
f 3353/68/414 3384/66/414 3352/66/414
f 3372/42/634 3339/40/634 3340/42/634
f 3354/70/637 3385/68/417 3353/68/417
f 3341/44/430 3372/42/430 3340/42/430
f 3355/72/420 3386/70/420 3354/70/420
f 3374/46/433 3341/44/433 3342/46/433
f 3388/74/422 3355/72/422 3356/74/422
f 3375/48/641 3342/46/437 3343/48/641
f 3330/22/439 3361/19/439 3329/19/438
f 3357/76/424 3388/74/424 3356/74/424
f 3376/50/442 3343/48/442 3344/50/442
f 3363/24/443 3330/22/443 3331/24/443
f 3358/78/426 3389/76/426 3357/76/426
f 3377/52/407 3344/50/407 3345/52/407
f 3332/26/408 3363/24/408 3331/24/408
f 3391/79/428 3358/78/428 3359/79/428
f 3378/54/429 3345/52/429 3346/54/429
f 3333/28/410 3364/26/410 3332/26/410
f 3360/82/431 3391/79/431 3359/79/431
f 3379/56/432 3346/54/432 3347/56/432
f 3436/42/456 3403/40/456 3404/42/456
f 3415/64/109 3382/62/20 3383/64/109
f 3402/38/43 3369/36/43 3370/38/43
f 3416/66/21 3383/64/21 3384/66/21
f 3403/40/44 3370/38/44 3371/40/44
f 3417/68/22 3384/66/584 3385/68/22
f 3404/42/100 3371/40/45 3372/42/100
f 3418/70/23 3385/68/23 3386/70/23
f 3405/44/46 3372/42/46 3373/44/46
f 3419/72/24 3386/70/96 3387/72/24
f 3406/46/146 3373/44/47 3374/46/146
f 3420/74/26 3387/72/25 3388/74/26
f 3407/48/147 3374/46/147 3375/48/147
f 3394/22/34 3361/19/34 3362/22/34
f 3421/76/27 3388/74/27 3389/76/27
f 3408/50/50 3375/48/50 3376/50/50
f 3395/24/35 3362/22/292 3363/24/35
f 3422/78/29 3389/76/29 3390/78/29
f 3409/52/51 3376/50/107 3377/52/51
f 3396/26/108 3363/24/36 3364/26/108
f 3423/79/30 3390/78/30 3391/79/30
f 3410/54/14 3377/52/14 3378/54/14
f 3397/28/37 3364/26/37 3365/28/37
f 3424/82/32 3391/79/32 3392/82/32
f 3411/56/15 3378/54/15 3379/56/15
f 3398/30/293 3365/28/293 3366/30/448
f 3393/86/103 3392/82/103 3361/86/103
f 3412/58/17 3379/56/17 3380/58/17
f 3399/32/184 3366/30/149 3367/32/184
f 3413/60/18 3380/58/18 3381/60/18
f 3400/34/41 3367/32/41 3368/34/41
f 3414/62/19 3381/60/106 3382/62/19
f 3471/48/291 3438/46/48 3439/48/291
f 3450/70/485 3417/68/485 3418/70/485
f 3437/44/647 3404/42/647 3405/44/647
f 3451/72/487 3418/70/487 3419/72/487
f 3438/46/464 3405/44/464 3406/46/464
f 3420/74/445 3451/72/444 3419/72/444
f 3439/48/468 3406/46/468 3407/48/468
f 3394/22/469 3425/19/469 3393/19/469
f 3421/76/452 3452/74/744 3420/74/712
f 3408/50/472 3439/48/472 3407/48/472
f 3427/24/474 3394/22/474 3395/24/710
f 3454/78/650 3421/76/455 3422/78/650
f 3409/52/476 3440/50/476 3408/50/476
f 3396/26/644 3427/24/644 3395/24/644
f 3455/79/457 3422/78/457 3423/79/649
f 3442/54/648 3409/52/648 3410/54/459
f 3397/28/480 3428/26/480 3396/26/480
f 3424/82/461 3455/79/461 3423/79/461
f 3411/56/463 3442/54/462 3410/54/462
f 3430/30/482 3397/28/482 3398/30/482
f 3425/86/465 3424/82/465 3393/86/465
f 3412/58/466 3443/56/466 3411/56/466
f 3431/32/484 3398/30/484 3399/32/484
f 3413/60/709 3444/58/645 3412/58/645
f 3400/34/486 3431/32/486 3399/32/486
f 3414/62/475 3445/60/475 3413/60/475
f 3401/36/488 3432/34/488 3400/34/488
f 3415/64/479 3446/62/479 3414/62/479
f 3402/38/450 3433/36/450 3401/36/450
f 3448/66/481 3415/64/481 3416/66/481
f 3403/40/454 3434/38/454 3402/38/454
f 3449/68/745 3416/66/483 3417/68/745
f 3474/54/520 3505/52/520 3473/52/520
f 3458/22/34 3425/19/34 3426/22/34
f 3485/76/27 3452/74/27 3453/76/27
f 3472/50/50 3439/48/50 3440/50/50
f 3459/24/35 3426/22/35 3427/24/35
f 3486/78/99 3453/76/99 3454/78/29
f 3473/52/107 3440/50/107 3441/52/107
f 3460/26/108 3427/24/108 3428/26/108
f 3487/79/31 3454/78/31 3455/79/31
f 3474/54/14 3441/52/14 3442/54/14
f 3461/28/37 3428/26/37 3429/28/37
f 3488/82/32 3455/79/32 3456/82/32
f 3475/56/15 3442/54/15 3443/56/15
f 3462/30/447 3429/28/449 3430/30/448
f 3457/86/33 3456/82/33 3425/86/33
f 3476/58/16 3443/56/16 3444/58/16
f 3463/32/40 3430/30/40 3431/32/184
f 3477/60/18 3444/58/18 3445/60/18
f 3464/34/41 3431/32/41 3432/34/41
f 3478/62/19 3445/60/19 3446/62/106
f 3465/36/42 3432/34/42 3433/36/42
f 3479/64/110 3446/62/109 3447/64/110
f 3466/38/43 3433/36/43 3434/38/43
f 3480/66/21 3447/64/21 3448/66/21
f 3467/40/44 3434/38/44 3435/40/44
f 3481/68/584 3448/66/584 3449/68/584
f 3468/42/100 3435/40/100 3436/42/100
f 3482/70/23 3449/68/23 3450/70/23
f 3469/44/46 3436/42/46 3437/44/46
f 3483/72/96 3450/70/96 3451/72/96
f 3470/46/146 3437/44/146 3438/46/146
f 3484/74/25 3451/72/25 3452/74/26
f 3541/60/18 3508/58/18 3509/60/18
f 3493/28/500 3460/26/500 3461/28/500
f 3520/82/522 3487/79/522 3488/82/522
f 3507/56/524 3474/54/524 3475/56/746
f 3494/30/504 3461/28/504 3462/30/504
f 3489/86/527 3488/82/527 3457/86/527
f 3476/58/747 3507/56/747 3475/56/747
f 3463/32/506 3494/30/506 3462/30/506
f 3509/60/490 3476/58/490 3477/60/490
f 3496/34/509 3463/32/509 3464/34/509
f 3510/62/494 3477/60/494 3478/62/494
f 3497/36/511 3464/34/511 3465/36/511
f 3511/64/499 3478/62/499 3479/64/499
f 3498/38/656 3465/36/513 3466/38/656
f 3480/66/501 3511/64/501 3479/64/501
f 3499/40/516 3466/38/516 3467/40/748
f 3481/68/505 3512/66/659 3480/66/659
f 3468/42/518 3499/40/518 3467/40/518
f 3482/70/508 3513/68/508 3481/68/749
f 3469/44/521 3500/42/521 3468/42/521
f 3483/72/510 3514/70/510 3482/70/510
f 3502/46/526 3469/44/526 3470/46/526
f 3484/74/512 3515/72/512 3483/72/512
f 3503/48/529 3470/46/529 3471/48/529
f 3490/22/489 3457/19/489 3458/22/489
f 3485/76/514 3516/74/514 3484/74/514
f 3472/50/492 3503/48/492 3471/48/492
f 3491/24/493 3458/22/493 3459/24/493
f 3486/78/517 3517/76/517 3485/76/517
f 3473/52/496 3504/50/496 3472/50/496
f 3460/26/498 3491/24/498 3459/24/498
f 3487/79/519 3518/78/519 3486/78/519
f 3576/66/568 3543/64/568 3544/66/568
f 3528/34/41 3495/32/41 3496/34/41
f 3542/62/19 3509/60/148 3510/62/19
f 3529/36/42 3496/34/42 3497/36/42
f 3543/64/20 3510/62/20 3511/64/20
f 3530/38/43 3497/36/43 3498/38/43
f 3544/66/21 3511/64/21 3512/66/21
f 3531/40/44 3498/38/44 3499/40/44
f 3545/68/22 3512/66/584 3513/68/22
f 3532/42/45 3499/40/45 3500/42/45
f 3546/70/23 3513/68/23 3514/70/23
f 3533/44/46 3500/42/46 3501/44/46
f 3547/72/96 3514/70/24 3515/72/96
f 3534/46/47 3501/44/47 3502/46/47
f 3548/74/25 3515/72/25 3516/74/26
f 3535/48/291 3502/46/291 3503/48/291
f 3522/22/34 3489/19/34 3490/22/34
f 3549/76/27 3516/74/27 3517/76/27
f 3536/50/50 3503/48/50 3504/50/50
f 3523/24/35 3490/22/35 3491/24/35
f 3550/78/28 3517/76/28 3518/78/28
f 3537/52/107 3504/50/107 3505/52/107
f 3524/26/108 3491/24/108 3492/26/108
f 3551/79/30 3518/78/30 3519/79/30
f 3538/54/14 3505/52/14 3506/54/14
f 3525/28/37 3492/26/37 3493/28/37
f 3552/82/32 3519/79/32 3520/82/32
f 3539/56/446 3506/54/446 3507/56/15
f 3526/30/293 3493/28/293 3494/30/293
f 3521/86/33 3520/82/33 3489/86/33
f 3540/58/17 3507/56/16 3508/58/17
f 3527/32/184 3494/30/184 3495/32/184
f 3601/52/107 3568/50/107 3569/52/107
f 3531/40/540 3562/38/540 3530/38/540
f 3577/68/570 3544/66/750 3545/68/570
f 3532/42/542 3563/40/751 3531/40/751
f 3578/70/720 3545/68/573 3546/70/720
f 3565/44/670 3532/42/670 3533/44/670
f 3579/72/533 3546/70/533 3547/72/533
f 3566/46/549 3533/44/549 3534/46/549
f 3580/74/752 3547/72/752 3548/74/752
f 3567/48/553 3534/46/553 3535/48/553
f 3522/22/554 3553/19/554 3521/19/555
f 3581/76/539 3548/74/753 3549/76/539
f 3568/50/557 3535/48/557 3536/50/557
f 3555/24/559 3522/22/558 3523/24/559
f 3582/78/541 3549/76/541 3550/78/541
f 3569/52/562 3536/50/562 3537/52/562
f 3556/26/666 3523/24/666 3524/26/564
f 3551/79/543 3582/78/543 3550/78/543
f 3570/54/754 3537/52/544 3538/54/754
f 3557/28/755 3524/26/755 3525/28/755
f 3552/82/756 3583/79/547 3551/79/547
f 3571/56/548 3538/54/548 3539/56/668
f 3526/30/662 3557/28/663 3525/28/663
f 3521/86/550 3584/82/550 3552/82/550
f 3540/58/551 3571/56/551 3539/56/552
f 3559/32/661 3526/30/572 3527/32/661
f 3541/60/556 3572/58/556 3540/58/556
f 3528/34/757 3559/32/660 3527/32/660
f 3574/62/560 3541/60/560 3542/62/560
f 3529/36/673 3560/34/673 3528/34/673
f 3575/64/665 3542/62/565 3543/64/665
f 3530/38/538 3561/36/538 3529/36/672
f 3601/87/574 3609/88/574 3585/89/574
f 3615/79/31 3582/78/31 3583/79/31
f 3602/54/14 3569/52/14 3570/54/14
f 3616/82/32 3583/79/32 3584/82/32
f 3586/22/34 3553/19/34 3554/22/34
f 3603/56/15 3570/54/15 3571/56/15
f 3585/86/33 3584/82/33 3553/86/33
f 3587/24/35 3554/22/35 3555/24/35
f 3604/58/17 3571/56/17 3572/58/17
f 3588/26/108 3555/24/108 3556/26/108
f 3605/60/18 3572/58/18 3573/60/18
f 3592/34/41 3559/32/41 3560/34/41
f 3589/28/37 3556/26/37 3557/28/37
f 3606/62/19 3573/60/19 3574/62/106
f 3593/36/42 3560/34/42 3561/36/42
f 3590/30/293 3557/28/293 3558/30/293
f 3607/64/110 3574/62/110 3575/64/110
f 3594/38/43 3561/36/43 3562/38/43
f 3591/32/149 3558/30/149 3559/32/40
f 3608/66/21 3575/64/21 3576/66/21
f 3595/40/44 3562/38/44 3563/40/44
f 3609/68/22 3576/66/22 3577/68/22
f 3596/42/100 3563/40/100 3564/42/100
f 3610/70/23 3577/68/23 3578/70/23
f 3597/44/46 3564/42/46 3565/44/46
f 3611/72/24 3578/70/24 3579/72/96
f 3598/46/146 3565/44/146 3566/46/146
f 3612/74/26 3579/72/25 3580/74/26
f 3599/48/291 3566/46/291 3567/48/291
f 3613/76/27 3580/74/27 3581/76/27
f 3600/50/50 3567/48/50 3568/50/50
f 3614/78/28 3581/76/29 3582/78/28
f 35/18/14 36/22/14 34/19/14
f 37/21/15 38/24/15 36/22/15
f 39/23/16 40/26/17 38/24/17
f 41/25/18 42/28/18 40/26/18
f 43/27/19 44/30/19 42/28/19
f 45/29/20 46/32/20 44/30/20
f 47/31/21 48/34/21 46/32/21
f 49/33/22 50/36/22 48/34/22
f 51/35/23 52/38/23 50/36/23
f 53/37/24 54/40/24 52/38/24
f 55/39/25 56/42/26 54/40/26
f 57/41/27 58/44/27 56/42/27
f 59/43/28 60/46/29 58/44/29
f 61/45/30 62/48/31 60/46/31
f 63/47/32 64/50/32 62/48/32
f 65/49/33 66/52/33 64/50/33
f 67/51/34 68/54/34 66/52/34
f 69/53/35 70/56/35 68/54/35
f 71/55/36 72/58/36 70/56/36
f 73/57/37 74/60/38 72/58/38
f 75/59/39 76/62/39 74/60/39
f 77/61/40 78/64/40 76/62/40
f 79/63/41 80/66/41 78/64/41
f 81/65/42 82/68/42 80/66/42
f 83/67/43 84/70/43 82/68/43
f 85/69/44 86/72/44 84/70/44
f 87/71/45 88/74/45 86/72/45
f 89/73/46 90/76/46 88/74/46
f 91/75/47 92/78/47 90/76/47
f 93/77/48 94/79/48 92/78/48
f 511/79/49 510/78/49 92/78/49
f 95/80/50 96/82/50 94/79/50
f 33/81/51 34/86/51 96/82/51
f 104/31/52 105/33/52 49/33/52
f 149/57/53 150/59/53 118/59/53
f 113/49/54 114/51/54 67/51/54
f 122/67/55 123/69/55 85/69/55
f 100/23/56 101/25/56 41/25/56
f 109/41/58 110/43/58 59/43/58
f 75/59/59 118/59/59 119/61/59
f 93/77/60 127/77/60 128/80/60
f 49/33/62 105/33/62 106/35/62
f 67/51/63 114/51/63 115/53/63
f 123/69/64 124/71/64 87/71/64
f 101/25/65 102/27/579 43/27/65
f 110/43/66 111/45/67 61/45/67
f 77/61/68 119/61/68 120/63/68
f 33/20/69 97/20/69 98/18/70
f 128/80/71 97/81/71 33/81/71
f 106/35/72 107/37/72 53/37/72
f 115/53/73 116/55/73 71/55/73
f 87/71/74 124/71/74 125/73/74
f 43/27/75 102/27/75 103/29/76
f 111/45/77 112/47/77 63/47/77
f 120/63/78 121/65/79 81/65/79
f 98/18/80 99/21/80 37/21/80
f 107/37/81 108/39/81 55/39/81
f 71/55/82 116/55/82 117/57/82
f 89/73/83 125/73/83 126/75/83
f 45/29/84 103/29/84 104/31/85
f 112/47/87 113/49/88 65/49/88
f 81/65/89 121/65/89 122/67/89
f 99/21/90 100/23/91 39/23/91
f 108/39/92 109/41/92 57/41/92
f 73/57/93 117/57/93 118/59/93
f 91/75/94 126/75/94 127/77/94
f 184/63/95 185/65/95 153/65/95
f 136/31/22 137/33/22 105/33/22
f 150/59/40 151/61/40 119/61/40
f 137/33/23 138/35/23 106/35/23
f 151/61/41 152/63/41 120/63/41
f 138/35/96 139/37/96 107/37/96
f 152/63/97 153/65/42 121/65/42
f 139/37/26 140/39/26 108/39/26
f 153/65/43 154/67/43 122/67/43
f 140/39/27 141/41/27 109/41/27
f 154/67/44 155/69/98 123/69/98
f 141/41/99 142/43/99 110/43/99
f 155/69/100 156/71/100 124/71/100
f 142/43/30 143/45/30 111/45/30
f 129/20/14 130/18/14 98/18/14
f 156/71/46 157/73/46 125/73/46
f 143/45/32 144/47/32 112/47/32
f 130/18/15 131/21/15 99/21/15
f 157/73/102 158/75/47 126/75/102
f 144/47/103 145/49/103 113/49/103
f 131/21/16 132/23/16 100/23/16
f 158/75/48 159/77/48 127/77/48
f 145/49/34 146/51/34 114/51/34
f 132/23/18 133/25/104 101/25/104
f 159/77/50 160/80/50 128/80/50
f 146/51/35 147/53/35 115/53/35
f 133/25/19 134/27/106 102/27/106
f 160/80/107 129/81/107 97/81/107
f 147/53/108 148/55/108 116/55/108
f 134/27/109 135/29/20 103/29/20
f 148/55/38 149/57/37 117/57/37
f 135/29/21 136/31/21 104/31/21
f 219/69/100 220/71/100 188/71/100
f 139/37/111 171/37/111 172/39/111
f 153/65/112 185/65/112 186/67/112
f 140/39/113 172/39/591 173/41/113
f 154/67/114 186/67/114 187/69/114
f 141/41/115 173/41/115 174/43/115
f 187/69/116 188/71/116 156/71/116
f 142/43/118 174/43/118 175/45/118
f 129/20/119 161/20/119 162/18/119
f 188/71/120 189/73/120 157/73/120
f 143/45/121 175/45/121 176/47/121
f 162/18/122 163/21/122 131/21/122
f 189/73/123 190/75/124 158/75/124
f 144/47/125 176/47/125 177/49/125
f 163/21/126 164/23/126 132/23/126
f 158/75/127 190/75/127 191/77/127
f 145/49/129 177/49/129 178/51/129
f 164/23/130 165/25/130 133/25/130
f 191/77/131 192/80/131 160/80/131
f 178/51/132 179/53/132 147/53/132
f 133/25/133 165/25/133 166/27/133
f 192/80/134 161/81/134 129/81/134
f 179/53/135 180/55/135 148/55/135
f 134/27/136 166/27/136 167/29/136
f 180/55/137 181/57/137 149/57/137
f 167/29/138 168/31/138 136/31/138
f 149/57/139 181/57/139 182/59/139
f 168/31/140 169/33/140 137/33/140
f 150/59/141 182/59/141 183/61/141
f 137/33/142 169/33/142 170/35/142
f 183/61/143 184/63/143 152/63/143
f 138/35/144 170/35/144 171/37/144
f 227/21/145 228/23/145 196/23/145
f 206/43/30 207/45/30 175/45/30
f 193/20/14 194/18/14 162/18/14
f 220/71/46 221/73/46 189/73/46
f 207/45/32 208/47/32 176/47/32
f 194/18/15 195/21/15 163/21/15
f 221/73/146 222/75/146 190/75/146
f 208/47/33 209/49/33 177/49/33
f 195/21/17 196/23/17 164/23/17
f 222/75/147 223/77/147 191/77/147
f 209/49/34 210/51/34 178/51/34
f 196/23/18 197/25/18 165/25/18
f 223/77/50 224/80/50 192/80/50
f 210/51/35 211/53/35 179/53/35
f 197/25/148 198/27/148 166/27/148
f 224/80/107 193/81/107 161/81/107
f 211/53/108 212/55/108 180/55/108
f 198/27/20 199/29/20 167/29/20
f 212/55/37 213/57/37 181/57/37
f 199/29/21 200/31/21 168/31/21
f 213/57/53 214/59/53 182/59/53
f 200/31/22 201/33/22 169/33/22
f 214/59/40 215/61/149 183/61/149
f 201/33/23 202/35/23 170/35/23
f 215/61/41 216/63/41 184/63/41
f 202/35/96 203/37/96 171/37/96
f 216/63/42 217/65/42 185/65/42
f 203/37/25 204/39/25 172/39/25
f 217/65/43 218/67/43 186/67/43
f 204/39/27 205/41/27 173/41/27
f 218/67/44 219/69/44 187/69/44
f 205/41/99 206/43/99 174/43/99
f 262/27/109 263/29/109 231/29/109
f 222/75/150 254/75/150 255/77/150
f 209/49/151 241/49/151 242/51/151
f 196/23/152 228/23/152 229/25/152
f 255/77/153 256/80/153 224/80/153
f 210/51/154 242/51/154 243/53/154
f 229/25/155 230/27/155 198/27/155
f 256/80/156 225/81/156 193/81/156
f 211/53/157 243/53/157 244/55/157
f 230/27/158 231/29/158 199/29/158
f 212/55/159 244/55/159 245/57/159
f 199/29/160 231/29/160 232/31/160
f 245/57/161 246/59/161 214/59/161
f 200/31/162 232/31/162 233/33/162
f 246/59/163 247/61/163 215/61/163
f 201/33/164 233/33/164 234/35/165
f 247/61/166 248/63/166 216/63/166
f 202/35/167 234/35/167 235/37/167
f 248/63/168 249/65/168 217/65/168
f 203/37/169 235/37/169 236/39/169
f 249/65/170 250/67/170 218/67/170
f 204/39/171 236/39/171 237/41/171
f 250/67/172 251/69/172 219/69/172
f 205/41/173 237/41/173 238/43/173
f 219/69/174 251/69/174 252/71/174
f 238/43/175 239/45/175 207/45/175
f 193/20/176 225/20/176 226/18/176
f 220/71/177 252/71/177 253/73/177
f 239/45/178 240/47/179 208/47/179
f 226/18/180 227/21/180 195/21/180
f 253/73/181 254/75/181 222/75/181
f 240/47/182 241/49/182 209/49/182
f 297/33/183 298/35/183 266/35/183
f 276/55/37 277/57/37 245/57/37
f 263/29/21 264/31/21 232/31/21
f 277/57/53 278/59/449 246/59/53
f 264/31/22 265/33/22 233/33/22
f 278/59/184 279/61/184 247/61/184
f 265/33/23 266/35/23 234/35/23
f 279/61/41 280/63/41 248/63/41
f 266/35/96 267/37/96 235/37/96
f 280/63/42 281/65/42 249/65/42
f 267/37/26 268/39/26 236/39/26
f 281/65/43 282/67/43 250/67/43
f 268/39/27 269/41/27 237/41/27
f 282/67/98 283/69/44 251/69/44
f 269/41/29 270/43/99 238/43/29
f 283/69/100 284/71/45 252/71/100
f 270/43/31 271/45/31 239/45/31
f 257/20/14 258/18/14 226/18/14
f 284/71/46 285/73/46 253/73/46
f 271/45/32 272/47/32 240/47/32
f 258/18/15 259/21/15 227/21/15
f 285/73/146 286/75/47 254/75/146
f 272/47/33 273/49/33 241/49/33
f 259/21/16 260/23/16 228/23/16
f 286/75/48 287/77/48 255/77/48
f 273/49/34 274/51/34 242/51/34
f 260/23/18 261/25/18 229/25/18
f 287/77/50 288/80/50 256/80/50
f 274/51/35 275/53/35 243/53/35
f 261/25/19 262/27/19 230/27/19
f 288/80/107 257/81/107 225/81/107
f 275/53/36 276/55/36 244/55/36
f 332/39/27 333/41/27 301/41/27
f 279/61/185 311/61/185 312/63/185
f 298/35/187 299/37/187 267/37/187
f 280/63/188 312/63/188 313/65/188
f 299/37/189 300/39/189 268/39/189
f 281/65/190 313/65/190 314/67/190
f 300/39/191 301/41/191 269/41/191
f 314/67/192 315/69/683 283/69/192
f 301/41/193 302/43/193 270/43/193
f 315/69/194 316/71/194 284/71/194
f 270/43/195 302/43/195 303/45/195
f 289/20/196 290/18/196 258/18/196
f 316/71/197 317/73/197 285/73/197
f 303/45/198 304/47/198 272/47/198
f 258/18/199 290/18/199 291/21/199
f 317/73/200 318/75/200 286/75/200
f 272/47/201 304/47/201 305/49/201
f 259/21/202 291/21/202 292/23/202
f 286/75/203 318/75/203 319/77/203
f 273/49/204 305/49/204 306/51/204
f 260/23/205 292/23/205 293/25/205
f 319/77/206 320/80/206 288/80/206
f 274/51/207 306/51/207 307/53/207
f 261/25/208 293/25/208 294/27/208
f 320/80/209 289/81/209 257/81/209
f 275/53/210 307/53/210 308/55/210
f 262/27/211 294/27/211 295/29/211
f 308/55/212 309/57/212 277/57/212
f 263/29/213 295/29/213 296/31/213
f 309/57/214 310/59/214 278/59/214
f 296/31/215 297/33/215 265/33/215
f 310/59/216 311/61/216 279/61/216
f 335/45/217 367/45/217 368/47/217
f 346/67/44 347/69/44 315/69/44
f 333/41/29 334/43/29 302/43/29
f 347/69/45 348/71/45 316/71/45
f 334/43/30 335/45/30 303/45/30
f 321/20/14 322/18/14 290/18/14
f 348/71/46 349/73/46 317/73/46
f 335/45/32 336/47/32 304/47/32
f 322/18/15 323/21/15 291/21/15
f 349/73/47 350/75/47 318/75/47
f 336/47/103 337/49/103 305/49/103
f 323/21/17 324/23/17 292/23/17
f 350/75/48 351/77/48 319/77/48
f 337/49/34 338/51/34 306/51/34
f 324/23/18 325/25/18 293/25/18
f 351/77/50 352/80/50 320/80/50
f 338/51/35 339/53/35 307/53/35
f 325/25/19 326/27/19 294/27/19
f 352/80/51 321/81/51 289/81/51
f 339/53/36 340/55/36 308/55/36
f 326/27/109 327/29/109 295/29/109
f 340/55/37 341/57/37 309/57/37
f 327/29/21 328/31/21 296/31/21
f 341/57/53 342/59/53 310/59/53
f 328/31/22 329/33/22 297/33/22
f 342/59/184 343/61/40 311/61/184
f 329/33/23 330/35/23 298/35/23
f 343/61/41 344/63/41 312/63/41
f 330/35/24 331/37/24 299/37/24
f 344/63/42 345/65/42 313/65/42
f 331/37/26 332/39/26 300/39/26
f 345/65/43 346/67/43 314/67/43
f 402/51/35 403/53/35 371/53/35
f 354/18/218 355/21/218 323/21/218
f 349/73/219 381/73/219 382/75/219
f 336/47/220 368/47/220 369/49/220
f 355/21/221 356/23/221 324/23/221
f 350/75/222 382/75/222 383/77/222
f 369/49/223 370/51/223 338/51/223
f 356/23/224 357/25/224 325/25/224
f 383/77/225 384/80/225 352/80/225
f 370/51/226 371/53/226 339/53/226
f 357/25/228 358/27/228 326/27/228
f 352/80/230 384/80/230 353/81/230
f 371/53/231 372/55/231 340/55/231
f 358/27/232 359/29/232 327/29/232
f 372/55/233 373/57/233 341/57/233
f 327/29/234 359/29/234 360/31/234
f 341/57/235 373/57/235 374/59/235
f 328/31/236 360/31/758 361/33/236
f 342/59/237 374/59/237 375/61/237
f 329/33/238 361/33/238 362/35/238
f 375/61/239 376/63/239 344/63/239
f 330/35/240 362/35/240 363/37/240
f 376/63/241 377/65/241 345/65/241
f 331/37/242 363/37/242 364/39/242
f 377/65/243 378/67/243 346/67/243
f 364/39/244 365/41/244 333/41/244
f 346/67/245 378/67/245 379/69/245
f 365/41/246 366/43/246 334/43/246
f 347/69/247 379/69/247 380/71/248
f 334/43/249 366/43/249 367/45/249
f 321/20/250 353/20/250 354/18/250
f 348/71/251 380/71/251 381/73/252
f 405/57/253 437/57/253 438/59/253
f 389/25/19 390/27/148 358/27/148
f 416/80/107 385/81/107 353/81/107
f 403/53/36 404/55/36 372/55/36
f 390/27/20 391/29/110 359/29/109
f 404/55/37 405/57/759 373/57/37
f 391/29/21 392/31/21 360/31/21
f 405/57/39 406/59/53 374/59/53
f 392/31/22 393/33/22 361/33/22
f 406/59/184 407/61/693 375/61/184
f 393/33/23 394/35/23 362/35/23
f 407/61/41 408/63/254 376/63/254
f 394/35/96 395/37/96 363/37/96
f 408/63/255 409/65/255 377/65/255
f 395/37/25 396/39/25 364/39/25
f 409/65/43 410/67/43 378/67/43
f 396/39/27 397/41/27 365/41/27
f 410/67/98 411/69/44 379/69/44
f 397/41/29 398/43/29 366/43/29
f 411/69/45 412/71/45 380/71/45
f 398/43/31 399/45/31 367/45/31
f 385/20/14 386/18/14 354/18/14
f 412/71/46 413/73/46 381/73/46
f 399/45/32 400/47/32 368/47/32
f 386/18/15 387/21/15 355/21/15
f 413/73/102 414/75/47 382/75/47
f 400/47/33 401/49/33 369/49/33
f 387/21/16 388/23/17 356/23/17
f 414/75/48 415/77/48 383/77/48
f 401/49/34 402/51/34 370/51/34
f 388/23/18 389/25/105 357/25/105
f 415/77/50 416/80/50 384/80/50
f 472/63/42 473/65/42 441/65/42
f 424/31/257 425/33/257 393/33/257
f 406/59/259 438/59/259 439/61/259
f 425/33/260 426/35/260 394/35/260
f 407/61/261 439/61/261 440/63/261
f 426/35/262 427/37/262 395/37/262
f 408/63/263 440/63/263 441/65/263
f 427/37/264 428/39/264 396/39/264
f 441/65/266 442/67/266 410/67/266
f 428/39/267 429/41/267 397/41/267
f 442/67/268 443/69/268 411/69/268
f 397/41/269 429/41/269 430/43/269
f 443/69/270 444/71/270 412/71/270
f 398/43/271 430/43/740 431/45/271
f 385/20/272 417/20/272 418/18/272
f 444/71/273 445/73/273 413/73/273
f 431/45/274 432/47/274 400/47/274
f 418/18/275 419/21/275 387/21/275
f 445/73/276 446/75/276 414/75/276
f 432/47/277 433/49/277 401/49/277
f 419/21/278 420/23/278 388/23/278
f 446/75/279 447/77/279 415/77/279
f 401/49/280 433/49/280 434/51/280
f 420/23/281 421/25/281 389/25/281
f 415/77/282 447/77/282 448/80/282
f 402/51/283 434/51/283 435/53/283
f 389/25/284 421/25/284 422/27/284
f 448/80/285 417/81/285 385/81/285
f 403/53/286 435/53/286 436/55/286
f 390/27/287 422/27/287 423/29/287
f 404/55/288 436/55/288 437/57/288
f 423/29/289 424/31/289 392/31/289
f 450/85/290 449/96/290 480/92/290
f 480/92/290 479/97/290 478/98/290
f 478/98/290 477/99/290 476/100/290
f 476/100/290 475/101/290 474/102/290
f 474/102/290 473/103/290 472/91/290
f 472/91/290 471/104/290 470/105/290
f 470/105/290 469/106/290 468/107/290
f 468/107/290 467/108/290 466/83/290
f 466/83/290 465/109/290 464/90/290
f 464/90/290 463/110/290 462/111/290
f 462/111/290 461/112/290 460/113/290
f 460/113/290 459/114/290 458/84/290
f 458/84/290 457/115/290 456/116/290
f 456/116/290 455/117/290 454/118/290
f 454/118/290 453/119/290 452/120/290
f 452/120/290 451/121/290 450/85/290
f 450/85/290 480/92/290 478/98/290
f 478/98/290 476/100/290 474/102/290
f 474/102/290 472/91/290 470/105/290
f 470/105/290 468/107/290 466/83/290
f 466/83/290 464/90/290 462/111/290
f 462/111/290 460/113/290 458/84/290
f 458/84/290 456/116/290 454/118/290
f 454/118/290 452/120/290 450/85/290
f 450/85/290 478/98/290 474/102/290
f 474/102/290 470/105/290 466/83/290
f 466/83/290 462/111/290 458/84/290
f 458/84/290 454/118/290 450/85/290
f 450/85/290 474/102/290 466/83/290
f 459/37/25 460/39/25 428/39/25
f 473/65/43 474/67/43 442/67/43
f 460/39/27 461/41/27 429/41/27
f 474/67/44 475/69/44 443/69/44
f 461/41/28 462/43/28 430/43/28
f 475/69/45 476/71/45 444/71/45
f 462/43/31 463/45/31 431/45/31
f 449/20/14 450/18/14 418/18/14
f 476/71/46 477/73/46 445/73/46
f 463/45/32 464/47/32 432/47/32
f 450/18/15 451/21/15 419/21/15
f 477/73/146 478/75/146 446/75/146
f 464/47/33 465/49/33 433/49/33
f 451/21/16 452/23/16 420/23/16
f 478/75/291 479/77/291 447/77/291
f 465/49/34 466/51/34 434/51/34
f 452/23/18 453/25/18 421/25/18
f 479/77/50 480/80/50 448/80/50
f 466/51/292 467/53/35 435/53/292
f 453/25/19 454/27/19 422/27/19
f 480/80/107 449/81/107 417/81/107
f 467/53/36 468/55/36 436/55/36
f 454/27/109 455/29/109 423/29/109
f 468/55/37 469/57/37 437/57/37
f 455/29/21 456/31/21 424/31/21
f 469/57/293 470/59/53 438/59/293
f 456/31/22 457/33/22 425/33/22
f 470/59/40 471/61/149 439/61/40
f 457/33/23 458/35/23 426/35/23
f 471/61/41 472/63/41 440/63/41
f 458/35/24 459/37/24 427/37/96
f 543/79/48 542/78/48 510/78/48
f 50/36/294 489/36/294 488/34/294
f 498/54/295 497/52/295 66/52/295
f 507/72/296 506/70/296 84/70/296
f 42/28/297 485/28/297 484/26/297
f 60/46/298 494/46/760 493/44/298
f 503/64/299 502/62/299 76/62/299
f 512/82/300 511/79/625 94/79/300
f 490/38/301 489/36/301 50/36/301
f 499/56/302 498/54/302 68/54/302
f 88/74/303 508/74/303 507/72/303
f 486/30/304 485/28/304 42/28/304
f 62/48/305 495/48/305 494/46/305
f 80/66/306 504/66/623 503/64/306
f 36/22/307 482/22/307 481/19/307
f 34/86/308 481/86/308 512/82/308
f 491/40/309 490/38/309 52/38/309
f 72/58/310 500/58/310 499/56/310
f 509/76/311 508/74/311 88/74/311
f 487/32/312 486/30/312 44/30/312
f 64/50/313 496/50/313 495/48/313
f 82/68/314 505/68/314 504/66/314
f 38/24/315 483/24/315 482/22/315
f 56/42/316 492/42/316 491/40/316
f 501/60/317 500/58/317 72/58/317
f 510/78/318 509/76/318 90/76/318
f 48/34/319 488/34/319 487/32/319
f 497/52/320 496/50/320 64/50/320
f 506/70/321 505/68/321 82/68/321
f 40/26/323 484/26/323 483/24/323
f 493/44/324 492/42/324 56/42/324
f 76/62/325 502/62/325 501/60/325
f 533/60/326 565/60/326 564/58/326
f 530/54/34 529/52/34 497/52/34
f 517/28/18 516/26/18 484/26/18
f 544/82/50 543/79/50 511/79/50
f 531/56/35 530/54/35 498/54/35
f 518/30/106 517/28/19 485/28/106
f 513/86/107 544/82/107 512/82/107
f 500/58/108 532/58/36 531/56/108
f 519/32/20 518/30/20 486/30/20
f 501/60/37 533/60/37 532/58/37
f 520/34/21 519/32/21 487/32/21
f 534/62/293 533/60/293 501/60/293
f 521/36/22 520/34/22 488/34/22
f 535/64/184 534/62/40 502/62/184
f 522/38/23 521/36/23 489/36/23
f 536/66/41 535/64/41 503/64/41
f 491/40/96 523/40/96 522/38/96
f 537/68/42 536/66/42 504/66/42
f 492/42/25 524/42/25 523/40/25
f 538/70/43 537/68/43 505/68/43
f 525/44/27 524/42/27 492/42/27
f 539/72/44 538/70/44 506/70/44
f 526/46/29 525/44/29 493/44/29
f 540/74/100 539/72/45 507/72/100
f 527/48/30 526/46/575 494/46/30
f 514/22/14 513/19/14 481/19/14
f 541/76/46 540/74/46 508/74/46
f 496/50/32 528/50/32 527/48/32
f 515/24/15 514/22/15 482/22/15
f 542/78/47 541/76/47 509/76/47
f 529/52/103 528/50/103 496/50/103
f 516/26/16 515/24/16 483/24/16
f 600/66/41 599/64/41 567/64/41
f 552/34/328 551/32/328 519/32/328
f 566/62/329 565/60/329 533/60/329
f 553/36/330 552/34/330 520/34/330
f 567/64/331 566/62/331 534/62/331
f 522/38/332 554/38/332 553/36/332
f 568/66/333 567/64/333 535/64/333
f 523/40/334 555/40/334 554/38/334
f 569/68/335 568/66/335 536/66/335
f 524/42/336 556/42/336 555/40/336
f 538/70/337 570/70/337 569/68/338
f 525/44/339 557/44/339 556/42/339
f 539/72/340 571/72/340 570/70/340
f 526/46/341 558/46/341 557/44/341
f 572/74/342 571/72/342 539/72/342
f 527/48/343 559/48/343 558/46/343
f 546/22/344 545/19/345 513/19/345
f 541/76/346 573/76/628 572/74/346
f 528/50/347 560/50/347 559/48/347
f 547/24/348 546/22/348 514/22/348
f 574/78/349 573/76/761 541/76/349
f 529/52/350 561/52/350 560/50/350
f 548/26/351 547/24/351 515/24/351
f 543/79/352 575/79/352 574/78/353
f 530/54/354 562/54/354 561/52/354
f 517/28/355 549/28/355 548/26/355
f 544/82/356 576/82/356 575/79/356
f 531/56/357 563/56/357 562/54/357
f 550/30/358 549/28/358 517/28/358
f 545/86/359 576/82/627 544/82/359
f 564/58/360 563/56/360 531/56/360
f 519/32/361 551/32/361 550/30/361
f 603/72/362 635/72/362 634/70/362
f 587/40/24 586/38/24 554/38/96
f 601/68/42 600/66/42 568/66/42
f 588/42/26 587/40/25 555/40/26
f 602/70/43 601/68/43 569/68/43
f 589/44/27 588/42/27 556/42/27
f 571/72/44 603/72/98 602/70/98
f 590/46/99 589/44/99 557/44/99
f 572/74/45 604/74/45 603/72/45
f 591/48/31 590/46/31 558/46/31
f 546/22/14 578/22/14 577/19/14
f 573/76/46 605/76/327 604/74/327
f 592/50/32 591/48/32 559/48/32
f 547/24/15 579/24/446 578/22/15
f 574/78/47 606/78/47 605/76/47
f 593/52/33 592/50/33 560/50/33
f 580/26/16 579/24/16 547/24/17
f 607/79/48 606/78/48 574/78/48
f 594/54/34 593/52/34 561/52/34
f 549/28/18 581/28/104 580/26/104
f 608/82/50 607/79/50 575/79/50
f 595/56/35 594/54/35 562/54/35
f 582/30/364 581/28/364 549/28/364
f 577/86/107 608/82/107 576/82/107
f 596/58/36 595/56/36 563/56/36
f 583/32/20 582/30/20 550/30/20
f 597/60/38 596/58/38 564/58/38
f 584/34/21 583/32/21 551/32/21
f 598/62/39 597/60/39 565/60/39
f 585/36/22 584/34/584 552/34/22
f 599/64/184 598/62/184 566/62/40
f 586/38/23 585/36/23 553/36/23
f 643/24/15 642/22/15 610/22/15
f 590/46/365 622/46/365 621/44/365
f 604/74/366 636/74/366 635/72/366
f 623/48/368 622/46/368 590/46/368
f 610/22/369 609/19/369 577/19/369
f 637/76/370 636/74/370 604/74/370
f 624/50/371 623/48/371 591/48/371
f 579/24/372 611/24/372 610/22/372
f 638/78/373 637/76/373 605/76/373
f 593/52/374 625/52/374 624/50/374
f 580/26/376 612/26/376 611/24/377
f 607/79/378 639/79/742 638/78/378
f 594/54/379 626/54/762 625/52/379
f 581/28/380 613/28/380 612/26/380
f 608/82/381 640/82/381 639/79/382
f 627/56/383 626/54/383 594/54/383
f 582/30/384 614/30/384 613/28/384
f 577/86/385 609/86/385 640/82/385
f 628/58/386 627/56/386 595/56/386
f 615/32/388 614/30/389 582/30/389
f 629/60/390 628/58/390 596/58/390
f 616/34/391 615/32/763 583/32/391
f 630/62/393 629/60/393 597/60/393
f 585/36/394 617/36/394 616/34/394
f 631/64/396 630/62/396 598/62/396
f 618/38/397 617/36/397 585/36/397
f 632/66/398 631/64/398 599/64/398
f 619/40/400 618/38/400 586/38/400
f 601/68/401 633/68/401 632/66/402
f 620/42/403 619/40/704 587/40/403
f 634/70/404 633/68/404 601/68/404
f 589/44/405 621/44/405 620/42/405
f 678/30/406 677/28/406 645/28/406
f 670/78/102 669/76/47 637/76/102
f 657/52/103 656/50/103 624/50/103
f 644/26/17 643/24/16 611/24/16
f 671/79/291 670/78/48 638/78/48
f 658/54/34 657/52/34 625/52/34
f 645/28/18 644/26/18 612/26/18
f 672/82/50 671/79/50 639/79/50
f 659/56/35 658/54/35 626/54/35
f 646/30/148 645/28/19 613/28/148
f 641/86/107 672/82/107 640/82/107
f 660/58/36 659/56/108 627/56/108
f 647/32/110 646/30/110 614/30/110
f 661/60/37 660/58/37 628/58/37
f 648/34/21 647/32/21 615/32/21
f 662/62/53 661/60/53 629/60/53
f 649/36/22 648/34/22 616/34/22
f 663/64/184 662/62/149 630/62/40
f 650/38/23 649/36/23 617/36/23
f 664/66/41 663/64/41 631/64/41
f 651/40/96 650/38/96 618/38/96
f 665/68/42 664/66/42 632/66/42
f 652/42/26 651/40/26 619/40/26
f 666/70/43 665/68/43 633/68/43
f 653/44/27 652/42/27 620/42/27
f 667/72/44 666/70/44 634/70/44
f 654/46/29 653/44/28 621/44/29
f 668/74/100 667/72/100 635/72/100
f 655/48/30 654/46/31 622/46/30
f 642/22/14 641/19/14 609/19/14
f 669/76/46 668/74/46 636/74/46
f 656/50/32 655/48/32 623/48/32
f 713/36/22 712/34/22 680/34/22
f 673/86/407 704/82/407 672/82/407
f 692/58/408 691/56/408 659/56/408
f 647/32/409 679/32/409 678/30/409
f 661/60/410 693/60/410 692/58/410
f 680/34/411 679/32/411 647/32/411
f 694/62/412 693/60/413 661/60/413
f 649/36/414 681/36/639 680/34/414
f 663/64/415 695/64/415 694/62/415
f 682/38/417 681/36/417 649/36/417
f 664/66/419 696/66/419 695/64/419
f 683/40/420 682/38/420 650/38/420
f 665/68/421 697/68/421 696/66/421
f 684/42/422 683/40/422 651/40/422
f 666/70/423 698/70/423 697/68/423
f 653/44/424 685/44/424 684/42/424
f 667/72/425 699/72/425 698/70/425
f 686/46/426 685/44/426 653/44/426
f 700/74/427 699/72/427 667/72/427
f 687/48/428 686/46/428 654/46/428
f 642/22/429 674/22/429 673/19/429
f 669/76/430 701/76/430 700/74/430
f 688/50/431 687/48/431 655/48/431
f 675/24/432 674/22/432 642/22/432
f 670/78/433 702/78/433 701/76/433
f 689/52/434 688/50/705 656/50/434
f 644/26/435 676/26/435 675/24/435
f 703/79/437 702/78/437 670/78/437
f 690/54/438 689/52/439 657/52/439
f 645/28/440 677/28/440 676/26/441
f 672/82/442 704/82/442 703/79/442
f 691/56/443 690/54/443 658/54/443
f 748/42/444 747/40/445 715/40/445
f 727/64/40 726/62/184 694/62/184
f 714/38/23 713/36/23 681/36/23
f 728/66/41 727/64/41 695/64/41
f 715/40/96 714/38/96 682/38/96
f 729/68/42 728/66/42 696/66/42
f 716/42/26 715/40/26 683/40/26
f 730/70/43 729/68/43 697/68/43
f 717/44/27 716/42/27 684/42/27
f 731/72/98 730/70/98 698/70/98
f 718/46/29 717/44/29 685/44/29
f 732/74/100 731/72/45 699/72/45
f 719/48/31 718/46/31 686/46/31
f 706/22/14 705/19/14 673/19/14
f 733/76/46 732/74/46 700/74/46
f 720/50/32 719/48/32 687/48/32
f 707/24/446 706/22/15 674/22/15
f 734/78/47 733/76/47 701/76/47
f 721/52/103 720/50/33 688/50/33
f 708/26/16 707/24/16 675/24/16
f 735/79/291 734/78/291 702/78/291
f 722/54/34 721/52/34 689/52/34
f 709/28/18 708/26/18 676/26/18
f 736/82/50 735/79/50 703/79/50
f 723/56/35 722/54/35 690/54/35
f 710/30/106 709/28/106 677/28/106
f 705/86/51 736/82/51 704/82/51
f 724/58/108 723/56/108 691/56/108
f 711/32/109 710/30/20 678/30/20
f 725/60/37 724/58/37 692/58/37
f 712/34/21 711/32/21 679/32/21
f 726/62/447 725/60/293 693/60/448
f 783/48/30 782/46/30 750/46/30
f 762/70/450 761/68/451 729/68/451
f 749/44/452 748/42/744 716/42/452
f 763/72/453 762/70/454 730/70/454
f 750/46/455 749/44/455 717/44/455
f 732/74/456 764/74/714 763/72/456
f 751/48/457 750/46/457 718/46/457
f 706/22/458 738/22/458 737/19/458
f 733/76/460 765/76/647 764/74/460
f 720/50/461 752/50/461 751/48/461
f 739/24/462 738/22/463 706/22/463
f 766/78/464 765/76/464 733/76/464
f 721/52/465 753/52/465 752/50/465
f 708/26/466 740/26/466 739/24/466
f 767/79/467 766/78/468 734/78/468
f 754/54/469 753/52/469 721/52/469
f 709/28/470 741/28/470 740/26/471
f 736/82/472 768/82/472 767/79/472
f 723/56/474 755/56/474 754/54/474
f 742/30/475 741/28/475 709/28/475
f 737/86/476 768/82/477 736/82/477
f 724/58/478 756/58/478 755/56/478
f 743/32/479 742/30/479 710/30/479
f 725/60/480 757/60/480 756/58/480
f 712/34/481 744/34/481 743/32/481
f 726/62/482 758/62/482 757/60/482
f 713/36/483 745/36/483 744/34/483
f 727/64/484 759/64/484 758/62/484
f 714/38/485 746/38/485 745/36/485
f 760/66/486 759/64/486 727/64/486
f 715/40/487 747/40/487 746/38/487
f 761/68/488 760/66/488 728/66/488
f 786/54/489 818/54/489 817/52/489
f 770/22/14 769/19/14 737/19/14
f 797/76/46 796/74/46 764/74/46
f 784/50/32 783/48/32 751/48/32
f 771/24/15 770/22/15 738/22/15
f 798/78/47 797/76/102 765/76/47
f 785/52/33 784/50/33 752/50/33
f 772/26/17 771/24/17 739/24/17
f 799/79/291 798/78/734 766/78/291
f 786/54/34 785/52/34 753/52/34
f 773/28/18 772/26/18 740/26/18
f 800/82/50 799/79/50 767/79/50
f 787/56/35 786/54/35 754/54/35
f 774/30/19 773/28/364 741/28/106
f 769/86/107 800/82/107 768/82/107
f 788/58/36 787/56/36 755/56/36
f 775/32/109 774/30/109 742/30/109
f 789/60/37 788/58/37 756/58/37
f 776/34/21 775/32/21 743/32/21
f 790/62/293 789/60/53 757/60/53
f 777/36/22 776/34/22 744/34/22
f 791/64/40 790/62/184 758/62/184
f 778/38/23 777/36/23 745/36/23
f 792/66/41 791/64/41 759/64/41
f 779/40/96 778/38/96 746/38/96
f 793/68/42 792/66/97 760/66/42
f 780/42/26 779/40/26 747/40/26
f 794/70/43 793/68/43 761/68/43
f 781/44/27 780/42/27 748/42/27
f 795/72/98 794/70/44 762/70/44
f 782/46/29 781/44/29 749/44/29
f 796/74/100 795/72/100 763/72/100
f 853/60/37 852/58/37 820/58/37
f 805/28/490 804/26/490 772/26/490
f 832/82/492 831/79/492 799/79/492
f 819/56/493 818/54/493 786/54/493
f 806/30/494 805/28/494 773/28/494
f 801/86/496 832/82/496 800/82/496
f 788/58/497 820/58/497 819/56/497
f 775/32/499 807/32/499 806/30/499
f 821/60/500 820/58/500 788/58/500
f 808/34/501 807/32/501 775/32/501
f 822/62/503 821/60/503 789/60/503
f 809/36/505 808/34/505 776/34/505
f 823/64/506 822/62/507 790/62/507
f 810/38/508 809/36/508 777/36/508
f 792/66/509 824/66/509 823/64/509
f 811/40/510 810/38/510 778/38/510
f 793/68/511 825/68/511 824/66/511
f 780/42/512 812/42/512 811/40/512
f 794/70/513 826/70/513 825/68/513
f 781/44/514 813/44/514 812/42/515
f 795/72/516 827/72/516 826/70/516
f 814/46/517 813/44/517 781/44/517
f 796/74/518 828/74/518 827/72/518
f 815/48/519 814/46/519 782/46/519
f 802/22/520 801/19/520 769/19/520
f 797/76/521 829/76/521 828/74/521
f 784/50/522 816/50/522 815/48/523
f 803/24/524 802/22/524 770/22/524
f 798/78/525 830/78/525 829/76/526
f 785/52/527 817/52/527 816/50/527
f 772/26/528 804/26/528 803/24/528
f 799/79/529 831/79/529 830/78/529
f 888/66/530 887/64/531 855/64/531
f 840/34/21 839/32/21 807/32/21
f 854/62/39 853/60/39 821/60/39
f 841/36/22 840/34/22 808/34/22
f 855/64/184 854/62/184 822/62/184
f 842/38/23 841/36/23 809/36/23
f 856/66/41 855/64/41 823/64/41
f 843/40/96 842/38/96 810/38/96
f 857/68/42 856/66/42 824/66/42
f 844/42/25 843/40/25 811/40/25
f 858/70/43 857/68/43 825/68/43
f 845/44/27 844/42/27 812/42/27
f 859/72/98 858/70/98 826/70/98
f 846/46/29 845/44/28 813/44/29
f 860/74/45 859/72/45 827/72/45
f 847/48/31 846/46/30 814/46/30
f 834/22/14 833/19/14 801/19/14
f 861/76/46 860/74/46 828/74/46
f 848/50/32 847/48/32 815/48/32
f 835/24/15 834/22/15 802/22/15
f 862/78/146 861/76/146 829/76/146
f 849/52/33 848/50/33 816/50/33
f 836/26/17 835/24/17 803/24/17
f 863/79/291 862/78/147 830/78/291
f 850/54/34 849/52/34 817/52/34
f 837/28/18 836/26/18 804/26/18
f 864/82/50 863/79/50 831/79/50
f 851/56/35 850/54/35 818/54/35
f 838/30/19 837/28/19 805/28/19
f 833/86/107 864/82/107 832/82/107
f 852/58/36 851/56/36 819/56/36
f 839/32/20 838/30/20 806/30/20
f 913/52/33 912/50/33 880/50/33
f 843/40/532 875/40/532 874/38/533
f 889/68/534 888/66/534 856/66/534
f 844/42/536 876/42/536 875/40/536
f 890/70/538 889/68/538 857/68/538
f 877/44/539 876/42/539 844/42/539
f 891/72/540 890/70/540 858/70/540
f 878/46/541 877/44/541 845/44/541
f 892/74/542 891/72/751 859/72/542
f 879/48/543 878/46/543 846/46/543
f 834/22/544 866/22/719 865/19/544
f 893/76/545 892/74/545 860/74/545
f 880/50/546 879/48/547 847/48/547
f 867/24/548 866/22/548 834/22/548
f 894/78/549 893/76/549 861/76/549
f 881/52/550 880/50/550 848/50/550
f 868/26/551 867/24/552 835/24/552
f 863/79/553 895/79/553 894/78/553
f 882/54/554 881/52/554 849/52/554
f 869/28/556 868/26/556 836/26/556
f 864/82/557 896/82/557 895/79/557
f 883/56/558 882/54/559 850/54/559
f 838/30/560 870/30/560 869/28/561
f 833/86/562 865/86/562 896/82/562
f 852/58/563 884/58/563 883/56/564
f 871/32/565 870/30/565 838/30/565
f 853/60/566 885/60/566 884/58/567
f 840/34/568 872/34/568 871/32/568
f 886/62/569 885/60/569 853/60/569
f 841/36/570 873/36/570 872/34/571
f 887/64/572 886/62/572 854/62/572
f 842/38/573 874/38/573 873/36/573
f 897/89/574 898/122/574 899/95/574
f 899/95/574 900/123/574 901/124/574
f 901/124/574 902/125/574 903/126/574
f 903/126/574 904/127/764 905/128/574
f 905/128/574 906/129/574 907/94/574
f 907/94/574 908/130/574 909/131/574
f 909/131/574 910/132/574 911/133/574
f 911/133/574 912/134/574 913/87/574
f 913/87/574 914/135/574 915/93/574
f 915/93/574 916/136/574 917/137/574
f 917/137/574 918/138/574 919/139/574
f 919/139/574 920/140/574 921/88/574
f 921/88/574 922/141/574 923/142/574
f 923/142/574 924/143/574 925/144/574
f 925/144/574 926/145/574 927/146/574
f 927/146/574 928/147/765 897/89/574
f 897/89/574 899/95/574 901/124/574
f 901/124/574 903/126/574 905/128/574
f 905/128/574 907/94/574 909/131/574
f 909/131/574 911/133/574 913/87/574
f 913/87/574 915/93/574 917/137/574
f 917/137/574 919/139/574 921/88/574
f 921/88/574 923/142/574 925/144/574
f 925/144/574 927/146/574 897/89/574
f 897/89/574 901/124/574 905/128/574
f 905/128/574 909/131/574 913/87/574
f 913/87/574 917/137/574 921/88/574
f 921/88/574 925/144/574 897/89/574
f 897/89/574 905/128/574 913/87/574
f 927/79/48 926/78/48 894/78/48
f 914/54/34 913/52/34 881/52/34
f 928/82/50 927/79/50 895/79/50
f 898/22/14 897/19/14 865/19/14
f 915/56/35 914/54/35 882/54/35
f 897/86/107 928/82/107 896/82/107
f 899/24/15 898/22/15 866/22/15
f 916/58/108 915/56/108 883/56/108
f 900/26/17 899/24/17 867/24/17
f 917/60/37 916/58/37 884/58/37
f 904/34/21 903/32/21 871/32/21
f 901/28/18 900/26/18 868/26/18
f 918/62/53 917/60/53 885/60/53
f 905/36/22 904/34/22 872/34/22
f 902/30/19 901/28/19 869/28/19
f 919/64/40 918/62/40 886/62/40
f 906/38/23 905/36/23 873/36/23
f 903/32/110 902/30/110 870/30/110
f 920/66/41 919/64/41 887/64/41
f 907/40/96 906/38/96 874/38/96
f 921/68/42 920/66/42 888/66/42
f 908/42/26 907/40/26 875/40/26
f 922/70/43 921/68/43 889/68/43
f 909/44/27 908/42/27 876/42/27
f 923/72/44 922/70/44 890/70/44
f 910/46/28 909/44/28 877/44/28
f 924/74/100 923/72/100 891/72/100
f 911/48/30 910/46/30 878/46/30
f 925/76/46 924/74/46 892/74/46
f 912/50/32 911/48/32 879/48/32
f 926/78/146 925/76/146 893/76/146
f 930/19/51 932/22/51 931/18/51
f 932/22/50 934/24/50 933/21/50
f 934/24/291 936/26/291 935/23/48
f 936/26/47 938/28/47 937/25/146
f 938/28/46 940/30/46 939/27/46
f 940/30/45 942/32/45 941/29/100
f 942/32/98 944/34/98 943/31/98
f 944/34/43 946/36/43 945/33/43
f 946/36/42 948/38/42 947/35/42
f 948/38/41 950/40/41 949/37/41
f 950/40/184 952/42/184 951/39/184
f 952/42/53 954/44/53 953/41/293
f 954/44/37 956/46/37 955/43/37
f 956/46/108 958/48/108 957/45/108
f 958/48/35 960/50/35 959/47/35
f 960/50/34 962/52/34 961/49/34
f 962/52/33 964/54/33 963/51/33
f 964/54/32 966/56/32 965/53/32
f 966/56/31 968/58/31 967/55/30
f 968/58/99 970/60/99 969/57/99
f 970/60/576 972/62/576 971/59/576
f 972/62/26 974/64/26 973/61/25
f 974/64/96 976/66/96 975/63/96
f 976/66/23 978/68/23 977/65/23
f 978/68/22 980/70/22 979/67/22
f 980/70/21 982/72/21 981/69/21
f 982/72/20 984/74/20 983/71/20
f 984/74/19 986/76/19 985/73/106
f 986/76/18 988/78/18 987/75/18
f 988/78/17 990/79/17 989/77/16
f 988/78/323 1406/78/323 1407/79/323
f 990/79/15 992/82/15 991/80/15
f 992/82/14 930/86/14 929/81/14
f 945/33/89 1001/33/89 1000/31/89
f 1014/59/576 1046/59/576 1045/57/27
f 963/51/88 1010/51/88 1009/49/88
f 981/69/84 1019/69/84 1018/67/84
f 937/25/83 997/25/766 996/23/83
f 955/43/82 1006/43/82 1005/41/82
f 971/59/81 973/61/81 1015/61/81
f 989/77/80 991/80/676 1024/80/80
f 945/33/79 947/35/79 1002/35/79
f 963/51/77 965/53/77 1011/53/77
f 983/71/75 1020/71/75 1019/69/75
f 939/27/577 998/27/577 997/25/74
f 957/45/73 1007/45/73 1006/43/73
f 973/61/72 975/63/72 1016/63/72
f 929/20/71 931/18/71 994/18/71
f 929/81/70 993/81/70 1024/80/70
f 949/37/578 1003/37/578 1002/35/68
f 967/55/67 1012/55/67 1011/53/67
f 983/71/579 985/73/579 1021/73/579
f 939/27/64 941/29/64 999/29/64
f 959/47/63 1008/47/63 1007/45/63
f 977/65/580 1017/65/580 1016/63/581
f 933/21/60 995/21/60 994/18/60
f 951/39/59 1004/39/59 1003/37/59
f 967/55/58 969/57/58 1013/57/58
f 987/75/57 1022/75/57 1021/73/57
f 941/29/55 943/31/55 1000/31/55
f 959/47/583 961/49/54 1009/49/54
f 977/65/52 979/67/52 1018/67/52
f 935/23/94 996/23/94 995/21/94
f 953/41/93 1005/41/93 1004/39/93
f 969/57/92 971/59/92 1014/59/92
f 987/75/90 989/77/90 1023/77/90
f 1049/65/142 1081/65/142 1080/63/142
f 1001/33/43 1033/33/43 1032/31/43
f 1015/61/26 1047/61/26 1046/59/26
f 1002/35/42 1034/35/42 1033/33/42
f 1016/63/96 1048/63/96 1047/61/96
f 1003/37/41 1035/37/41 1034/35/41
f 1017/65/23 1049/65/23 1048/63/23
f 1004/39/40 1036/39/40 1035/37/184
f 1018/67/22 1050/67/22 1049/65/584
f 1005/41/53 1037/41/53 1036/39/53
f 1019/69/21 1051/69/21 1050/67/21
f 1006/43/37 1038/43/37 1037/41/37
f 1020/71/20 1052/71/20 1051/69/109
f 1007/45/108 1039/45/108 1038/43/108
f 994/18/107 1026/18/107 1025/20/107
f 1021/73/585 1053/73/585 1052/71/106
f 1008/47/35 1040/47/35 1039/45/35
f 995/21/50 1027/21/50 1026/18/50
f 1022/75/104 1054/75/104 1053/73/104
f 1009/49/34 1041/49/34 1040/47/34
f 996/23/48 1028/23/48 1027/21/48
f 1023/77/16 1055/77/16 1054/75/16
f 1010/51/103 1042/51/103 1041/49/33
f 997/25/47 1029/25/47 1028/23/47
f 1024/80/15 1056/80/15 1055/77/15
f 1011/53/32 1043/53/32 1042/51/32
f 998/27/46 1030/27/46 1029/25/46
f 993/81/14 1025/81/14 1056/80/14
f 1012/55/31 1044/55/31 1043/53/30
f 999/29/45 1031/29/45 1030/27/45
f 1013/57/99 1045/57/99 1044/55/99
f 1000/31/44 1032/31/98 1031/29/44
f 1084/71/110 1116/71/110 1115/69/110
f 1035/37/141 1036/39/141 1068/39/141
f 1049/65/140 1050/67/140 1082/67/140
f 1036/39/139 1037/41/139 1069/41/139
f 1050/67/138 1051/69/138 1083/69/138
f 1037/41/137 1038/43/137 1070/43/137
f 1052/71/136 1084/71/136 1083/69/136
f 1039/45/135 1071/45/135 1070/43/587
f 1025/20/134 1026/18/134 1058/18/134
f 1053/73/133 1085/73/133 1084/71/133
f 1039/45/132 1040/47/132 1072/47/132
f 1026/18/131 1027/21/131 1059/21/131
f 1054/75/130 1086/75/130 1085/73/130
f 1040/47/588 1041/49/129 1073/49/588
f 1027/21/127 1028/23/127 1060/23/127
f 1054/75/126 1055/77/126 1087/77/126
f 1041/49/125 1042/51/125 1074/51/125
f 1029/25/123 1061/25/123 1060/23/123
f 1056/80/122 1088/80/122 1087/77/122
f 1043/53/121 1075/53/121 1074/51/121
f 1029/25/120 1030/27/120 1062/27/120
f 1025/81/119 1057/81/119 1088/80/119
f 1044/55/589 1076/55/589 1075/53/118
f 1030/27/116 1031/29/116 1063/29/116
f 1045/57/115 1077/57/115 1076/55/115
f 1032/31/114 1064/31/114 1063/29/114
f 1045/57/591 1046/59/591 1078/59/591
f 1033/33/112 1065/33/112 1064/31/112
f 1047/61/111 1079/61/111 1078/59/111
f 1033/33/95 1034/35/95 1066/35/95
f 1048/63/144 1080/63/144 1079/61/144
f 1034/35/143 1035/37/143 1067/37/143
f 1092/23/150 1124/23/150 1123/21/592
f 1071/45/36 1103/45/36 1102/43/36
f 1058/18/107 1090/18/107 1089/20/107
f 1085/73/19 1117/73/19 1116/71/19
f 1072/47/35 1104/47/35 1103/45/35
f 1059/21/50 1091/21/50 1090/18/50
f 1086/75/18 1118/75/18 1117/73/18
f 1073/49/34 1105/49/34 1104/47/34
f 1060/23/291 1092/23/291 1091/21/291
f 1087/77/17 1119/77/17 1118/75/17
f 1074/51/33 1106/51/33 1105/49/33
f 1061/25/146 1093/25/146 1092/23/146
f 1088/80/15 1120/80/15 1119/77/15
f 1075/53/32 1107/53/32 1106/51/32
f 1062/27/46 1094/27/46 1093/25/46
f 1057/81/14 1089/81/14 1120/80/14
f 1076/55/30 1108/55/30 1107/53/30
f 1063/29/45 1095/29/45 1094/27/100
f 1077/57/29 1109/57/29 1108/55/28
f 1064/31/44 1096/31/44 1095/29/44
f 1078/59/27 1110/59/27 1109/57/27
f 1065/33/43 1097/33/43 1096/31/43
f 1079/61/26 1111/61/26 1110/59/26
f 1066/35/42 1098/35/42 1097/33/42
f 1080/63/96 1112/63/96 1111/61/96
f 1067/37/41 1099/37/41 1098/35/41
f 1081/65/23 1113/65/23 1112/63/23
f 1068/39/184 1100/39/184 1099/37/184
f 1082/67/22 1114/67/22 1113/65/22
f 1069/41/53 1101/41/39 1100/39/53
f 1083/69/21 1115/69/21 1114/67/21
f 1070/43/37 1102/43/37 1101/41/37
f 1127/29/100 1159/29/100 1158/27/100
f 1118/75/145 1119/77/145 1151/77/145
f 1105/49/182 1106/51/182 1138/51/182
f 1092/23/181 1093/25/181 1125/25/181
f 1120/80/180 1152/80/180 1151/77/180
f 1107/53/593 1139/53/593 1138/51/593
f 1094/27/177 1126/27/177 1125/25/177
f 1089/81/176 1121/81/176 1152/80/176
f 1108/55/594 1140/55/594 1139/53/175
f 1095/29/174 1127/29/174 1126/27/174
f 1108/55/173 1109/57/173 1141/57/173
f 1095/29/172 1096/31/172 1128/31/172
f 1110/59/171 1142/59/171 1141/57/171
f 1096/31/170 1097/33/170 1129/33/170
f 1111/61/169 1143/61/169 1142/59/169
f 1097/33/595 1098/35/595 1130/35/595
f 1112/63/596 1144/63/596 1143/61/597
f 1098/35/166 1099/37/166 1131/37/166
f 1113/65/164 1145/65/164 1144/63/164
f 1099/37/163 1100/39/163 1132/39/163
f 1114/67/162 1146/67/162 1145/65/162
f 1100/39/598 1101/41/599 1133/41/599
f 1115/69/600 1147/69/600 1146/67/160
f 1101/41/159 1102/43/159 1134/43/159
f 1115/69/158 1116/71/158 1148/71/158
f 1103/45/157 1135/45/157 1134/43/157
f 1089/20/156 1090/18/156 1122/18/156
f 1116/71/155 1117/73/155 1149/73/155
f 1104/47/601 1136/47/601 1135/45/601
f 1090/18/153 1091/21/153 1123/21/153
f 1118/75/152 1150/75/152 1149/73/152
f 1105/49/151 1137/49/151 1136/47/151
f 1162/35/188 1194/35/188 1193/33/188
f 1141/57/29 1173/57/29 1172/55/29
f 1128/31/44 1160/31/44 1159/29/44
f 1142/59/27 1174/59/27 1173/57/27
f 1129/33/43 1161/33/43 1160/31/43
f 1143/61/26 1175/61/26 1174/59/26
f 1130/35/42 1162/35/42 1161/33/42
f 1144/63/96 1176/63/96 1175/61/96
f 1131/37/41 1163/37/41 1162/35/41
f 1145/65/23 1177/65/23 1176/63/23
f 1132/39/40 1164/39/184 1163/37/40
f 1146/67/22 1178/67/22 1177/65/22
f 1133/41/293 1165/41/53 1164/39/293
f 1147/69/21 1179/69/21 1178/67/21
f 1134/43/37 1166/43/37 1165/41/37
f 1148/71/109 1180/71/109 1179/69/109
f 1135/45/36 1167/45/108 1166/43/36
f 1122/18/107 1154/18/107 1153/20/107
f 1149/73/19 1181/73/148 1180/71/19
f 1136/47/292 1168/47/35 1167/45/292
f 1123/21/50 1155/21/50 1154/18/50
f 1150/75/18 1182/75/18 1181/73/18
f 1137/49/34 1169/49/34 1168/47/34
f 1124/23/48 1156/23/48 1155/21/48
f 1151/77/16 1183/77/16 1182/75/16
f 1138/51/33 1170/51/33 1169/49/33
f 1125/25/146 1157/25/146 1156/23/146
f 1152/80/15 1184/80/15 1183/77/15
f 1139/53/32 1171/53/32 1170/51/32
f 1126/27/46 1158/27/46 1157/25/46
f 1121/81/14 1153/81/14 1184/80/14
f 1140/55/31 1172/55/31 1171/53/31
f 1197/41/293 1229/41/293 1228/39/293
f 1175/61/187 1176/63/187 1208/63/187
f 1163/37/185 1195/37/185 1194/35/185
f 1176/63/183 1177/65/183 1209/65/183
f 1164/39/216 1196/39/216 1195/37/216
f 1177/65/215 1178/67/215 1210/67/215
f 1165/41/214 1197/41/214 1196/39/214
f 1179/69/213 1211/69/213 1210/67/213
f 1166/43/212 1198/43/212 1197/41/212
f 1180/71/211 1212/71/211 1211/69/211
f 1167/45/210 1199/45/210 1198/43/210
f 1153/20/209 1154/18/209 1186/18/209
f 1181/73/208 1213/73/208 1212/71/208
f 1168/47/207 1200/47/207 1199/45/207
f 1154/18/206 1155/21/767 1187/21/206
f 1182/75/205 1214/75/205 1213/73/205
f 1168/47/204 1169/49/204 1201/49/204
f 1155/21/203 1156/23/203 1188/23/203
f 1182/75/202 1183/77/202 1215/77/202
f 1169/49/201 1170/51/201 1202/51/201
f 1156/23/200 1157/25/728 1189/25/200
f 1184/80/199 1216/80/768 1215/77/199
f 1170/51/198 1171/53/198 1203/53/198
f 1157/25/197 1158/27/197 1190/27/197
f 1153/81/196 1185/81/196 1216/80/196
f 1172/55/195 1204/55/195 1203/53/195
f 1158/27/194 1159/29/194 1191/29/194
f 1173/57/193 1205/57/193 1204/55/193
f 1159/29/192 1160/31/683 1192/31/192
f 1174/59/191 1206/59/191 1205/57/191
f 1161/33/190 1193/33/190 1192/31/190
f 1175/61/189 1207/61/189 1206/59/189
f 1231/45/603 1232/47/769 1264/47/603
f 1211/69/21 1243/69/21 1242/67/21
f 1198/43/37 1230/43/37 1229/41/37
f 1212/71/20 1244/71/20 1243/69/20
f 1199/45/108 1231/45/108 1230/43/108
f 1186/18/51 1218/18/51 1217/20/51
f 1213/73/364 1245/73/364 1244/71/364
f 1200/47/35 1232/47/35 1231/45/35
f 1187/21/50 1219/21/50 1218/18/50
f 1214/75/104 1246/75/18 1245/73/104
f 1201/49/34 1233/49/34 1232/47/34
f 1188/23/48 1220/23/48 1219/21/48
f 1215/77/16 1247/77/16 1246/75/16
f 1202/51/103 1234/51/103 1233/49/103
f 1189/25/47 1221/25/47 1220/23/47
f 1216/80/15 1248/80/15 1247/77/15
f 1203/53/32 1235/53/32 1234/51/32
f 1190/27/46 1222/27/46 1221/25/46
f 1185/81/14 1217/81/14 1248/80/14
f 1204/55/30 1236/55/30 1235/53/30
f 1191/29/45 1223/29/45 1222/27/45
f 1205/57/29 1237/57/99 1236/55/29
f 1192/31/44 1224/31/44 1223/29/44
f 1206/59/27 1238/59/27 1237/57/27
f 1193/33/43 1225/33/43 1224/31/43
f 1207/61/26 1239/61/26 1238/59/26
f 1194/35/42 1226/35/42 1225/33/42
f 1208/63/96 1240/63/96 1239/61/96
f 1195/37/41 1227/37/41 1226/35/41
f 1209/65/23 1241/65/23 1240/63/23
f 1196/39/40 1228/39/40 1227/37/40
f 1210/67/22 1242/67/22 1241/65/22
f 1267/53/32 1299/53/32 1298/51/32
f 1218/18/225 1219/21/225 1251/21/225
f 1245/73/604 1246/75/224 1278/75/224
f 1232/47/223 1233/49/223 1265/49/223
f 1220/23/606 1252/23/606 1251/21/606
f 1246/75/221 1247/77/221 1279/77/221
f 1234/51/220 1266/51/220 1265/49/220
f 1221/25/219 1253/25/219 1252/23/219
f 1248/80/218 1280/80/218 1279/77/218
f 1235/53/217 1267/53/217 1266/51/217
f 1222/27/251 1254/27/251 1253/25/251
f 1248/80/250 1217/81/250 1249/81/250
f 1236/55/249 1268/55/249 1267/53/249
f 1223/29/247 1255/29/247 1254/27/247
f 1237/57/246 1269/57/246 1268/55/246
f 1223/29/245 1224/31/245 1256/31/245
f 1237/57/608 1238/59/244 1270/59/608
f 1224/31/243 1225/33/243 1257/33/243
f 1238/59/242 1239/61/242 1271/61/242
f 1225/33/241 1226/35/241 1258/35/241
f 1240/63/240 1272/63/240 1271/61/240
f 1226/35/239 1227/37/239 1259/37/239
f 1241/65/238 1273/65/238 1272/63/238
f 1227/37/237 1228/39/237 1260/39/237
f 1242/67/236 1274/67/236 1273/65/236
f 1228/39/609 1229/41/609 1261/41/609
f 1242/67/234 1243/69/234 1275/69/234
f 1230/43/233 1262/43/233 1261/41/233
f 1243/69/232 1244/71/232 1276/71/232
f 1230/43/231 1231/45/231 1263/45/231
f 1217/20/230 1218/18/230 1250/18/230
f 1244/71/228 1245/73/228 1277/73/228
f 1301/57/267 1302/59/267 1334/59/267
f 1254/27/46 1286/27/46 1285/25/46
f 1249/81/14 1281/81/770 1312/80/14
f 1268/55/31 1300/55/31 1299/53/31
f 1255/29/45 1287/29/45 1286/27/45
f 1269/57/99 1301/57/99 1300/55/99
f 1256/31/44 1288/31/44 1287/29/44
f 1270/59/27 1302/59/27 1301/57/27
f 1257/33/43 1289/33/43 1288/31/43
f 1271/61/25 1303/61/25 1302/59/25
f 1258/35/255 1290/35/255 1289/33/255
f 1272/63/96 1304/63/24 1303/61/96
f 1259/37/41 1291/37/41 1290/35/41
f 1273/65/23 1305/65/23 1304/63/23
f 1260/39/40 1292/39/40 1291/37/40
f 1274/67/612 1306/67/612 1305/65/584
f 1261/41/448 1293/41/448 1292/39/447
f 1275/69/21 1307/69/21 1306/67/21
f 1262/43/613 1294/43/613 1293/41/37
f 1276/71/20 1308/71/20 1307/69/109
f 1263/45/108 1295/45/108 1294/43/36
f 1250/18/107 1282/18/107 1281/20/614
f 1277/73/148 1309/73/148 1308/71/19
f 1264/47/35 1296/47/35 1295/45/35
f 1251/21/50 1283/21/771 1282/18/50
f 1278/75/18 1310/75/18 1309/73/18
f 1265/49/34 1297/49/34 1296/47/34
f 1252/23/291 1284/23/291 1283/21/616
f 1279/77/17 1311/77/772 1310/75/16
f 1266/51/33 1298/51/33 1297/49/33
f 1253/25/617 1285/25/617 1284/23/47
f 1280/80/619 1312/80/619 1311/77/15
f 1337/65/23 1369/65/23 1368/63/23
f 1289/33/266 1321/33/266 1320/31/266
f 1302/59/264 1303/61/264 1335/61/264
f 1290/35/263 1322/35/263 1321/33/263
f 1303/61/262 1304/63/262 1336/63/262
f 1291/37/261 1323/37/261 1322/35/261
f 1305/65/260 1337/65/260 1336/63/260
f 1292/39/259 1324/39/259 1323/37/259
f 1306/67/257 1338/67/257 1337/65/257
f 1293/41/253 1325/41/253 1324/39/253
f 1307/69/289 1339/69/289 1338/67/289
f 1294/43/288 1326/43/288 1325/41/288
f 1308/71/287 1340/71/287 1339/69/287
f 1294/43/286 1295/45/286 1327/45/286
f 1281/20/620 1282/18/620 1314/18/620
f 1309/73/284 1341/73/284 1340/71/284
f 1296/47/283 1328/47/283 1327/45/283
f 1283/21/282 1315/21/282 1314/18/282
f 1310/75/281 1342/75/281 1341/73/281
f 1297/49/280 1329/49/280 1328/47/280
f 1284/23/279 1316/23/279 1315/21/279
f 1310/75/278 1311/77/278 1343/77/278
f 1297/49/277 1298/51/277 1330/51/277
f 1285/25/276 1317/25/276 1316/23/276
f 1311/77/275 1312/80/275 1344/80/275
f 1298/51/274 1299/53/274 1331/53/274
f 1285/25/273 1286/27/273 1318/27/273
f 1281/81/272 1313/81/272 1344/80/272
f 1299/53/271 1300/55/740 1332/55/271
f 1286/27/270 1287/29/270 1319/29/270
f 1300/55/269 1301/57/269 1333/57/269
f 1288/31/268 1320/31/268 1319/29/268
f 1376/92/290 1345/96/290 1346/85/290
f 1346/85/290 1347/121/290 1348/120/290
f 1348/120/290 1349/119/290 1350/118/290
f 1350/118/290 1351/117/290 1352/116/290
f 1352/116/290 1353/115/290 1354/84/290
f 1354/84/290 1355/114/290 1356/113/290
f 1356/113/290 1357/112/290 1358/111/290
f 1358/111/290 1359/110/290 1360/90/290
f 1360/90/290 1361/109/290 1362/83/290
f 1362/83/290 1363/108/290 1364/107/290
f 1364/107/290 1365/106/290 1366/105/290
f 1366/105/290 1367/104/290 1368/91/290
f 1368/91/290 1369/103/290 1370/102/290
f 1370/102/290 1371/101/290 1372/100/290
f 1372/100/290 1373/99/290 1374/98/290
f 1374/98/290 1375/97/773 1376/92/290
f 1376/92/290 1346/85/290 1348/120/290
f 1348/120/290 1350/118/290 1352/116/290
f 1352/116/290 1354/84/290 1356/113/290
f 1356/113/290 1358/111/290 1360/90/290
f 1360/90/290 1362/83/290 1364/107/290
f 1364/107/290 1366/105/290 1368/91/290
f 1368/91/290 1370/102/290 1372/100/290
f 1372/100/290 1374/98/290 1376/92/290
f 1376/92/290 1348/120/290 1352/116/290
f 1352/116/290 1356/113/290 1360/90/290
f 1360/90/290 1364/107/290 1368/91/290
f 1368/91/290 1372/100/290 1376/92/290
f 1376/92/290 1352/116/290 1360/90/290
f 1324/39/184 1356/39/40 1355/37/40
f 1338/67/22 1370/67/22 1369/65/22
f 1325/41/293 1357/41/293 1356/39/293
f 1339/69/21 1371/69/21 1370/67/21
f 1326/43/37 1358/43/37 1357/41/37
f 1340/71/20 1372/71/109 1371/69/109
f 1327/45/36 1359/45/36 1358/43/36
f 1314/18/107 1346/18/107 1345/20/107
f 1341/73/106 1373/73/19 1372/71/19
f 1328/47/292 1360/47/292 1359/45/292
f 1315/21/50 1347/21/50 1346/18/50
f 1342/75/18 1374/75/18 1373/73/18
f 1329/49/34 1361/49/34 1360/47/34
f 1316/23/291 1348/23/291 1347/21/291
f 1343/77/16 1375/77/16 1374/75/16
f 1330/51/33 1362/51/33 1361/49/33
f 1317/25/146 1349/25/146 1348/23/146
f 1344/80/15 1376/80/15 1375/77/15
f 1331/53/32 1363/53/32 1362/51/32
f 1318/27/46 1350/27/46 1349/25/46
f 1313/81/14 1345/81/14 1376/80/14
f 1332/55/31 1364/55/31 1363/53/31
f 1319/29/100 1351/29/100 1350/27/100
f 1333/57/29 1365/57/29 1364/55/29
f 1320/31/44 1352/31/44 1351/29/44
f 1334/59/27 1366/59/27 1365/57/27
f 1321/33/43 1353/33/43 1352/31/43
f 1335/61/26 1367/61/26 1366/59/26
f 1322/35/42 1354/35/42 1353/33/42
f 1336/63/96 1368/63/96 1367/61/96
f 1323/37/41 1355/37/41 1354/35/41
f 1406/78/16 1438/78/16 1439/79/16
f 946/36/321 944/34/322 1384/34/321
f 962/52/320 1393/52/320 1394/54/320
f 982/72/319 980/70/319 1402/70/319
f 936/26/318 1380/26/318 1381/28/318
f 956/46/317 954/44/317 1389/44/317
f 972/62/316 1398/62/316 1399/64/316
f 990/79/315 1407/79/315 1408/82/315
f 946/36/314 1385/36/314 1386/38/314
f 964/54/313 1394/54/313 1395/56/313
f 984/74/312 982/72/312 1403/72/312
f 938/28/311 1381/28/311 1382/30/311
f 956/46/310 1390/46/310 1391/48/310
f 976/66/309 974/64/309 1399/64/309
f 932/22/308 930/19/308 1377/19/308
f 930/86/307 992/82/307 1408/82/307
f 948/38/623 1386/38/306 1387/40/623
f 966/56/305 1395/56/305 1396/58/305
f 984/74/624 1404/74/304 1405/76/624
f 940/30/303 1382/30/303 1383/32/303
f 960/50/302 958/48/302 1391/48/302
f 978/68/301 976/66/301 1400/66/301
f 934/24/625 932/22/300 1378/22/625
f 952/42/299 950/40/299 1387/40/299
f 968/58/298 1396/58/298 1397/60/298
f 986/76/297 1405/76/297 1406/78/297
f 944/34/296 942/32/296 1383/32/296
f 960/50/295 1392/50/295 1393/52/295
f 978/68/294 1401/68/294 1402/70/294
f 936/26/49 934/24/49 1379/24/49
f 952/42/325 1388/42/325 1389/44/325
f 972/62/324 970/60/324 1397/60/324
f 1429/60/341 1428/58/341 1460/58/341
f 1393/52/33 1425/52/103 1426/54/33
f 1380/26/146 1412/26/146 1413/28/146
f 1407/79/15 1439/79/15 1440/82/15
f 1394/54/32 1426/54/32 1427/56/32
f 1381/28/46 1413/28/46 1414/30/46
f 1408/82/14 1440/82/14 1409/86/14
f 1396/58/31 1395/56/30 1427/56/31
f 1382/30/45 1414/30/45 1415/32/45
f 1397/60/29 1396/58/29 1428/58/29
f 1383/32/98 1415/32/98 1416/34/98
f 1397/60/27 1429/60/27 1430/62/27
f 1384/34/43 1416/34/43 1417/36/43
f 1398/62/26 1430/62/26 1431/64/26
f 1385/36/42 1417/36/42 1418/38/42
f 1399/64/96 1431/64/96 1432/66/96
f 1387/40/41 1386/38/41 1418/38/41
f 1400/66/23 1432/66/23 1433/68/23
f 1388/42/40 1387/40/40 1419/40/40
f 1401/68/584 1433/68/584 1434/70/584
f 1388/42/293 1420/42/293 1421/44/293
f 1402/70/21 1434/70/21 1435/72/21
f 1389/44/37 1421/44/37 1422/46/37
f 1403/72/110 1435/72/110 1436/74/110
f 1390/46/108 1422/46/108 1423/48/108
f 1377/19/107 1409/19/107 1410/22/107
f 1404/74/19 1436/74/19 1437/76/19
f 1392/50/35 1391/48/35 1423/48/35
f 1378/22/50 1410/22/50 1411/24/50
f 1405/76/18 1437/76/18 1438/78/18
f 1392/50/34 1424/50/34 1425/52/34
f 1379/24/48 1411/24/48 1412/26/48
f 1463/64/96 1495/64/96 1496/66/96
f 1415/32/340 1447/32/340 1448/34/340
f 1429/60/339 1461/60/339 1462/62/339
f 1416/34/338 1448/34/338 1449/36/338
f 1430/62/336 1462/62/336 1463/64/336
f 1418/38/335 1417/36/774 1449/36/335
f 1431/64/334 1463/64/334 1464/66/334
f 1419/40/333 1418/38/333 1450/38/333
f 1432/66/332 1464/66/332 1465/68/332
f 1420/42/331 1419/40/331 1451/40/331
f 1434/70/330 1433/68/330 1465/68/330
f 1421/44/329 1420/42/701 1452/42/329
f 1435/72/328 1434/70/328 1466/70/328
f 1422/46/326 1421/44/326 1453/44/326
f 1435/72/361 1467/72/361 1468/74/361
f 1423/48/360 1422/46/775 1454/46/360
f 1409/19/627 1441/19/627 1442/22/627
f 1436/74/358 1468/74/358 1469/76/358
f 1424/50/357 1423/48/357 1455/48/357
f 1410/22/356 1442/22/356 1443/24/356
f 1437/76/355 1469/76/355 1470/78/355
f 1425/52/354 1424/50/354 1456/50/354
f 1411/24/353 1443/24/352 1444/26/353
f 1439/79/351 1438/78/700 1470/78/351
f 1426/54/350 1425/52/350 1457/52/350
f 1413/28/349 1412/26/761 1444/26/349
f 1440/82/348 1439/79/348 1471/79/348
f 1427/56/347 1426/54/347 1458/54/347
f 1413/28/346 1445/28/346 1446/30/628
f 1440/82/344 1472/82/344 1441/86/344
f 1427/56/343 1459/56/343 1460/58/343
f 1414/30/342 1446/30/342 1447/32/342
f 1499/72/392 1498/70/391 1530/70/392
f 1450/38/41 1482/38/41 1483/40/41
f 1464/66/23 1496/66/23 1497/68/23
f 1451/40/184 1483/40/40 1484/42/40
f 1465/68/22 1497/68/22 1498/70/22
f 1452/42/53 1484/42/53 1485/44/53
f 1467/72/21 1466/70/21 1498/70/21
f 1453/44/37 1485/44/38 1486/46/37
f 1468/74/20 1467/72/20 1499/72/20
f 1454/46/108 1486/46/108 1487/48/108
f 1442/22/107 1441/19/107 1473/19/107
f 1469/76/106 1468/74/19 1500/74/364
f 1455/48/35 1487/48/35 1488/50/35
f 1443/24/50 1442/22/50 1474/22/50
f 1470/78/18 1469/76/18 1501/76/18
f 1456/50/34 1488/50/34 1489/52/34
f 1443/24/48 1475/24/48 1476/26/48
f 1470/78/16 1502/78/16 1503/79/16
f 1457/52/33 1489/52/33 1490/54/33
f 1445/28/47 1444/26/47 1476/26/47
f 1471/79/15 1503/79/15 1504/82/15
f 1458/54/32 1490/54/32 1491/56/32
f 1445/28/46 1477/28/46 1478/30/46
f 1472/82/14 1504/82/14 1473/86/14
f 1459/56/31 1491/56/31 1492/58/31
f 1446/30/45 1478/30/45 1479/32/45
f 1460/58/99 1492/58/99 1493/60/99
f 1447/32/98 1479/32/98 1480/34/98
f 1461/60/576 1493/60/27 1494/62/576
f 1448/34/43 1480/34/43 1481/36/43
f 1462/62/26 1494/62/26 1495/64/26
f 1449/36/42 1481/36/42 1482/38/42
f 1506/22/50 1538/22/50 1539/24/50
f 1486/46/390 1485/44/390 1517/44/390
f 1500/74/389 1499/72/389 1531/72/389
f 1486/46/386 1518/46/386 1519/48/386
f 1473/19/385 1505/19/385 1506/22/385
f 1500/74/384 1532/74/384 1533/76/384
f 1488/50/629 1487/48/629 1519/48/629
f 1475/24/382 1474/22/382 1506/22/382
f 1502/78/380 1501/76/380 1533/76/380
f 1489/52/379 1488/50/379 1520/50/379
f 1476/26/378 1475/24/378 1507/24/378
f 1503/79/377 1502/78/377 1534/78/377
f 1490/54/374 1489/52/374 1521/52/374
f 1477/28/373 1476/26/373 1508/26/373
f 1504/82/372 1503/79/372 1535/79/372
f 1490/54/371 1522/54/371 1523/56/371
f 1478/30/370 1477/28/370 1509/28/370
f 1473/86/369 1504/82/369 1536/82/369
f 1491/56/368 1523/56/368 1524/58/368
f 1478/30/366 1510/30/366 1511/32/366
f 1492/58/365 1524/58/365 1525/60/365
f 1479/32/363 1511/32/363 1512/34/363
f 1493/60/405 1525/60/405 1526/62/405
f 1481/36/404 1480/34/631 1512/34/631
f 1494/62/403 1526/62/403 1527/64/403
f 1481/36/401 1513/36/401 1514/38/402
f 1495/64/632 1527/64/632 1528/66/400
f 1482/38/398 1514/38/398 1515/40/398
f 1497/68/633 1496/66/397 1528/66/397
f 1483/40/396 1515/40/396 1516/42/396
f 1497/68/395 1529/68/395 1530/70/395
f 1485/44/393 1484/42/393 1516/42/393
f 1541/28/430 1573/28/430 1574/30/430
f 1533/76/104 1565/76/104 1566/78/104
f 1520/50/34 1552/50/34 1553/52/34
f 1507/24/291 1539/24/291 1540/26/48
f 1534/78/17 1566/78/17 1567/79/17
f 1521/52/33 1553/52/103 1554/54/33
f 1508/26/47 1540/26/47 1541/28/47
f 1535/79/15 1567/79/15 1568/82/15
f 1522/54/32 1554/54/32 1555/56/32
f 1509/28/46 1541/28/46 1542/30/46
f 1536/82/14 1568/82/14 1537/86/14
f 1523/56/31 1555/56/31 1556/58/31
f 1510/30/100 1542/30/100 1543/32/100
f 1524/58/99 1556/58/99 1557/60/29
f 1511/32/44 1543/32/44 1544/34/44
f 1525/60/27 1557/60/27 1558/62/27
f 1512/34/43 1544/34/43 1545/36/43
f 1526/62/26 1558/62/26 1559/64/26
f 1513/36/42 1545/36/42 1546/38/42
f 1527/64/96 1559/64/96 1560/66/96
f 1514/38/41 1546/38/41 1547/40/41
f 1528/66/23 1560/66/23 1561/68/23
f 1515/40/40 1547/40/40 1548/42/40
f 1529/68/22 1561/68/22 1562/70/22
f 1516/42/293 1548/42/293 1549/44/448
f 1530/70/21 1562/70/21 1563/72/21
f 1517/44/37 1549/44/38 1550/46/37
f 1531/72/109 1563/72/109 1564/74/110
f 1518/46/108 1550/46/36 1551/48/108
f 1505/19/107 1537/19/107 1538/22/107
f 1532/74/148 1564/74/148 1565/76/106
f 1519/48/35 1551/48/35 1552/50/35
f 1576/34/43 1608/34/43 1609/36/43
f 1568/82/429 1600/82/429 1569/86/429
f 1555/56/428 1587/56/428 1588/58/428
f 1543/32/427 1542/30/634 1574/30/634
f 1557/60/426 1556/58/426 1588/58/426
f 1543/32/635 1575/32/635 1576/34/635
f 1557/60/424 1589/60/424 1590/62/424
f 1544/34/423 1576/34/423 1577/36/423
f 1559/64/422 1558/62/422 1590/62/422
f 1545/36/421 1577/36/421 1578/38/421
f 1560/66/420 1559/64/420 1591/64/420
f 1546/38/636 1578/38/636 1579/40/636
f 1561/68/637 1560/66/417 1592/66/417
f 1548/42/415 1547/40/415 1579/40/415
f 1562/70/639 1561/68/639 1593/68/639
f 1549/44/413 1548/42/412 1580/42/412
f 1563/72/411 1562/70/411 1594/70/411
f 1549/44/410 1581/44/410 1582/46/410
f 1563/72/409 1595/72/409 1596/74/409
f 1550/46/408 1582/46/408 1583/48/408
f 1538/22/407 1537/19/407 1569/19/407
f 1565/76/406 1564/74/406 1596/74/406
f 1551/48/443 1583/48/443 1584/50/443
f 1538/22/442 1570/22/442 1571/24/442
f 1566/78/640 1565/76/441 1597/76/640
f 1552/50/438 1584/50/438 1585/52/439
f 1540/26/437 1539/24/437 1571/24/437
f 1567/79/435 1566/78/436 1598/78/436
f 1553/52/434 1585/52/434 1586/54/434
f 1541/28/433 1540/26/433 1572/26/433
f 1568/82/432 1567/79/432 1599/79/432
f 1554/54/431 1586/54/431 1587/56/431
f 1611/40/484 1643/40/484 1644/42/484
f 1590/62/26 1622/62/26 1623/64/26
f 1577/36/42 1609/36/42 1610/38/42
f 1591/64/96 1623/64/96 1624/66/96
f 1578/38/41 1610/38/41 1611/40/41
f 1592/66/23 1624/66/23 1625/68/23
f 1579/40/40 1611/40/40 1612/42/40
f 1593/68/22 1625/68/22 1626/70/22
f 1580/42/447 1612/42/448 1613/44/53
f 1594/70/21 1626/70/21 1627/72/21
f 1581/44/37 1613/44/37 1614/46/37
f 1595/72/20 1627/72/20 1628/74/109
f 1582/46/36 1614/46/36 1615/48/108
f 1569/19/107 1601/19/51 1602/22/107
f 1596/74/364 1628/74/364 1629/76/364
f 1583/48/35 1615/48/35 1616/50/35
f 1570/22/50 1602/22/50 1603/24/50
f 1597/76/18 1629/76/18 1630/78/18
f 1584/50/34 1616/50/34 1617/52/34
f 1571/24/48 1603/24/616 1604/26/291
f 1598/78/17 1630/78/17 1631/79/17
f 1585/52/33 1617/52/33 1618/54/33
f 1572/26/47 1604/26/47 1605/28/47
f 1599/79/446 1631/79/446 1632/82/446
f 1586/54/32 1618/54/32 1619/56/32
f 1573/28/46 1605/28/46 1606/30/46
f 1600/82/14 1632/82/14 1601/86/14
f 1587/56/31 1619/56/31 1620/58/30
f 1574/30/100 1606/30/45 1607/32/100
f 1588/58/29 1620/58/29 1621/60/29
f 1575/32/44 1607/32/44 1608/34/44
f 1589/60/27 1621/60/27 1622/62/27
f 1646/46/108 1678/46/108 1679/48/36
f 1625/68/483 1657/68/483 1658/70/483
f 1612/42/482 1644/42/482 1645/44/482
f 1626/70/481 1658/70/481 1659/72/481
f 1613/44/643 1645/44/643 1646/46/480
f 1628/74/479 1627/72/479 1659/72/479
f 1614/46/644 1646/46/644 1647/48/644
f 1601/19/476 1633/19/776 1634/22/476
f 1629/76/475 1628/74/475 1660/74/475
f 1616/50/474 1615/48/474 1647/48/474
f 1602/22/472 1634/22/472 1635/24/472
f 1630/78/645 1629/76/645 1661/76/645
f 1617/52/469 1616/50/469 1648/50/469
f 1604/26/468 1603/24/468 1635/24/468
f 1631/79/466 1630/78/466 1662/78/466
f 1617/52/465 1649/52/465 1650/54/465
f 1605/28/464 1604/26/464 1636/26/464
f 1632/82/463 1631/79/777 1663/79/463
f 1619/56/461 1618/54/461 1650/54/461
f 1605/28/647 1637/28/647 1638/30/647
f 1632/82/458 1664/82/458 1633/86/459
f 1620/58/649 1619/56/457 1651/56/457
f 1607/32/456 1606/30/456 1638/30/456
f 1621/60/650 1620/58/650 1652/58/650
f 1608/34/454 1607/32/454 1639/32/454
f 1622/62/651 1621/60/651 1653/60/651
f 1609/36/451 1608/34/451 1640/34/451
f 1623/64/445 1622/62/445 1654/62/445
f 1610/38/488 1609/36/488 1641/36/488
f 1623/64/652 1655/64/652 1656/66/487
f 1611/40/486 1610/38/486 1642/38/486
f 1624/66/485 1656/66/485 1657/68/485
f 1682/54/527 1681/52/527 1713/52/527
f 1633/19/107 1665/19/107 1666/22/107
f 1660/74/364 1692/74/364 1693/76/364
f 1647/48/35 1679/48/35 1680/50/35
f 1634/22/50 1666/22/50 1667/24/50
f 1661/76/18 1693/76/18 1694/78/18
f 1648/50/34 1680/50/34 1681/52/34
f 1635/24/291 1667/24/48 1668/26/291
f 1662/78/17 1694/78/16 1695/79/17
f 1649/52/33 1681/52/33 1682/54/33
f 1636/26/102 1668/26/102 1669/28/102
f 1663/79/15 1695/79/15 1696/82/15
f 1650/54/32 1682/54/32 1683/56/32
f 1637/28/46 1669/28/46 1670/30/46
f 1664/82/14 1696/82/14 1665/86/14
f 1651/56/30 1683/56/30 1684/58/31
f 1638/30/45 1670/30/45 1671/32/100
f 1652/58/28 1684/58/28 1685/60/28
f 1639/32/44 1671/32/44 1672/34/44
f 1653/60/27 1685/60/27 1686/62/27
f 1640/34/43 1672/34/43 1673/36/43
f 1654/62/26 1686/62/26 1687/64/26
f 1641/36/42 1673/36/42 1674/38/42
f 1655/64/96 1687/64/96 1688/66/24
f 1642/38/41 1674/38/41 1675/40/41
f 1656/66/23 1688/66/23 1689/68/23
f 1643/40/40 1675/40/40 1676/42/40
f 1657/68/22 1689/68/22 1690/70/22
f 1644/42/293 1676/42/293 1677/44/293
f 1658/70/21 1690/70/21 1691/72/21
f 1645/44/37 1677/44/37 1678/46/37
f 1659/72/20 1691/72/20 1692/74/20
f 1716/58/28 1748/58/28 1749/60/28
f 1668/26/526 1700/26/525 1701/28/526
f 1695/79/524 1727/79/524 1728/82/524
f 1682/54/522 1714/54/522 1715/56/523
f 1669/28/521 1701/28/521 1702/30/521
f 1696/82/654 1728/82/654 1697/86/520
f 1684/58/519 1683/56/519 1715/56/519
f 1671/32/518 1670/30/518 1702/30/518
f 1684/58/517 1716/58/517 1717/60/517
f 1671/32/516 1703/32/748 1704/34/516
f 1685/60/514 1717/60/514 1718/62/655
f 1672/34/513 1704/34/513 1705/36/656
f 1686/62/657 1718/62/657 1719/64/657
f 1673/36/511 1705/36/511 1706/38/511
f 1688/66/510 1687/64/510 1719/64/510
f 1674/38/509 1706/38/509 1707/40/509
f 1689/68/508 1688/66/658 1720/66/658
f 1676/42/506 1675/40/507 1707/40/507
f 1690/70/659 1689/68/659 1721/68/659
f 1677/44/503 1676/42/503 1708/42/503
f 1691/72/501 1690/70/501 1722/70/501
f 1677/44/500 1709/44/500 1710/46/500
f 1692/74/499 1691/72/499 1723/72/499
f 1678/46/498 1710/46/498 1711/48/497
f 1666/22/496 1665/19/496 1697/19/496
f 1693/76/494 1692/74/494 1724/74/494
f 1680/50/493 1679/48/493 1711/48/493
f 1666/22/492 1698/22/492 1699/24/492
f 1694/78/490 1693/76/490 1725/76/490
f 1681/52/489 1680/50/489 1712/50/489
f 1668/26/529 1667/24/529 1699/24/529
f 1695/79/528 1694/78/528 1726/78/528
f 1751/64/533 1783/64/533 1784/66/532
f 1703/32/98 1735/32/98 1736/34/44
f 1717/60/27 1749/60/27 1750/62/27
f 1704/34/43 1736/34/43 1737/36/43
f 1718/62/25 1750/62/25 1751/64/25
f 1705/36/42 1737/36/42 1738/38/42
f 1719/64/96 1751/64/96 1752/66/24
f 1706/38/41 1738/38/41 1739/40/41
f 1720/66/23 1752/66/23 1753/68/23
f 1707/40/184 1739/40/184 1740/42/184
f 1721/68/22 1753/68/584 1754/70/22
f 1708/42/39 1740/42/39 1741/44/53
f 1722/70/21 1754/70/21 1755/72/21
f 1709/44/37 1741/44/37 1742/46/37
f 1723/72/20 1755/72/20 1756/74/20
f 1710/46/108 1742/46/108 1743/48/36
f 1697/19/107 1729/19/107 1730/22/107
f 1724/74/106 1756/74/364 1757/76/148
f 1711/48/35 1743/48/292 1744/50/35
f 1698/22/50 1730/22/50 1731/24/50
f 1725/76/18 1757/76/18 1758/78/18
f 1712/50/34 1744/50/34 1745/52/34
f 1699/24/291 1731/24/147 1732/26/291
f 1726/78/16 1758/78/16 1759/79/17
f 1713/52/33 1745/52/33 1746/54/33
f 1700/26/146 1732/26/146 1733/28/146
f 1727/79/15 1759/79/15 1760/82/15
f 1714/54/32 1746/54/32 1747/56/32
f 1701/28/46 1733/28/46 1734/30/46
f 1728/82/14 1760/82/14 1729/86/14
f 1715/56/31 1747/56/31 1748/58/30
f 1702/30/45 1734/30/45 1735/32/45
f 1776/50/34 1808/50/34 1809/52/34
f 1739/40/660 1738/38/660 1770/38/660
f 1752/66/573 1784/66/573 1785/68/573
f 1739/40/661 1771/40/661 1772/42/572
f 1753/68/571 1785/68/571 1786/70/570
f 1740/42/662 1772/42/662 1773/44/663
f 1754/70/664 1786/70/664 1787/72/568
f 1741/44/566 1773/44/755 1774/46/566
f 1755/72/665 1787/72/665 1788/74/565
f 1742/46/666 1774/46/666 1775/48/666
f 1730/22/562 1729/19/562 1761/19/562
f 1756/74/560 1788/74/561 1789/76/560
f 1743/48/558 1775/48/558 1776/50/559
f 1730/22/557 1762/22/557 1763/24/557
f 1757/76/556 1789/76/556 1790/78/556
f 1744/50/554 1776/50/554 1777/52/554
f 1731/24/553 1763/24/553 1764/26/667
f 1759/79/552 1758/78/552 1790/78/552
f 1745/52/550 1777/52/550 1778/54/550
f 1733/28/549 1732/26/549 1764/26/549
f 1760/82/668 1759/79/548 1791/79/548
f 1746/54/546 1778/54/546 1779/56/669
f 1734/30/670 1733/28/670 1765/28/670
f 1729/86/671 1760/82/671 1792/82/671
f 1747/56/543 1779/56/543 1780/58/543
f 1734/30/542 1766/30/542 1767/32/542
f 1748/58/541 1780/58/541 1781/60/541
f 1736/34/540 1735/32/540 1767/32/540
f 1749/60/539 1781/60/539 1782/62/539
f 1737/36/538 1736/34/672 1768/34/672
f 1751/64/536 1750/62/536 1782/62/536
f 1738/38/673 1737/36/534 1769/36/534
f 1795/95/574 1794/122/574 1793/89/574
f 1793/89/574 1824/147/574 1823/146/574
f 1823/146/574 1822/145/574 1821/144/574
f 1821/144/574 1820/143/574 1819/142/574
f 1819/142/574 1818/141/764 1817/88/574
f 1817/88/574 1816/140/574 1815/139/574
f 1815/139/574 1814/138/574 1813/137/574
f 1813/137/574 1812/136/574 1811/93/574
f 1811/93/574 1810/135/574 1809/87/574
f 1809/87/574 1808/134/574 1807/133/574
f 1807/133/574 1806/132/574 1805/131/574
f 1805/131/574 1804/130/574 1803/94/574
f 1803/94/574 1802/129/574 1801/128/574
f 1801/128/574 1800/127/574 1799/126/574
f 1799/126/574 1798/125/574 1797/124/574
f 1797/124/574 1796/123/574 1795/95/574
f 1795/95/574 1793/89/574 1823/146/574
f 1823/146/574 1821/144/574 1819/142/574
f 1819/142/574 1817/88/574 1815/139/574
f 1815/139/574 1813/137/574 1811/93/574
f 1811/93/574 1809/87/574 1807/133/574
f 1807/133/574 1805/131/574 1803/94/574
f 1803/94/574 1801/128/574 1799/126/574
f 1799/126/574 1797/124/574 1795/95/574
f 1795/95/574 1823/146/574 1819/142/574
f 1819/142/574 1815/139/574 1811/93/574
f 1811/93/574 1807/133/574 1803/94/574
f 1803/94/574 1799/126/574 1795/95/574
f 1795/95/574 1819/142/574 1811/93/574
f 1790/78/16 1822/78/16 1823/79/17
f 1777/52/33 1809/52/33 1810/54/33
f 1791/79/15 1823/79/15 1824/82/15
f 1761/19/51 1793/19/51 1794/22/51
f 1778/54/32 1810/54/32 1811/56/32
f 1792/82/14 1824/82/14 1793/86/14
f 1762/22/50 1794/22/50 1795/24/50
f 1779/56/30 1811/56/30 1812/58/30
f 1763/24/48 1795/24/291 1796/26/48
f 1780/58/28 1812/58/28 1813/60/29
f 1767/32/44 1799/32/44 1800/34/44
f 1764/26/47 1796/26/47 1797/28/47
f 1781/60/27 1813/60/27 1814/62/27
f 1768/34/43 1800/34/43 1801/36/43
f 1765/28/46 1797/28/46 1798/30/46
f 1782/62/26 1814/62/26 1815/64/26
f 1769/36/42 1801/36/42 1802/38/42
f 1766/30/100 1798/30/100 1799/32/100
f 1783/64/96 1815/64/96 1816/66/96
f 1770/38/41 1802/38/41 1803/40/41
f 1784/66/23 1816/66/23 1817/68/23
f 1771/40/184 1803/40/184 1804/42/40
f 1785/68/22 1817/68/22 1818/70/22
f 1772/42/293 1804/42/293 1805/44/293
f 1786/70/21 1818/70/21 1819/72/21
f 1773/44/37 1805/44/37 1806/46/37
f 1787/72/109 1819/72/109 1820/74/109
f 1774/46/108 1806/46/108 1807/48/108
f 1788/74/19 1820/74/19 1821/76/19
f 1775/48/35 1807/48/35 1808/50/35
f 1789/76/18 1821/76/18 1822/78/18
f 1826/19/103 1828/22/103 1827/18/103
f 1828/22/32 1830/24/32 1829/21/32
f 1830/24/31 1832/26/31 1831/23/31
f 1832/26/29 1834/28/29 1833/25/99
f 1834/28/27 1836/30/27 1835/27/27
f 1836/30/26 1838/32/26 1837/29/26
f 1838/32/24 1840/34/24 1839/31/24
f 1840/34/23 1842/36/23 1841/33/23
f 1842/36/22 1844/38/22 1843/35/22
f 1844/38/21 1846/40/21 1845/37/21
f 1846/40/20 1848/42/20 1847/39/20
f 1848/42/106 1850/44/106 1849/41/364
f 1850/44/18 1852/46/18 1851/43/18
f 1852/46/16 1854/48/16 1853/45/17
f 1854/48/15 1856/50/15 1855/47/15
f 1856/50/14 1858/52/14 1857/49/14
f 1858/52/107 1860/54/107 1859/51/51
f 1860/54/50 1862/56/50 1861/53/50
f 1862/56/291 1864/58/291 1863/55/48
f 1864/58/102 1866/60/102 1865/57/47
f 1866/60/46 1868/62/46 1867/59/46
f 1868/62/45 1870/64/45 1869/61/45
f 1870/64/44 1872/66/44 1871/63/44
f 1872/66/43 1874/68/43 1873/65/43
f 1874/68/97 1876/70/97 1875/67/42
f 1876/70/41 1878/72/41 1877/69/41
f 1878/72/149 1880/74/149 1879/71/40
f 1880/74/293 1882/76/293 1881/73/293
f 1882/76/37 1884/78/37 1883/75/37
f 1884/78/108 1886/79/108 1885/77/36
f 1884/78/310 2302/78/310 2303/79/310
f 1886/79/292 1888/82/292 1887/80/35
f 1888/82/34 1826/86/34 1825/81/34
f 1841/33/62 1897/33/62 1896/31/62
f 1910/59/46 1942/59/46 1941/57/327
f 1859/51/71 1906/51/71 1905/49/71
f 1877/69/68 1915/69/68 1914/67/68
f 1833/25/58 1893/25/58 1892/23/58
f 1851/43/57 1902/43/57 1901/41/57
f 1867/59/64 1869/61/64 1911/61/64
f 1885/77/63 1887/80/63 1920/80/63
f 1841/33/52 1843/35/52 1898/35/52
f 1859/51/60 1861/53/60 1907/53/60
f 1879/71/59 1916/71/59 1915/69/59
f 1835/27/92 1894/27/92 1893/25/92
f 1853/45/674 1903/45/674 1902/43/91
f 1869/61/55 1871/63/55 1912/63/55
f 1825/20/88 1827/18/778 1890/18/88
f 1825/81/54 1889/81/54 1920/80/54
f 1845/37/84 1899/37/84 1898/35/85
f 1863/55/94 1908/55/94 1907/53/94
f 1879/71/93 1881/73/675 1917/73/675
f 1835/27/81 1837/29/81 1895/29/81
f 1855/47/80 1904/47/80 1903/45/676
f 1873/65/89 1913/65/89 1912/63/89
f 1829/21/77 1891/21/77 1890/18/77
f 1847/39/75 1900/39/75 1899/37/75
f 1863/55/83 1865/57/83 1909/57/83
f 1883/75/82 1918/75/82 1917/73/82
f 1837/29/72 1839/31/72 1896/31/72
f 1855/47/69 1857/49/69 1905/49/69
f 1873/65/78 1875/67/79 1914/67/79
f 1831/23/66 1892/23/66 1891/21/66
f 1849/41/579 1901/41/579 1900/39/579
f 1865/57/74 1867/59/74 1910/59/74
f 1883/75/677 1885/77/724 1919/77/73
f 1945/65/112 1977/65/112 1976/63/112
f 1897/33/23 1929/33/23 1928/31/23
f 1911/61/100 1943/61/100 1942/59/100
f 1898/35/22 1930/35/22 1929/33/22
f 1912/63/98 1944/63/98 1943/61/44
f 1899/37/21 1931/37/21 1930/35/21
f 1913/65/43 1945/65/43 1944/63/43
f 1900/39/109 1932/39/109 1931/37/20
f 1914/67/42 1946/67/42 1945/65/97
f 1901/41/106 1933/41/106 1932/39/106
f 1915/69/41 1947/69/41 1946/67/41
f 1902/43/18 1934/43/18 1933/41/18
f 1916/71/184 1948/71/184 1947/69/40
f 1903/45/17 1935/45/17 1934/43/16
f 1890/18/33 1922/18/33 1921/20/33
f 1917/73/447 1949/73/447 1948/71/449
f 1904/47/15 1936/47/15 1935/45/15
f 1891/21/32 1923/21/32 1922/18/32
f 1918/75/37 1950/75/37 1949/73/38
f 1905/49/14 1937/49/14 1936/47/14
f 1892/23/31 1924/23/31 1923/21/31
f 1919/77/36 1951/77/36 1950/75/36
f 1906/51/107 1938/51/107 1937/49/107
f 1893/25/99 1925/25/99 1924/23/29
f 1920/80/35 1952/80/35 1951/77/35
f 1907/53/50 1939/53/50 1938/51/50
f 1894/27/27 1926/27/27 1925/25/27
f 1889/81/34 1921/81/34 1952/80/34
f 1908/55/291 1940/55/48 1939/53/291
f 1895/29/26 1927/29/26 1926/27/26
f 1909/57/102 1941/57/102 1940/55/102
f 1896/31/96 1928/31/96 1927/29/96
f 1980/71/40 2012/71/149 2011/69/184
f 1931/37/136 1932/39/136 1964/39/136
f 1945/65/95 1946/67/95 1978/67/95
f 1932/39/133 1933/41/133 1965/41/133
f 1946/67/143 1947/69/143 1979/69/143
f 1933/41/130 1934/43/130 1966/43/130
f 1948/71/141 1980/71/141 1979/69/141
f 1935/45/126 1967/45/126 1966/43/126
f 1921/20/125 1922/18/125 1954/18/125
f 1949/73/139 1981/73/139 1980/71/139
f 1935/45/678 1936/47/122 1968/47/122
f 1922/18/121 1923/21/121 1955/21/121
f 1950/75/137 1982/75/137 1981/73/137
f 1936/47/119 1937/49/119 1969/49/119
f 1923/21/118 1924/23/589 1956/23/118
f 1950/75/135 1951/77/135 1983/77/135
f 1937/49/134 1938/51/134 1970/51/134
f 1925/25/115 1957/25/115 1956/23/115
f 1952/80/132 1984/80/132 1983/77/132
f 1939/53/131 1971/53/131 1970/51/131
f 1925/25/113 1926/27/113 1958/27/113
f 1921/81/679 1953/81/779 1984/80/129
f 1940/55/127 1972/55/127 1971/53/127
f 1926/27/111 1927/29/111 1959/29/111
f 1941/57/123 1973/57/123 1972/55/123
f 1928/31/144 1960/31/144 1959/29/144
f 1941/57/120 1942/59/120 1974/59/120
f 1929/33/142 1961/33/142 1960/31/142
f 1943/61/680 1975/61/117 1974/59/116
f 1929/33/140 1930/35/140 1962/35/140
f 1944/63/114 1976/63/114 1975/61/114
f 1930/35/138 1931/37/138 1963/37/138
f 1988/23/175 2020/23/175 2019/21/175
f 1967/45/17 1999/45/17 1998/43/17
f 1954/18/33 1986/18/33 1985/20/33
f 1981/73/293 2013/73/293 2012/71/293
f 1968/47/15 2000/47/15 1999/45/15
f 1955/21/32 1987/21/32 1986/18/32
f 1982/75/37 2014/75/37 2013/73/37
f 1969/49/14 2001/49/14 2000/47/14
f 1956/23/575 1988/23/30 1987/21/575
f 1983/77/108 2015/77/108 2014/75/108
f 1970/51/107 2002/51/107 2001/49/107
f 1957/25/28 1989/25/28 1988/23/28
f 1984/80/35 2016/80/35 2015/77/35
f 1971/53/50 2003/53/50 2002/51/50
f 1958/27/27 1990/27/27 1989/25/27
f 1953/81/34 1985/81/34 2016/80/34
f 1972/55/291 2004/55/147 2003/53/291
f 1959/29/25 1991/29/25 1990/27/25
f 1973/57/146 2005/57/146 2004/55/146
f 1960/31/96 1992/31/96 1991/29/96
f 1974/59/46 2006/59/46 2005/57/46
f 1961/33/23 1993/33/23 1992/31/23
f 1975/61/100 2007/61/100 2006/59/100
f 1962/35/22 1994/35/22 1993/33/22
f 1976/63/44 2008/63/44 2007/61/44
f 1963/37/21 1995/37/21 1994/35/21
f 1977/65/43 2009/65/43 2008/63/43
f 1964/39/20 1996/39/109 1995/37/20
f 1978/67/42 2010/67/42 2009/65/42
f 1965/41/585 1997/41/585 1996/39/585
f 1979/69/41 2011/69/41 2010/67/41
f 1966/43/18 1998/43/18 1997/41/18
f 2023/29/26 2055/29/26 2054/27/26
f 2014/75/157 2015/77/157 2047/77/157
f 2001/49/156 2002/51/156 2034/51/156
f 1988/23/173 1989/25/173 2021/25/173
f 2016/80/154 2048/80/601 2047/77/154
f 2003/53/153 2035/53/153 2034/51/153
f 1990/27/171 2022/27/171 2021/25/171
f 1985/81/151 2017/81/151 2048/80/151
f 2004/55/150 2036/55/150 2035/53/150
f 1991/29/169 2023/29/169 2022/27/169
f 2004/55/181 2005/57/181 2037/57/181
f 1991/29/167 1992/31/167 2024/31/167
f 2006/59/177 2038/59/177 2037/57/177
f 1992/31/165 1993/33/164 2025/33/164
f 2007/61/174 2039/61/780 2038/59/174
f 1993/33/162 1994/35/162 2026/35/162
f 2008/63/172 2040/63/172 2039/61/172
f 1994/35/160 1995/37/600 2027/37/160
f 2009/65/170 2041/65/170 2040/63/170
f 1995/37/158 1996/39/158 2028/39/158
f 2010/67/168 2042/67/168 2041/65/168
f 1996/39/155 1997/41/155 2029/41/155
f 2011/69/166 2043/69/166 2042/67/166
f 1997/41/152 1998/43/152 2030/43/152
f 2011/69/681 2012/71/163 2044/71/163
f 1999/45/145 2031/45/145 2030/43/145
f 1985/20/182 1986/18/182 2018/18/182
f 2012/71/161 2013/73/599 2045/73/599
f 2000/47/180 2032/47/180 2031/45/180
f 1986/18/179 1987/21/682 2019/21/682
f 2014/75/159 2046/75/159 2045/73/159
f 2001/49/176 2033/49/176 2032/47/176
f 2058/35/215 2090/35/215 2089/33/215
f 2037/57/47 2069/57/47 2068/55/47
f 2024/31/96 2056/31/96 2055/29/96
f 2038/59/46 2070/59/46 2069/57/46
f 2025/33/23 2057/33/23 2056/31/23
f 2039/61/100 2071/61/45 2070/59/100
f 2026/35/22 2058/35/22 2057/33/22
f 2040/63/44 2072/63/44 2071/61/44
f 2027/37/21 2059/37/21 2058/35/21
f 2041/65/43 2073/65/43 2072/63/43
f 2028/39/20 2060/39/20 2059/37/20
f 2042/67/42 2074/67/97 2073/65/42
f 2029/41/19 2061/41/19 2060/39/19
f 2043/69/41 2075/69/41 2074/67/41
f 2030/43/18 2062/43/18 2061/41/18
f 2044/71/40 2076/71/40 2075/69/40
f 2031/45/16 2063/45/16 2062/43/16
f 2018/18/33 2050/18/33 2049/20/33
f 2045/73/293 2077/73/293 2076/71/293
f 2032/47/446 2064/47/15 2063/45/446
f 2019/21/32 2051/21/32 2050/18/32
f 2046/75/37 2078/75/37 2077/73/37
f 2033/49/14 2065/49/14 2064/47/14
f 2020/23/31 2052/23/31 2051/21/31
f 2047/77/36 2079/77/108 2078/75/36
f 2034/51/107 2066/51/107 2065/49/107
f 2021/25/28 2053/25/28 2052/23/28
f 2048/80/35 2080/80/35 2079/77/35
f 2035/53/50 2067/53/50 2066/51/50
f 2022/27/27 2054/27/27 2053/25/27
f 2017/81/34 2049/81/34 2080/80/34
f 2036/55/48 2068/55/48 2067/53/48
f 2093/41/19 2125/41/19 2124/39/19
f 2071/61/192 2072/63/192 2104/63/192
f 2059/37/684 2091/37/684 2090/35/213
f 2072/63/190 2073/65/190 2105/65/190
f 2060/39/211 2092/39/211 2091/37/211
f 2073/65/188 2074/67/188 2106/67/188
f 2061/41/208 2093/41/208 2092/39/208
f 2075/69/185 2107/69/185 2106/67/186
f 2062/43/205 2094/43/205 2093/41/205
f 2076/71/216 2108/71/602 2107/69/216
f 2063/45/202 2095/45/202 2094/43/202
f 2049/20/201 2050/18/201 2082/18/201
f 2077/73/214 2109/73/214 2108/71/214
f 2064/47/199 2096/47/199 2095/45/199
f 2050/18/198 2051/21/198 2083/21/198
f 2078/75/212 2110/75/212 2109/73/212
f 2064/47/196 2065/49/196 2097/49/196
f 2051/21/195 2052/23/195 2084/23/195
f 2078/75/210 2079/77/210 2111/77/210
f 2065/49/209 2066/51/209 2098/51/209
f 2052/23/193 2053/25/193 2085/25/193
f 2080/80/207 2112/80/207 2111/77/207
f 2066/51/206 2067/53/206 2099/53/206
f 2053/25/191 2054/27/191 2086/27/191
f 2049/81/204 2081/81/204 2112/80/204
f 2068/55/203 2100/55/203 2099/53/203
f 2054/27/189 2055/29/189 2087/29/189
f 2069/57/200 2101/57/200 2100/55/200
f 2055/29/187 2056/31/187 2088/31/187
f 2070/59/197 2102/59/197 2101/57/197
f 2057/33/183 2089/33/183 2088/31/183
f 2071/61/194 2103/61/194 2102/59/194
f 2127/45/218 2128/47/218 2160/47/218
f 2107/69/41 2139/69/41 2138/67/41
f 2094/43/18 2126/43/18 2125/41/18
f 2108/71/184 2140/71/40 2139/69/184
f 2095/45/17 2127/45/16 2126/43/17
f 2082/18/103 2114/18/103 2113/20/103
f 2109/73/53 2141/73/53 2140/71/39
f 2096/47/446 2128/47/446 2127/45/446
f 2083/21/32 2115/21/32 2114/18/32
f 2110/75/37 2142/75/37 2141/73/37
f 2097/49/14 2129/49/14 2128/47/14
f 2084/23/31 2116/23/31 2115/21/31
f 2111/77/36 2143/77/36 2142/75/36
f 2098/51/51 2130/51/51 2129/49/51
f 2085/25/29 2117/25/29 2116/23/29
f 2112/80/35 2144/80/35 2143/77/35
f 2099/53/50 2131/53/50 2130/51/50
f 2086/27/27 2118/27/27 2117/25/27
f 2081/81/34 2113/81/34 2144/80/34
f 2100/55/48 2132/55/48 2131/53/48
f 2087/29/25 2119/29/25 2118/27/25
f 2101/57/47 2133/57/47 2132/55/47
f 2088/31/24 2120/31/24 2119/29/24
f 2102/59/46 2134/59/46 2133/57/46
f 2089/33/23 2121/33/23 2120/31/23
f 2103/61/45 2135/61/45 2134/59/45
f 2090/35/22 2122/35/22 2121/33/22
f 2104/63/44 2136/63/44 2135/61/44
f 2091/37/21 2123/37/21 2122/35/21
f 2105/65/43 2137/65/43 2136/63/43
f 2092/39/110 2124/39/110 2123/37/110
f 2106/67/42 2138/67/42 2137/65/42
f 2163/53/50 2195/53/50 2194/51/50
f 2114/18/217 2115/21/217 2147/21/217
f 2141/73/233 2142/75/233 2174/75/233
f 2128/47/250 2129/49/250 2161/49/250
f 2116/23/249 2148/23/249 2147/21/249
f 2142/75/231 2143/77/231 2175/77/231
f 2130/51/230 2162/51/230 2161/49/230
f 2117/25/246 2149/25/246 2148/23/246
f 2144/80/603 2176/80/603 2175/77/226
f 2131/53/225 2163/53/225 2162/51/225
f 2118/27/608 2150/27/608 2149/25/244
f 2144/80/223 2113/81/223 2145/81/223
f 2132/55/222 2164/55/222 2163/53/222
f 2119/29/242 2151/29/242 2150/27/242
f 2133/57/219 2165/57/219 2164/55/219
f 2119/29/240 2120/31/240 2152/31/240
f 2133/57/251 2134/59/686 2166/59/686
f 2120/31/238 2121/33/238 2153/33/238
f 2134/59/247 2135/61/247 2167/61/247
f 2121/33/236 2122/35/236 2154/35/236
f 2136/63/245 2168/63/245 2167/61/245
f 2122/35/234 2123/37/234 2155/37/234
f 2137/65/243 2169/65/243 2168/63/243
f 2123/37/232 2124/39/232 2156/39/232
f 2138/67/241 2170/67/241 2169/65/241
f 2124/39/228 2125/41/228 2157/41/228
f 2138/67/239 2139/69/239 2171/69/239
f 2126/43/224 2158/43/224 2157/41/224
f 2139/69/237 2140/71/237 2172/71/237
f 2126/43/221 2127/45/221 2159/45/221
f 2113/20/220 2114/18/220 2146/18/220
f 2140/71/235 2141/73/235 2173/73/235
f 2197/57/273 2198/59/273 2230/59/273
f 2150/27/27 2182/27/27 2181/25/27
f 2145/81/34 2177/81/781 2208/80/687
f 2164/55/48 2196/55/782 2195/53/48
f 2151/29/25 2183/29/25 2182/27/25
f 2165/57/688 2197/57/688 2196/55/688
f 2152/31/96 2184/31/96 2183/29/689
f 2166/59/690 2198/59/690 2197/57/691
f 2153/33/23 2185/33/23 2184/31/23
f 2167/61/45 2199/61/45 2198/59/100
f 2154/35/22 2186/35/22 2185/33/22
f 2168/63/44 2200/63/44 2199/61/98
f 2155/37/21 2187/37/21 2186/35/21
f 2169/65/43 2201/65/43 2200/63/43
f 2156/39/109 2188/39/109 2187/37/20
f 2170/67/42 2202/67/42 2201/65/692
f 2157/41/106 2189/41/106 2188/39/106
f 2171/69/41 2203/69/41 2202/67/41
f 2158/43/18 2190/43/18 2189/41/18
f 2172/71/40 2204/71/149 2203/69/693
f 2159/45/17 2191/45/17 2190/43/17
f 2146/18/694 2178/18/694 2177/20/33
f 2173/73/448 2205/73/448 2204/71/448
f 2160/47/15 2192/47/15 2191/45/15
f 2147/21/32 2179/21/32 2178/18/32
f 2174/75/37 2206/75/37 2205/73/613
f 2161/49/14 2193/49/14 2192/47/14
f 2148/23/695 2180/23/695 2179/21/30
f 2175/77/36 2207/77/36 2206/75/108
f 2162/51/107 2194/51/107 2193/49/107
f 2149/25/29 2181/25/29 2180/23/29
f 2176/80/35 2208/80/35 2207/77/35
f 2233/65/43 2265/65/43 2264/63/43
f 2185/33/260 2217/33/260 2216/31/260
f 2198/59/270 2199/61/270 2231/61/270
f 2186/35/257 2218/35/257 2217/33/257
f 2199/61/268 2200/63/268 2232/63/268
f 2187/37/289 2219/37/289 2218/35/289
f 2201/65/266 2233/65/266 2232/63/266
f 2188/39/287 2220/39/287 2219/37/287
f 2202/67/263 2234/67/263 2233/65/263
f 2189/41/284 2221/41/284 2220/39/284
f 2203/69/261 2235/69/261 2234/67/261
f 2190/43/281 2222/43/281 2221/41/281
f 2204/71/259 2236/71/783 2235/69/259
f 2190/43/278 2191/45/278 2223/45/278
f 2177/20/277 2178/18/277 2210/18/277
f 2205/73/253 2237/73/253 2236/71/253
f 2192/47/275 2224/47/275 2223/45/275
f 2179/21/274 2211/21/274 2210/18/274
f 2206/75/288 2238/75/288 2237/73/288
f 2193/49/272 2225/49/272 2224/47/272
f 2180/23/271 2212/23/740 2211/21/271
f 2206/75/286 2207/77/286 2239/77/286
f 2193/49/285 2194/51/285 2226/51/285
f 2181/25/269 2213/25/269 2212/23/269
f 2207/77/283 2208/80/283 2240/80/283
f 2194/51/282 2195/53/282 2227/53/282
f 2181/25/267 2182/27/267 2214/27/267
f 2177/81/280 2209/81/280 2240/80/280
f 2195/53/279 2196/55/279 2228/55/279
f 2182/27/264 2183/29/264 2215/29/264
f 2196/55/276 2197/57/276 2229/57/276
f 2184/31/262 2216/31/262 2215/29/262
f 2272/92/290 2241/96/290 2242/85/290
f 2242/85/290 2243/121/290 2244/120/290
f 2244/120/290 2245/119/290 2246/118/290
f 2246/118/290 2247/117/290 2248/116/290
f 2248/116/290 2249/115/290 2250/84/290
f 2250/84/290 2251/114/290 2252/113/290
f 2252/113/290 2253/112/290 2254/111/290
f 2254/111/290 2255/110/290 2256/90/290
f 2256/90/290 2257/109/290 2258/83/290
f 2258/83/290 2259/108/290 2260/107/290
f 2260/107/290 2261/106/290 2262/105/290
f 2262/105/290 2263/104/290 2264/91/290
f 2264/91/290 2265/103/290 2266/102/290
f 2266/102/290 2267/101/290 2268/100/290
f 2268/100/290 2269/99/290 2270/98/290
f 2270/98/290 2271/97/290 2272/92/290
f 2272/92/290 2242/85/290 2244/120/290
f 2244/120/290 2246/118/290 2248/116/290
f 2248/116/290 2250/84/290 2252/113/290
f 2252/113/290 2254/111/290 2256/90/290
f 2256/90/290 2258/83/290 2260/107/290
f 2260/107/290 2262/105/290 2264/91/290
f 2264/91/290 2266/102/290 2268/100/290
f 2268/100/290 2270/98/290 2272/92/290
f 2272/92/290 2244/120/290 2248/116/290
f 2248/116/290 2252/113/290 2256/90/290
f 2256/90/290 2260/107/290 2264/91/290
f 2264/91/290 2268/100/290 2272/92/290
f 2272/92/290 2248/116/290 2256/90/290
f 2220/39/109 2252/39/109 2251/37/109
f 2234/67/42 2266/67/42 2265/65/42
f 2221/41/19 2253/41/19 2252/39/19
f 2235/69/41 2267/69/41 2266/67/41
f 2222/43/18 2254/43/18 2253/41/18
f 2236/71/184 2268/71/184 2267/69/184
f 2223/45/16 2255/45/16 2254/43/16
f 2210/18/33 2242/18/33 2241/20/33
f 2237/73/53 2269/73/293 2268/71/293
f 2224/47/446 2256/47/446 2255/45/446
f 2211/21/32 2243/21/32 2242/18/32
f 2238/75/37 2270/75/37 2269/73/37
f 2225/49/14 2257/49/14 2256/47/14
f 2212/23/30 2244/23/30 2243/21/30
f 2239/77/36 2271/77/108 2270/75/36
f 2226/51/107 2258/51/107 2257/49/107
f 2213/25/28 2245/25/29 2244/23/28
f 2240/80/35 2272/80/35 2271/77/35
f 2227/53/50 2259/53/50 2258/51/50
f 2214/27/27 2246/27/27 2245/25/27
f 2209/81/34 2241/81/34 2272/80/34
f 2228/55/48 2260/55/48 2259/53/48
f 2215/29/26 2247/29/26 2246/27/26
f 2229/57/146 2261/57/146 2260/55/146
f 2216/31/96 2248/31/96 2247/29/96
f 2230/59/46 2262/59/46 2261/57/46
f 2217/33/23 2249/33/23 2248/31/23
f 2231/61/100 2263/61/100 2262/59/100
f 2218/35/22 2250/35/22 2249/33/22
f 2232/63/44 2264/63/44 2263/61/44
f 2219/37/21 2251/37/21 2250/35/21
f 2302/78/36 2334/78/36 2335/79/36
f 1842/36/301 1840/34/301 2280/34/301
f 1858/52/308 2289/52/308 2290/54/308
f 1878/72/306 1876/70/306 2298/70/306
f 1832/26/298 2276/26/298 2277/28/298
f 1852/46/297 1850/44/297 2285/44/297
f 1868/62/303 2294/62/303 2295/64/303
f 1886/79/302 2303/79/302 2304/82/302
f 1842/36/294 2281/36/294 2282/38/294
f 1860/54/625 2290/54/625 2291/56/625
f 1880/74/696 1878/72/696 2299/72/299
f 1834/28/324 2277/28/324 2278/30/324
f 1852/46/323 2286/46/323 2287/48/323
f 1872/66/296 1870/64/296 2295/64/296
f 1828/22/320 1826/19/320 2273/19/320
f 1826/86/295 1888/82/295 2304/82/295
f 1844/38/319 2282/38/319 2283/40/319
f 1862/56/49 2291/56/49 2292/58/49
f 1880/74/325 2300/74/325 2301/76/325
f 1836/30/698 2278/30/698 2279/32/698
f 1856/50/315 1854/48/315 2287/48/315
f 1874/68/321 1872/66/321 2296/66/321
f 1830/24/699 1828/22/699 2274/22/313
f 1848/42/312 1846/40/312 2283/40/312
f 1864/58/318 2292/58/318 2293/60/318
f 1882/76/317 2301/76/317 2302/78/317
f 1840/34/309 1838/32/309 2279/32/309
f 1856/50/622 2288/50/622 2289/52/622
f 1874/68/314 2297/68/314 2298/70/314
f 1832/26/305 1830/24/305 2275/24/305
f 1848/42/304 2284/42/624 2285/44/304
f 1868/62/311 1866/60/311 2293/60/311
f 2325/60/349 2324/58/349 2356/58/349
f 2289/52/51 2321/52/107 2322/54/51
f 2276/26/29 2308/26/29 2309/28/29
f 2303/79/35 2335/79/35 2336/82/35
f 2290/54/50 2322/54/50 2323/56/50
f 2277/28/27 2309/28/27 2310/30/27
f 2304/82/34 2336/82/34 2305/86/34
f 2292/58/291 2291/56/291 2323/56/291
f 2278/30/25 2310/30/25 2311/32/25
f 2293/60/47 2292/58/146 2324/58/47
f 2279/32/24 2311/32/96 2312/34/24
f 2293/60/46 2325/60/46 2326/62/46
f 2280/34/23 2312/34/23 2313/36/23
f 2294/62/100 2326/62/100 2327/64/100
f 2281/36/22 2313/36/22 2314/38/22
f 2295/64/44 2327/64/44 2328/66/44
f 2283/40/21 2282/38/21 2314/38/21
f 2296/66/43 2328/66/43 2329/68/43
f 2284/42/20 2283/40/20 2315/40/20
f 2297/68/42 2329/68/42 2330/70/42
f 2284/42/106 2316/42/106 2317/44/106
f 2298/70/41 2330/70/41 2331/72/41
f 2285/44/18 2317/44/18 2318/46/18
f 2299/72/40 2331/72/40 2332/74/40
f 2286/46/16 2318/46/17 2319/48/16
f 2273/19/33 2305/19/33 2306/22/33
f 2300/74/293 2332/74/293 2333/76/293
f 2288/50/15 2287/48/446 2319/48/15
f 2274/22/32 2306/22/32 2307/24/32
f 2301/76/37 2333/76/37 2334/78/37
f 2288/50/14 2320/50/14 2321/52/14
f 2275/24/31 2307/24/31 2308/26/31
f 2359/64/44 2391/64/44 2392/66/44
f 2311/32/334 2343/32/334 2344/34/334
f 2325/60/346 2357/60/346 2358/62/346
f 2312/34/332 2344/34/332 2345/36/332
f 2326/62/342 2358/62/342 2359/64/342
f 2314/38/330 2313/36/330 2345/36/330
f 2327/64/340 2359/64/340 2360/66/340
f 2315/40/328 2314/38/328 2346/38/328
f 2328/66/338 2360/66/338 2361/68/338
f 2316/42/361 2315/40/361 2347/40/361
f 2330/70/335 2329/68/335 2361/68/335
f 2317/44/358 2316/42/358 2348/42/358
f 2331/72/333 2330/70/333 2362/70/333
f 2318/46/355 2317/44/355 2349/44/355
f 2331/72/331 2363/72/331 2364/74/331
f 2319/48/700 2318/46/351 2350/46/351
f 2305/19/350 2337/19/350 2338/22/350
f 2332/74/329 2364/74/329 2365/76/329
f 2320/50/348 2319/48/348 2351/48/348
f 2306/22/347 2338/22/347 2339/24/347
f 2333/76/326 2365/76/326 2366/78/326
f 2321/52/345 2320/50/345 2352/50/345
f 2307/24/343 2339/24/343 2340/26/343
f 2335/79/360 2334/78/360 2366/78/360
f 2322/54/627 2321/52/359 2353/52/627
f 2309/28/341 2308/26/341 2340/26/341
f 2336/82/357 2335/79/357 2367/79/357
f 2323/56/356 2322/54/356 2354/54/356
f 2309/28/339 2341/28/339 2342/30/339
f 2336/82/354 2368/82/354 2337/86/354
f 2323/56/353 2355/56/353 2356/58/352
f 2310/30/336 2342/30/784 2343/32/336
f 2395/72/398 2394/70/398 2426/70/398
f 2346/38/21 2378/38/21 2379/40/21
f 2360/66/43 2392/66/43 2393/68/43
f 2347/40/20 2379/40/20 2380/42/20
f 2361/68/42 2393/68/42 2394/70/42
f 2348/42/364 2380/42/106 2381/44/364
f 2363/72/41 2362/70/41 2394/70/41
f 2349/44/104 2381/44/104 2382/46/104
f 2364/74/184 2363/72/40 2395/72/184
f 2350/46/17 2382/46/16 2383/48/17
f 2338/22/33 2337/19/33 2369/19/33
f 2365/76/53 2364/74/293 2396/74/53
f 2351/48/15 2383/48/15 2384/50/15
f 2339/24/32 2338/22/32 2370/22/32
f 2366/78/37 2365/76/37 2397/76/37
f 2352/50/14 2384/50/14 2385/52/14
f 2339/24/31 2371/24/31 2372/26/31
f 2366/78/36 2398/78/36 2399/79/36
f 2353/52/107 2385/52/107 2386/54/107
f 2341/28/29 2340/26/29 2372/26/29
f 2367/79/35 2399/79/35 2400/82/35
f 2354/54/50 2386/54/50 2387/56/50
f 2341/28/27 2373/28/27 2374/30/27
f 2368/82/34 2400/82/34 2369/86/34
f 2355/56/291 2387/56/48 2388/58/48
f 2342/30/26 2374/30/25 2375/32/25
f 2356/58/102 2388/58/102 2389/60/102
f 2343/32/96 2375/32/24 2376/34/96
f 2357/60/46 2389/60/46 2390/62/46
f 2344/34/23 2376/34/23 2377/36/23
f 2358/62/100 2390/62/100 2391/64/100
f 2345/36/22 2377/36/22 2378/38/22
f 2402/22/32 2434/22/32 2435/24/32
f 2382/46/380 2381/44/380 2413/44/380
f 2396/74/396 2395/72/396 2427/72/396
f 2382/46/377 2414/46/377 2415/48/377
f 2369/19/374 2401/19/374 2402/22/374
f 2396/74/393 2428/74/393 2429/76/393
f 2384/50/372 2383/48/372 2415/48/372
f 2371/24/371 2370/22/371 2402/22/371
f 2398/78/390 2397/76/390 2429/76/390
f 2385/52/369 2384/50/369 2416/50/369
f 2372/26/368 2371/24/368 2403/24/368
f 2399/79/386 2398/78/387 2430/78/386
f 2386/54/385 2385/52/385 2417/52/385
f 2373/28/365 2372/26/365 2404/26/365
f 2400/82/383 2399/79/383 2431/79/383
f 2386/54/382 2418/54/382 2419/56/382
f 2374/30/405 2373/28/405 2405/28/405
f 2369/86/379 2400/82/379 2432/82/379
f 2387/56/378 2419/56/378 2420/58/378
f 2374/30/403 2406/30/403 2407/32/704
f 2388/58/373 2420/58/373 2421/60/373
f 2375/32/400 2407/32/400 2408/34/400
f 2389/60/370 2421/60/370 2422/62/370
f 2377/36/397 2376/34/397 2408/34/397
f 2390/62/366 2422/62/366 2423/64/366
f 2377/36/395 2409/36/395 2410/38/395
f 2391/64/363 2423/64/363 2424/66/362
f 2378/38/392 2410/38/392 2411/40/392
f 2393/68/404 2392/66/404 2424/66/404
f 2379/40/389 2411/40/389 2412/42/389
f 2393/68/401 2425/68/401 2426/70/401
f 2381/44/384 2380/42/384 2412/42/384
f 2437/28/424 2469/28/424 2470/30/424
f 2429/76/37 2461/76/37 2462/78/37
f 2416/50/14 2448/50/14 2449/52/14
f 2403/24/31 2435/24/31 2436/26/31
f 2430/78/108 2462/78/108 2463/79/108
f 2417/52/51 2449/52/107 2450/54/51
f 2404/26/28 2436/26/28 2437/28/29
f 2431/79/35 2463/79/35 2464/82/35
f 2418/54/50 2450/54/50 2451/56/50
f 2405/28/27 2437/28/27 2438/30/27
f 2432/82/34 2464/82/34 2433/86/34
f 2419/56/48 2451/56/48 2452/58/48
f 2406/30/26 2438/30/26 2439/32/26
f 2420/58/47 2452/58/146 2453/60/47
f 2407/32/96 2439/32/96 2440/34/96
f 2421/60/46 2453/60/46 2454/62/46
f 2408/34/23 2440/34/23 2441/36/23
f 2422/62/100 2454/62/100 2455/64/100
f 2409/36/22 2441/36/22 2442/38/22
f 2423/64/44 2455/64/44 2456/66/44
f 2410/38/21 2442/38/21 2443/40/21
f 2424/66/43 2456/66/43 2457/68/43
f 2411/40/110 2443/40/110 2444/42/109
f 2425/68/42 2457/68/42 2458/70/42
f 2412/42/19 2444/42/148 2445/44/19
f 2426/70/41 2458/70/41 2459/72/41
f 2413/44/18 2445/44/18 2446/46/18
f 2427/72/149 2459/72/149 2460/74/40
f 2414/46/17 2446/46/16 2447/48/17
f 2401/19/33 2433/19/33 2434/22/33
f 2428/74/53 2460/74/447 2461/76/293
f 2415/48/15 2447/48/15 2448/50/15
f 2472/34/23 2504/34/23 2505/36/23
f 2464/82/438 2496/82/439 2465/86/438
f 2451/56/641 2483/56/437 2484/58/641
f 2439/32/422 2438/30/422 2470/30/422
f 2453/60/433 2452/58/433 2484/58/433
f 2439/32/420 2471/32/420 2472/34/420
f 2453/60/430 2485/60/430 2486/62/430
f 2440/34/418 2472/34/418 2473/36/417
f 2455/64/634 2454/62/427 2486/62/634
f 2441/36/414 2473/36/414 2474/38/414
f 2456/66/635 2455/64/635 2487/64/635
f 2442/38/411 2474/38/411 2475/40/411
f 2457/68/423 2456/66/423 2488/66/423
f 2444/42/409 2443/40/409 2475/40/409
f 2458/70/421 2457/68/421 2489/68/421
f 2445/44/406 2444/42/406 2476/42/406
f 2459/72/636 2458/70/636 2490/70/636
f 2445/44/441 2477/44/441 2478/46/440
f 2459/72/415 2491/72/638 2492/74/415
f 2446/46/435 2478/46/435 2479/48/435
f 2434/22/705 2433/19/705 2465/19/705
f 2461/76/413 2460/74/413 2492/74/413
f 2447/48/432 2479/48/432 2480/50/432
f 2434/22/431 2466/22/431 2467/24/431
f 2462/78/410 2461/76/410 2493/76/410
f 2448/50/429 2480/50/429 2481/52/429
f 2436/26/428 2435/24/428 2467/24/428
f 2463/79/408 2462/78/408 2494/78/408
f 2449/52/407 2481/52/407 2482/54/407
f 2437/28/426 2436/26/426 2468/26/426
f 2464/82/443 2463/79/443 2495/79/443
f 2450/54/708 2482/54/708 2483/56/708
f 2507/40/479 2539/40/479 2540/42/479
f 2486/62/45 2518/62/45 2519/64/100
f 2473/36/22 2505/36/22 2506/38/22
f 2487/64/44 2519/64/44 2520/66/98
f 2474/38/21 2506/38/21 2507/40/21
f 2488/66/43 2520/66/43 2521/68/43
f 2475/40/20 2507/40/20 2508/42/20
f 2489/68/42 2521/68/97 2522/70/42
f 2476/42/364 2508/42/364 2509/44/19
f 2490/70/41 2522/70/41 2523/72/41
f 2477/44/18 2509/44/18 2510/46/18
f 2491/72/149 2523/72/149 2524/74/184
f 2478/46/17 2510/46/17 2511/48/17
f 2465/19/33 2497/19/33 2498/22/33
f 2492/74/53 2524/74/53 2525/76/447
f 2479/48/15 2511/48/15 2512/50/15
f 2466/22/32 2498/22/32 2499/24/32
f 2493/76/37 2525/76/37 2526/78/37
f 2480/50/14 2512/50/14 2513/52/14
f 2467/24/30 2499/24/30 2500/26/30
f 2494/78/36 2526/78/36 2527/79/108
f 2481/52/107 2513/52/51 2514/54/107
f 2468/26/99 2500/26/99 2501/28/99
f 2495/79/292 2527/79/292 2528/82/292
f 2482/54/50 2514/54/50 2515/56/50
f 2469/28/27 2501/28/27 2502/30/27
f 2496/82/34 2528/82/34 2497/86/34
f 2483/56/48 2515/56/48 2516/58/48
f 2470/30/26 2502/30/26 2503/32/26
f 2484/58/47 2516/58/47 2517/60/102
f 2471/32/96 2503/32/96 2504/34/96
f 2485/60/46 2517/60/46 2518/62/46
f 2542/46/16 2574/46/16 2575/48/16
f 2521/68/488 2553/68/488 2554/70/488
f 2508/42/475 2540/42/475 2541/44/475
f 2522/70/486 2554/70/486 2555/72/486
f 2509/44/709 2541/44/709 2542/46/645
f 2524/74/484 2523/72/484 2555/72/484
f 2510/46/466 2542/46/466 2543/48/466
f 2497/19/465 2529/19/465 2530/22/465
f 2525/76/482 2524/74/482 2556/74/482
f 2512/50/463 2511/48/462 2543/48/462
f 2498/22/461 2530/22/461 2531/24/461
f 2526/78/643 2525/76/643 2557/76/643
f 2513/52/459 2512/50/458 2544/50/458
f 2500/26/457 2499/24/457 2531/24/457
f 2527/79/644 2526/78/644 2558/78/644
f 2513/52/476 2545/52/776 2546/54/476
f 2501/28/650 2500/26/650 2532/26/650
f 2528/82/474 2527/79/710 2559/79/710
f 2515/56/473 2514/54/472 2546/54/472
f 2501/28/651 2533/28/785 2534/30/711
f 2528/82/469 2560/82/469 2529/86/469
f 2516/58/468 2515/56/467 2547/56/467
f 2503/32/444 2502/30/445 2534/30/445
f 2517/60/464 2516/58/464 2548/58/464
f 2504/34/713 2503/32/652 2535/32/487
f 2518/62/647 2517/60/647 2549/60/647
f 2505/36/485 2504/34/485 2536/34/485
f 2519/64/714 2518/62/456 2550/62/456
f 2506/38/483 2505/36/483 2537/36/483
f 2519/64/454 2551/64/454 2552/66/454
f 2507/40/481 2506/38/481 2538/38/481
f 2520/66/451 2552/66/451 2553/68/451
f 2578/54/716 2577/52/496 2609/52/716
f 2529/19/33 2561/19/33 2562/22/33
f 2556/74/39 2588/74/39 2589/76/39
f 2543/48/15 2575/48/15 2576/50/15
f 2530/22/32 2562/22/32 2563/24/32
f 2557/76/37 2589/76/37 2590/78/37
f 2544/50/14 2576/50/14 2577/52/14
f 2531/24/30 2563/24/31 2564/26/30
f 2558/78/108 2590/78/108 2591/79/108
f 2545/52/107 2577/52/107 2578/54/107
f 2532/26/29 2564/26/29 2565/28/99
f 2559/79/35 2591/79/35 2592/82/35
f 2546/54/50 2578/54/50 2579/56/50
f 2533/28/27 2565/28/27 2566/30/27
f 2560/82/34 2592/82/34 2561/86/34
f 2547/56/291 2579/56/48 2580/58/291
f 2534/30/25 2566/30/25 2567/32/26
f 2548/58/146 2580/58/146 2581/60/146
f 2535/32/96 2567/32/96 2568/34/96
f 2549/60/46 2581/60/46 2582/62/46
f 2536/34/23 2568/34/23 2569/36/23
f 2550/62/45 2582/62/45 2583/64/100
f 2537/36/22 2569/36/22 2570/38/22
f 2551/64/44 2583/64/44 2584/66/98
f 2538/38/21 2570/38/21 2571/40/21
f 2552/66/43 2584/66/43 2585/68/43
f 2539/40/110 2571/40/110 2572/42/109
f 2553/68/42 2585/68/42 2586/70/42
f 2540/42/106 2572/42/585 2573/44/364
f 2554/70/41 2586/70/41 2587/72/41
f 2541/44/104 2573/44/104 2574/46/18
f 2555/72/184 2587/72/184 2588/74/184
f 2612/58/146 2644/58/47 2645/60/146
f 2564/26/517 2596/26/517 2597/28/517
f 2591/79/493 2623/79/493 2624/82/493
f 2578/54/492 2610/54/492 2611/56/492
f 2565/28/514 2597/28/515 2598/30/514
f 2592/82/489 2624/82/489 2593/86/489
f 2580/58/529 2579/56/529 2611/56/529
f 2567/32/512 2566/30/512 2598/30/512
f 2580/58/525 2612/58/526 2613/60/525
f 2567/32/510 2599/32/510 2600/34/510
f 2581/60/521 2613/60/521 2614/62/521
f 2568/34/508 2600/34/658 2601/36/508
f 2582/62/518 2614/62/518 2615/64/518
f 2569/36/505 2601/36/505 2602/38/505
f 2584/66/516 2583/64/516 2615/64/516
f 2570/38/502 2602/38/502 2603/40/502
f 2585/68/656 2584/66/513 2616/66/513
f 2572/42/499 2571/40/499 2603/40/499
f 2586/70/511 2585/68/511 2617/68/511
f 2573/44/494 2572/42/494 2604/42/494
f 2587/72/509 2586/70/509 2618/70/509
f 2573/44/490 2605/44/491 2606/46/490
f 2588/74/506 2587/72/506 2619/72/506
f 2574/46/528 2606/46/528 2607/48/528
f 2562/22/527 2561/19/718 2593/19/718
f 2589/76/503 2588/74/503 2620/74/503
f 2576/50/524 2575/48/524 2607/48/524
f 2562/22/522 2594/22/523 2595/24/522
f 2590/78/500 2589/76/500 2621/76/500
f 2577/52/520 2576/50/520 2608/50/520
f 2564/26/519 2563/24/519 2595/24/519
f 2591/79/498 2590/78/498 2622/78/498
f 2647/64/540 2679/64/540 2680/66/540
f 2599/32/24 2631/32/24 2632/34/96
f 2613/60/46 2645/60/46 2646/62/46
f 2600/34/23 2632/34/23 2633/36/23
f 2614/62/45 2646/62/100 2647/64/45
f 2601/36/22 2633/36/22 2634/38/22
f 2615/64/98 2647/64/98 2648/66/44
f 2602/38/21 2634/38/21 2635/40/21
f 2616/66/43 2648/66/43 2649/68/43
f 2603/40/20 2635/40/20 2636/42/109
f 2617/68/42 2649/68/42 2650/70/42
f 2604/42/364 2636/42/786 2637/44/364
f 2618/70/41 2650/70/41 2651/72/41
f 2605/44/18 2637/44/18 2638/46/18
f 2619/72/184 2651/72/184 2652/74/184
f 2606/46/17 2638/46/17 2639/48/17
f 2593/19/33 2625/19/33 2626/22/33
f 2620/74/448 2652/74/448 2653/76/448
f 2607/48/446 2639/48/446 2640/50/446
f 2594/22/32 2626/22/32 2627/24/32
f 2621/76/37 2653/76/37 2654/78/37
f 2608/50/14 2640/50/14 2641/52/14
f 2595/24/30 2627/24/30 2628/26/30
f 2622/78/108 2654/78/108 2655/79/36
f 2609/52/51 2641/52/51 2642/54/107
f 2596/26/28 2628/26/28 2629/28/28
f 2623/79/35 2655/79/35 2656/82/35
f 2610/54/50 2642/54/50 2643/56/50
f 2597/28/27 2629/28/27 2630/30/27
f 2624/82/34 2656/82/34 2625/86/34
f 2611/56/48 2643/56/48 2644/58/48
f 2598/30/25 2630/30/25 2631/32/25
f 2672/50/14 2704/50/14 2705/52/14
f 2635/40/568 2634/38/568 2666/38/568
f 2648/66/538 2680/66/538 2681/68/538
f 2635/40/665 2667/40/665 2668/42/665
f 2649/68/534 2681/68/673 2682/70/534
f 2636/42/560 2668/42/560 2669/44/560
f 2650/70/660 2682/70/660 2683/72/660
f 2637/44/556 2669/44/556 2670/46/556
f 2651/72/572 2683/72/572 2684/74/572
f 2638/46/552 2670/46/552 2671/48/552
f 2626/22/550 2625/19/550 2657/19/550
f 2652/74/663 2684/74/663 2685/76/662
f 2639/48/668 2671/48/668 2672/50/548
f 2626/22/547 2658/22/547 2659/24/547
f 2653/76/567 2685/76/567 2686/78/566
f 2640/50/719 2672/50/719 2673/52/544
f 2627/24/543 2659/24/543 2660/26/543
f 2655/79/564 2654/78/564 2686/78/564
f 2641/52/562 2673/52/562 2674/54/562
f 2629/28/541 2628/26/541 2660/26/541
f 2656/82/558 2655/79/558 2687/79/558
f 2642/54/557 2674/54/557 2675/56/557
f 2630/30/539 2629/28/539 2661/28/539
f 2625/86/555 2656/82/787 2688/82/554
f 2643/56/667 2675/56/667 2676/58/553
f 2630/30/536 2662/30/536 2663/32/536
f 2644/58/549 2676/58/549 2677/60/549
f 2632/34/532 2631/32/532 2663/32/532
f 2645/60/670 2677/60/670 2678/62/670
f 2633/36/720 2632/34/573 2664/34/573
f 2647/64/721 2646/62/542 2678/62/542
f 2634/38/570 2633/36/570 2665/36/570
f 2691/95/574 2690/122/574 2689/89/574
f 2689/89/574 2720/147/574 2719/146/574
f 2719/146/574 2718/145/574 2717/144/574
f 2717/144/574 2716/143/574 2715/142/574
f 2715/142/574 2714/141/764 2713/88/574
f 2713/88/574 2712/140/764 2711/139/574
f 2711/139/574 2710/138/574 2709/137/574
f 2709/137/574 2708/136/574 2707/93/574
f 2707/93/574 2706/135/788 2705/87/574
f 2705/87/574 2704/134/574 2703/133/574
f 2703/133/574 2702/132/574 2701/131/574
f 2701/131/574 2700/130/764 2699/94/574
f 2699/94/574 2698/129/574 2697/128/574
f 2697/128/574 2696/127/574 2695/126/574
f 2695/126/574 2694/125/574 2693/124/574
f 2693/124/574 2692/123/788 2691/95/574
f 2691/95/574 2689/89/574 2719/146/574
f 2719/146/574 2717/144/574 2715/142/574
f 2715/142/574 2713/88/574 2711/139/574
f 2711/139/574 2709/137/574 2707/93/574
f 2707/93/574 2705/87/574 2703/133/574
f 2703/133/574 2701/131/574 2699/94/574
f 2699/94/574 2697/128/574 2695/126/574
f 2695/126/574 2693/124/574 2691/95/574
f 2691/95/574 2719/146/574 2715/142/574
f 2715/142/574 2711/139/574 2707/93/574
f 2707/93/574 2703/133/574 2699/94/574
f 2699/94/574 2695/126/574 2691/95/574
f 2691/95/574 2715/142/574 2707/93/574
f 2686/78/108 2718/78/108 2719/79/108
f 2673/52/107 2705/52/107 2706/54/107
f 2687/79/35 2719/79/35 2720/82/35
f 2657/19/103 2689/19/33 2690/22/103
f 2674/54/50 2706/54/50 2707/56/50
f 2688/82/34 2720/82/34 2689/86/34
f 2658/22/32 2690/22/32 2691/24/32
f 2675/56/291 2707/56/291 2708/58/291
f 2659/24/31 2691/24/31 2692/26/31
f 2676/58/47 2708/58/47 2709/60/47
f 2663/32/96 2695/32/96 2696/34/96
f 2660/26/29 2692/26/29 2693/28/29
f 2677/60/46 2709/60/46 2710/62/46
f 2664/34/23 2696/34/23 2697/36/23
f 2661/28/27 2693/28/27 2694/30/27
f 2678/62/100 2710/62/100 2711/64/100
f 2665/36/22 2697/36/22 2698/38/22
f 2662/30/26 2694/30/26 2695/32/26
f 2679/64/44 2711/64/44 2712/66/44
f 2666/38/21 2698/38/21 2699/40/21
f 2680/66/43 2712/66/43 2713/68/43
f 2667/40/109 2699/40/109 2700/42/109
f 2681/68/42 2713/68/42 2714/70/42
f 2668/42/106 2700/42/585 2701/44/19
f 2682/70/41 2714/70/41 2715/72/41
f 2669/44/18 2701/44/18 2702/46/18
f 2683/72/149 2715/72/149 2716/74/40
f 2670/46/17 2702/46/17 2703/48/17
f 2684/74/293 2716/74/448 2717/76/293
f 2671/48/15 2703/48/15 2704/50/15
f 2685/76/37 2717/76/37 2718/78/37
f 2723/18/34 2724/22/34 2722/19/34
f 2725/21/35 2726/24/292 2724/22/292
f 2727/23/36 2728/26/36 2726/24/36
f 2729/25/37 2730/28/37 2728/26/37
f 2731/27/293 2732/30/293 2730/28/293
f 2733/29/184 2734/32/184 2732/30/184
f 2735/31/41 2736/34/41 2734/32/41
f 2737/33/42 2738/36/42 2736/34/42
f 2739/35/43 2740/38/43 2738/36/43
f 2741/37/98 2742/40/44 2740/38/44
f 2743/39/100 2744/42/100 2742/40/100
f 2745/41/46 2746/44/46 2744/42/46
f 2747/43/47 2748/46/146 2746/44/47
f 2749/45/291 2750/48/291 2748/46/291
f 2751/47/50 2752/50/50 2750/48/50
f 2753/49/107 2754/52/107 2752/50/107
f 2755/51/14 2756/54/14 2754/52/14
f 2757/53/15 2758/56/15 2756/54/15
f 2759/55/17 2760/58/17 2758/56/17
f 2761/57/18 2762/60/18 2760/58/18
f 2763/59/106 2764/62/364 2762/60/364
f 2765/61/20 2766/64/20 2764/62/20
f 2767/63/21 2768/66/21 2766/64/21
f 2769/65/22 2770/68/22 2768/66/22
f 2771/67/23 2772/70/23 2770/68/23
f 2773/69/96 2774/72/96 2772/70/96
f 2775/71/25 2776/74/26 2774/72/26
f 2777/73/27 2778/76/27 2776/74/27
f 2779/75/29 2780/78/99 2778/76/99
f 2781/77/31 2782/79/31 2780/78/31
f 3199/79/305 3198/78/305 2780/78/305
f 2783/80/32 2784/82/32 2782/79/32
f 2721/81/103 2722/86/103 2784/82/103
f 2792/31/79 2793/33/79 2737/33/79
f 2837/57/106 2838/59/364 2806/59/364
f 2801/49/70 2802/51/69 2755/51/70
f 2810/67/72 2811/69/72 2773/69/72
f 2788/23/82 2789/25/82 2729/25/82
f 2797/41/83 2798/43/83 2747/43/83
f 2763/59/75 2806/59/75 2807/61/75
f 2781/77/77 2815/77/77 2816/80/723
f 2737/33/89 2793/33/89 2794/35/89
f 2755/51/80 2802/51/80 2803/53/80
f 2811/69/81 2812/71/81 2775/71/81
f 2789/25/93 2790/27/93 2731/27/93
f 2798/43/94 2799/45/94 2749/45/94
f 2765/61/84 2807/61/789 2808/63/84
f 2721/20/54 2785/20/54 2786/18/54
f 2816/80/88 2785/81/88 2721/81/88
f 2794/35/55 2795/37/55 2741/37/55
f 2803/53/90 2804/55/90 2759/55/90
f 2775/71/92 2812/71/92 2813/73/92
f 2731/27/59 2790/27/59 2791/29/582
f 2799/45/60 2800/47/60 2751/47/60
f 2808/63/52 2809/65/52 2769/65/52
f 2786/18/63 2787/21/63 2725/21/63
f 2795/37/64 2796/39/64 2743/39/64
f 2759/55/57 2804/55/57 2805/57/57
f 2777/73/58 2813/73/58 2814/75/58
f 2733/29/578 2791/29/578 2792/31/68
f 2800/47/71 2801/49/71 2753/49/71
f 2769/65/581 2809/65/581 2810/67/581
f 2787/21/73 2788/23/724 2727/23/724
f 2796/39/577 2797/41/74 2745/41/74
f 2761/57/579 2805/57/579 2806/59/579
f 2779/75/66 2814/75/66 2815/77/66
f 2872/63/140 2873/65/140 2841/65/140
f 2824/31/42 2825/33/42 2793/33/42
f 2838/59/20 2839/61/20 2807/61/20
f 2825/33/43 2826/35/43 2794/35/43
f 2839/61/21 2840/63/21 2808/63/21
f 2826/35/44 2827/37/98 2795/37/44
f 2840/63/584 2841/65/22 2809/65/22
f 2827/37/45 2828/39/100 2796/39/45
f 2841/65/23 2842/67/23 2810/67/23
f 2828/39/46 2829/41/46 2797/41/46
f 2842/67/96 2843/69/24 2811/69/24
f 2829/41/47 2830/43/102 2798/43/102
f 2843/69/26 2844/71/26 2812/71/26
f 2830/43/291 2831/45/291 2799/45/291
f 2817/20/34 2818/18/687 2786/18/687
f 2844/71/27 2845/73/27 2813/73/27
f 2831/45/50 2832/47/50 2800/47/50
f 2818/18/35 2819/21/35 2787/21/35
f 2845/73/99 2846/75/99 2814/75/99
f 2832/47/51 2833/49/107 2801/49/107
f 2819/21/36 2820/23/108 2788/23/108
f 2846/75/31 2847/77/31 2815/77/31
f 2833/49/14 2834/51/14 2802/51/14
f 2820/23/37 2821/25/613 2789/25/37
f 2847/77/32 2848/80/32 2816/80/32
f 2834/51/15 2835/53/15 2803/53/15
f 2821/25/293 2822/27/293 2790/27/293
f 2848/80/33 2817/81/33 2785/81/33
f 2835/53/17 2836/55/16 2804/55/16
f 2822/27/184 2823/29/184 2791/29/184
f 2836/55/18 2837/57/18 2805/57/18
f 2823/29/41 2824/31/41 2792/31/41
f 2907/69/26 2908/71/26 2876/71/26
f 2827/37/116 2859/37/116 2860/39/116
f 2841/65/142 2873/65/142 2874/67/142
f 2828/39/120 2860/39/120 2861/41/120
f 2842/67/144 2874/67/144 2875/69/144
f 2829/41/123 2861/41/123 2862/43/123
f 2875/69/111 2876/71/111 2844/71/111
f 2830/43/128 2862/43/128 2863/45/127
f 2817/20/588 2849/20/679 2850/18/588
f 2876/71/113 2877/73/113 2845/73/113
f 2831/45/131 2863/45/131 2864/47/131
f 2850/18/725 2851/21/725 2819/21/725
f 2877/73/115 2878/75/790 2846/75/115
f 2832/47/134 2864/47/134 2865/49/134
f 2851/21/135 2852/23/135 2820/23/135
f 2846/75/589 2878/75/589 2879/77/118
f 2833/49/119 2865/49/119 2866/51/119
f 2852/23/137 2853/25/791 2821/25/137
f 2879/77/121 2880/80/121 2848/80/121
f 2866/51/122 2867/53/122 2835/53/122
f 2821/25/139 2853/25/139 2854/27/139
f 2880/80/726 2849/81/727 2817/81/727
f 2867/53/126 2868/55/126 2836/55/126
f 2822/27/141 2854/27/141 2855/29/141
f 2868/55/130 2869/57/130 2837/57/130
f 2855/29/143 2856/31/143 2824/31/143
f 2837/57/133 2869/57/133 2870/59/133
f 2856/31/95 2857/33/95 2825/33/95
f 2838/59/136 2870/59/136 2871/61/136
f 2825/33/112 2857/33/112 2858/35/112
f 2871/61/138 2872/63/138 2840/63/138
f 2826/35/114 2858/35/114 2859/37/114
f 2915/21/157 2916/23/157 2884/23/157
f 2894/43/48 2895/45/48 2863/45/48
f 2881/20/34 2882/18/34 2850/18/34
f 2908/71/27 2909/73/27 2877/73/27
f 2895/45/50 2896/47/50 2864/47/50
f 2882/18/35 2883/21/35 2851/21/35
f 2909/73/28 2910/75/28 2878/75/28
f 2896/47/107 2897/49/107 2865/49/107
f 2883/21/108 2884/23/108 2852/23/108
f 2910/75/575 2911/77/30 2879/77/30
f 2897/49/14 2898/51/14 2866/51/14
f 2884/23/37 2885/25/37 2853/25/37
f 2911/77/32 2912/80/32 2880/80/32
f 2898/51/15 2899/53/15 2867/53/15
f 2885/25/293 2886/27/448 2854/27/293
f 2912/80/33 2881/81/33 2849/81/33
f 2899/53/17 2900/55/17 2868/55/17
f 2886/27/40 2887/29/184 2855/29/40
f 2900/55/18 2901/57/18 2869/57/18
f 2887/29/41 2888/31/41 2856/31/41
f 2901/57/106 2902/59/364 2870/59/364
f 2888/31/42 2889/33/42 2857/33/42
f 2902/59/110 2903/61/109 2871/61/109
f 2889/33/43 2890/35/43 2858/35/43
f 2903/61/21 2904/63/21 2872/63/21
f 2890/35/44 2891/37/44 2859/37/44
f 2904/63/584 2905/65/584 2873/65/584
f 2891/37/100 2892/39/45 2860/39/100
f 2905/65/23 2906/67/23 2874/67/23
f 2892/39/46 2893/41/46 2861/41/46
f 2906/67/96 2907/69/96 2875/69/96
f 2893/41/102 2894/43/102 2862/43/102
f 2950/27/40 2951/29/40 2919/29/40
f 2910/75/175 2942/75/175 2943/77/175
f 2897/49/176 2929/49/176 2930/51/176
f 2884/23/159 2916/23/159 2917/25/159
f 2943/77/593 2944/80/593 2912/80/593
f 2898/51/180 2930/51/180 2931/53/180
f 2917/25/599 2918/27/598 2886/27/598
f 2944/80/182 2913/81/182 2881/81/182
f 2899/53/145 2931/53/145 2932/55/145
f 2918/27/163 2919/29/163 2887/29/163
f 2900/55/152 2932/55/152 2933/57/152
f 2887/29/166 2919/29/166 2920/31/166
f 2933/57/155 2934/59/155 2902/59/155
f 2888/31/595 2920/31/595 2921/33/595
f 2934/59/158 2935/61/158 2903/61/158
f 2889/33/170 2921/33/170 2922/35/170
f 2935/61/600 2936/63/160 2904/63/160
f 2890/35/172 2922/35/172 2923/37/172
f 2936/63/162 2937/65/162 2905/65/162
f 2891/37/174 2923/37/174 2924/39/174
f 2937/65/164 2938/67/164 2906/67/164
f 2892/39/177 2924/39/177 2925/41/177
f 2938/67/596 2939/69/597 2907/69/597
f 2893/41/181 2925/41/181 2926/43/181
f 2907/69/169 2939/69/169 2940/71/169
f 2926/43/592 2927/45/592 2895/45/592
f 2881/20/151 2913/20/151 2914/18/151
f 2908/71/171 2940/71/171 2941/73/171
f 2927/45/153 2928/47/153 2896/47/153
f 2914/18/601 2915/21/601 2883/21/601
f 2941/73/173 2942/75/173 2910/75/173
f 2928/47/156 2929/49/156 2897/49/156
f 2985/33/190 2986/35/190 2954/35/190
f 2964/55/18 2965/57/18 2933/57/18
f 2951/29/41 2952/31/41 2920/31/41
f 2965/57/19 2966/59/364 2934/59/19
f 2952/31/42 2953/33/42 2921/33/42
f 2966/59/20 2967/61/20 2935/61/20
f 2953/33/43 2954/35/43 2922/35/43
f 2967/61/21 2968/63/21 2936/63/21
f 2954/35/44 2955/37/44 2923/37/44
f 2968/63/22 2969/65/584 2937/65/584
f 2955/37/100 2956/39/100 2924/39/100
f 2969/65/23 2970/67/23 2938/67/23
f 2956/39/46 2957/41/46 2925/41/46
f 2970/67/24 2971/69/24 2939/69/24
f 2957/41/47 2958/43/47 2926/43/47
f 2971/69/26 2972/71/26 2940/71/26
f 2958/43/48 2959/45/48 2927/45/48
f 2945/20/34 2946/18/34 2914/18/34
f 2972/71/27 2973/73/27 2941/73/27
f 2959/45/50 2960/47/50 2928/47/50
f 2946/18/35 2947/21/35 2915/21/35
f 2973/73/28 2974/75/28 2942/75/28
f 2960/47/107 2961/49/107 2929/49/107
f 2947/21/36 2948/23/36 2916/23/36
f 2974/75/31 2975/77/30 2943/77/30
f 2961/49/14 2962/51/14 2930/51/14
f 2948/23/37 2949/25/37 2917/25/37
f 2975/77/32 2976/80/32 2944/80/32
f 2962/51/15 2963/53/15 2931/53/15
f 2949/25/293 2950/27/293 2918/27/293
f 2976/80/33 2945/81/33 2913/81/33
f 2963/53/17 2964/55/16 2932/55/17
f 3020/39/46 3021/41/46 2989/41/46
f 2967/61/213 2999/61/213 3000/63/213
f 2986/35/192 2987/37/683 2955/37/192
f 2968/63/215 3000/63/215 3001/65/215
f 2987/37/194 2988/39/194 2956/39/194
f 2969/65/183 3001/65/183 3002/67/183
f 2988/39/197 2989/41/197 2957/41/197
f 3002/67/187 3003/69/187 2971/69/187
f 2989/41/200 2990/43/200 2958/43/200
f 3003/69/189 3004/71/189 2972/71/189
f 2958/43/203 2990/43/203 2991/45/203
f 2977/20/204 2978/18/204 2946/18/204
f 3004/71/191 3005/73/191 2973/73/191
f 2991/45/206 2992/47/206 2960/47/206
f 2946/18/207 2978/18/207 2979/21/207
f 3005/73/193 3006/75/193 2974/75/193
f 2960/47/209 2992/47/209 2993/49/209
f 2947/21/210 2979/21/210 2980/23/210
f 2974/75/195 3006/75/195 3007/77/195
f 2961/49/196 2993/49/196 2994/51/196
f 2948/23/212 2980/23/212 2981/25/212
f 3007/77/198 3008/80/198 2976/80/198
f 2962/51/199 2994/51/199 2995/53/729
f 2949/25/214 2981/25/214 2982/27/214
f 3008/80/201 2977/81/201 2945/81/201
f 2963/53/202 2995/53/202 2996/55/202
f 2950/27/216 2982/27/216 2983/29/216
f 2996/55/205 2997/57/205 2965/57/205
f 2951/29/185 2983/29/185 2984/31/185
f 2997/57/208 2998/59/208 2966/59/208
f 2984/31/188 2985/33/188 2953/33/188
f 2998/59/211 2999/61/211 2967/61/211
f 3023/45/225 3055/45/225 3056/47/225
f 3034/67/96 3035/69/96 3003/69/96
f 3021/41/47 3022/43/47 2990/43/47
f 3035/69/25 3036/71/26 3004/71/26
f 3022/43/291 3023/45/291 2991/45/291
f 3009/20/34 3010/18/34 2978/18/34
f 3036/71/27 3037/73/27 3005/73/27
f 3023/45/50 3024/47/50 2992/47/50
f 3010/18/35 3011/21/35 2979/21/35
f 3037/73/28 3038/75/28 3006/75/28
f 3024/47/51 3025/49/51 2993/49/51
f 3011/21/36 3012/23/36 2980/23/36
f 3038/75/30 3039/77/31 3007/77/30
f 3025/49/14 3026/51/14 2994/51/14
f 3012/23/37 3013/25/37 2981/25/37
f 3039/77/32 3040/80/32 3008/80/32
f 3026/51/446 3027/53/446 2995/53/446
f 3013/25/293 3014/27/293 2982/27/293
f 3040/80/103 3009/81/103 2977/81/103
f 3027/53/16 3028/55/16 2996/55/16
f 3014/27/40 3015/29/40 2983/29/40
f 3028/55/18 3029/57/18 2997/57/18
f 3015/29/41 3016/31/41 2984/31/41
f 3029/57/364 3030/59/106 2998/59/364
f 3016/31/42 3017/33/42 2985/33/42
f 3030/59/20 3031/61/20 2999/61/20
f 3017/33/43 3018/35/43 2986/35/43
f 3031/61/21 3032/63/21 3000/63/21
f 3018/35/44 3019/37/44 2987/37/44
f 3032/63/22 3033/65/584 3001/65/22
f 3019/37/100 3020/39/100 2988/39/100
f 3033/65/23 3034/67/23 3002/67/23
f 3090/51/15 3091/53/15 3059/53/15
f 3042/18/603 3043/21/603 3011/21/603
f 3037/73/246 3069/73/246 3070/75/246
f 3024/47/230 3056/47/230 3057/49/230
f 3043/21/231 3044/23/231 3012/23/231
f 3038/75/249 3070/75/607 3071/77/249
f 3057/49/250 3058/51/250 3026/51/250
f 3044/23/233 3045/25/233 3013/25/233
f 3071/77/217 3072/80/217 3040/80/217
f 3058/51/218 3059/53/218 3027/53/218
f 3045/25/609 3046/27/609 3014/27/609
f 3040/80/220 3072/80/220 3041/81/220
f 3059/53/221 3060/55/221 3028/55/221
f 3046/27/237 3047/29/237 3015/29/237
f 3060/55/224 3061/57/792 3029/57/224
f 3015/29/239 3047/29/239 3048/31/239
f 3029/57/228 3061/57/228 3062/59/229
f 3016/31/241 3048/31/241 3049/33/241
f 3030/59/232 3062/59/232 3063/61/232
f 3017/33/243 3049/33/243 3050/35/243
f 3063/61/234 3064/63/234 3032/63/234
f 3018/35/245 3050/35/245 3051/37/245
f 3064/63/236 3065/65/236 3033/65/236
f 3019/37/247 3051/37/247 3052/39/247
f 3065/65/238 3066/67/238 3034/67/238
f 3052/39/251 3053/41/251 3021/41/251
f 3034/67/240 3066/67/240 3067/69/240
f 3053/41/219 3054/43/219 3022/43/219
f 3035/69/242 3067/69/242 3068/71/242
f 3022/43/222 3054/43/222 3055/45/606
f 3009/20/223 3041/20/223 3042/18/223
f 3036/71/244 3068/71/244 3069/73/244
f 3093/57/284 3125/57/284 3126/59/284
f 3077/25/293 3078/27/448 3046/27/448
f 3104/80/33 3073/81/33 3041/81/33
f 3091/53/17 3092/55/793 3060/55/17
f 3078/27/40 3079/29/40 3047/29/40
f 3092/55/105 3093/57/104 3061/57/104
f 3079/29/41 3080/31/41 3048/31/41
f 3093/57/585 3094/59/364 3062/59/364
f 3080/31/42 3081/33/255 3049/33/255
f 3094/59/109 3095/61/20 3063/61/20
f 3081/33/43 3082/35/43 3050/35/43
f 3095/61/21 3096/63/21 3064/63/21
f 3082/35/44 3083/37/44 3051/37/44
f 3096/63/584 3097/65/22 3065/65/22
f 3083/37/733 3084/39/794 3052/39/733
f 3097/65/23 3098/67/23 3066/67/23
f 3084/39/46 3085/41/46 3053/41/46
f 3098/67/24 3099/69/24 3067/69/24
f 3085/41/146 3086/43/146 3054/43/146
f 3099/69/25 3100/71/25 3068/71/25
f 3086/43/734 3087/45/734 3055/45/734
f 3073/20/34 3074/18/34 3042/18/34
f 3100/71/27 3101/73/735 3069/73/735
f 3087/45/50 3088/47/50 3056/47/50
f 3074/18/35 3075/21/736 3043/21/736
f 3101/73/737 3102/75/29 3070/75/29
f 3088/47/107 3089/49/107 3057/49/107
f 3075/21/738 3076/23/795 3044/23/108
f 3102/75/31 3103/77/31 3071/77/31
f 3089/49/14 3090/51/14 3058/51/14
f 3076/23/613 3077/25/613 3045/25/613
f 3103/77/32 3104/80/739 3072/80/739
f 3160/63/22 3161/65/22 3129/65/22
f 3112/31/263 3113/33/263 3081/33/263
f 3094/59/287 3126/59/287 3127/61/287
f 3113/33/266 3114/35/266 3082/35/266
f 3095/61/289 3127/61/289 3128/63/289
f 3114/35/268 3115/37/268 3083/37/268
f 3096/63/257 3128/63/257 3129/65/257
f 3115/37/270 3116/39/270 3084/39/270
f 3129/65/260 3130/67/260 3098/67/260
f 3116/39/273 3117/41/273 3085/41/273
f 3130/67/262 3131/69/262 3099/69/262
f 3085/41/276 3117/41/276 3118/43/276
f 3131/69/264 3132/71/264 3100/71/264
f 3086/43/279 3118/43/279 3119/45/279
f 3073/20/280 3105/20/280 3106/18/280
f 3132/71/267 3133/73/267 3101/73/267
f 3119/45/282 3120/47/282 3088/47/282
f 3106/18/283 3107/21/283 3075/21/283
f 3133/73/269 3134/75/269 3102/75/269
f 3120/47/620 3121/49/620 3089/49/620
f 3107/21/286 3108/23/286 3076/23/286
f 3134/75/271 3135/77/271 3103/77/271
f 3089/49/272 3121/49/272 3122/51/272
f 3108/23/288 3109/25/288 3077/25/288
f 3103/77/274 3135/77/274 3136/80/274
f 3090/51/275 3122/51/275 3123/53/275
f 3077/25/253 3109/25/253 3110/27/253
f 3136/80/277 3105/81/277 3073/81/277
f 3091/53/278 3123/53/278 3124/55/278
f 3078/27/259 3110/27/259 3111/29/259
f 3092/55/281 3124/55/281 3125/57/281
f 3111/29/261 3112/31/261 3080/31/261
f 3138/85/290 3137/96/796 3168/92/290
f 3168/92/290 3167/97/290 3166/98/290
f 3166/98/290 3165/99/290 3164/100/290
f 3164/100/290 3163/101/290 3162/102/290
f 3162/102/290 3161/103/290 3160/91/290
f 3160/91/290 3159/104/290 3158/105/290
f 3158/105/290 3157/106/290 3156/107/290
f 3156/107/290 3155/108/290 3154/83/290
f 3154/83/290 3153/109/290 3152/90/290
f 3152/90/290 3151/110/290 3150/111/290
f 3150/111/290 3149/112/290 3148/113/290
f 3148/113/290 3147/114/290 3146/84/290
f 3146/84/290 3145/115/290 3144/116/290
f 3144/116/290 3143/117/290 3142/118/290
f 3142/118/290 3141/119/290 3140/120/290
f 3140/120/290 3139/121/290 3138/85/290
f 3138/85/290 3168/92/290 3166/98/290
f 3166/98/290 3164/100/290 3162/102/290
f 3162/102/290 3160/91/290 3158/105/290
f 3158/105/290 3156/107/290 3154/83/290
f 3154/83/290 3152/90/290 3150/111/290
f 3150/111/290 3148/113/290 3146/84/290
f 3146/84/290 3144/116/290 3142/118/290
f 3142/118/290 3140/120/290 3138/85/290
f 3138/85/290 3166/98/290 3162/102/290
f 3162/102/290 3158/105/290 3154/83/290
f 3154/83/290 3150/111/290 3146/84/290
f 3146/84/290 3142/118/290 3138/85/290
f 3138/85/290 3162/102/290 3154/83/290
f 3147/37/45 3148/39/45 3116/39/100
f 3161/65/23 3162/67/23 3130/67/23
f 3148/39/46 3149/41/46 3117/41/46
f 3162/67/96 3163/69/96 3131/69/96
f 3149/41/146 3150/43/146 3118/43/47
f 3163/69/25 3164/71/25 3132/71/26
f 3150/43/48 3151/45/48 3119/45/48
f 3137/20/34 3138/18/34 3106/18/34
f 3164/71/27 3165/73/27 3133/73/27
f 3151/45/50 3152/47/50 3120/47/50
f 3138/18/35 3139/21/35 3107/21/35
f 3165/73/29 3166/75/29 3134/75/29
f 3152/47/107 3153/49/107 3121/49/107
f 3139/21/108 3140/23/108 3108/23/108
f 3166/75/31 3167/77/30 3135/77/31
f 3153/49/14 3154/51/14 3122/51/14
f 3140/23/37 3141/25/37 3109/25/37
f 3167/77/32 3168/80/32 3136/80/32
f 3154/51/446 3155/53/446 3123/53/446
f 3141/25/293 3142/27/293 3110/27/293
f 3168/80/33 3137/81/33 3105/81/33
f 3155/53/16 3156/55/16 3124/55/16
f 3142/27/40 3143/29/40 3111/29/40
f 3156/55/18 3157/57/18 3125/57/18
f 3143/29/41 3144/31/41 3112/31/41
f 3157/57/106 3158/59/19 3126/59/106
f 3144/31/42 3145/33/42 3113/33/42
f 3158/59/109 3159/61/109 3127/61/20
f 3145/33/43 3146/35/43 3114/35/43
f 3159/61/21 3160/63/21 3128/63/21
f 3146/35/98 3147/37/98 3115/37/44
f 3231/79/31 3230/78/31 3198/78/31
f 2738/36/314 3177/36/314 3176/34/314
f 3186/54/622 3185/52/622 2754/52/622
f 3195/72/309 3194/70/309 2772/70/309
f 2730/28/317 3173/28/317 3172/26/317
f 2748/46/318 3182/46/318 3181/44/318
f 3191/64/312 3190/62/312 2764/62/312
f 3200/82/313 3199/79/313 2782/79/313
f 3178/38/321 3177/36/322 2738/36/321
f 3187/56/315 3186/54/315 2756/54/315
f 2776/74/698 3196/74/698 3195/72/698
f 3174/30/325 3173/28/325 2730/28/325
f 2750/48/49 3183/48/49 3182/46/49
f 2768/66/319 3192/66/319 3191/64/319
f 2724/22/295 3170/22/295 3169/19/295
f 2722/86/320 3169/86/320 3200/82/320
f 3179/40/296 3178/38/296 2740/38/296
f 2760/58/323 3188/58/323 3187/56/323
f 3197/76/324 3196/74/324 2776/74/324
f 3175/32/696 3174/30/696 2732/30/696
f 2752/50/625 3184/50/625 3183/48/625
f 2770/68/294 3193/68/294 3192/66/294
f 2726/24/302 3171/24/302 3170/22/302
f 2744/42/303 3180/42/303 3179/40/303
f 3189/60/297 3188/58/297 2760/58/297
f 3198/78/298 3197/76/298 2778/76/298
f 2736/34/623 3176/34/623 3175/32/623
f 3185/52/308 3184/50/308 2752/50/308
f 3194/70/301 3193/68/301 2770/68/301
f 2728/26/310 3172/26/310 3171/24/310
f 3181/44/311 3180/42/311 2744/42/311
f 2764/62/624 3190/62/304 3189/60/624
f 3221/60/355 3253/60/355 3252/58/355
f 3218/54/14 3217/52/14 3185/52/14
f 3205/28/37 3204/26/37 3172/26/37
f 3232/82/32 3231/79/32 3199/79/32
f 3219/56/15 3218/54/15 3186/54/15
f 3206/30/293 3205/28/293 3173/28/293
f 3201/86/33 3232/82/33 3200/82/33
f 3188/58/16 3220/58/17 3219/56/16
f 3207/32/40 3206/30/149 3174/30/40
f 3189/60/18 3221/60/18 3220/58/18
f 3208/34/41 3207/32/41 3175/32/41
f 3222/62/106 3221/60/19 3189/60/106
f 3209/36/42 3208/34/42 3176/34/42
f 3223/64/109 3222/62/20 3190/62/109
f 3210/38/43 3209/36/43 3177/36/43
f 3224/66/21 3223/64/21 3191/64/21
f 3179/40/44 3211/40/98 3210/38/44
f 3225/68/22 3224/66/22 3192/66/584
f 3180/42/100 3212/42/100 3211/40/100
f 3226/70/23 3225/68/23 3193/68/23
f 3213/44/46 3212/42/46 3180/42/46
f 3227/72/96 3226/70/96 3194/70/96
f 3214/46/47 3213/44/47 3181/44/47
f 3228/74/26 3227/72/26 3195/72/26
f 3215/48/291 3214/46/48 3182/46/291
f 3202/22/34 3201/19/34 3169/19/34
f 3229/76/27 3228/74/27 3196/74/27
f 3184/50/50 3216/50/50 3215/48/50
f 3203/24/35 3202/22/35 3170/22/35
f 3230/78/29 3229/76/28 3197/76/29
f 3217/52/51 3216/50/107 3184/50/51
f 3204/26/36 3203/24/36 3171/24/36
f 3288/66/21 3287/64/21 3255/64/21
f 3240/34/333 3239/32/333 3207/32/333
f 3254/62/358 3253/60/358 3221/60/358
f 3241/36/335 3240/34/335 3208/34/335
f 3255/64/361 3254/62/361 3222/62/361
f 3210/38/338 3242/38/337 3241/36/338
f 3256/66/328 3255/64/328 3223/64/328
f 3211/40/340 3243/40/340 3242/38/340
f 3257/68/330 3256/66/330 3224/66/330
f 3212/42/342 3244/42/342 3243/40/342
f 3226/70/332 3258/70/332 3257/68/332
f 3213/44/346 3245/44/346 3244/42/346
f 3227/72/334 3259/72/334 3258/70/334
f 3214/46/349 3246/46/349 3245/44/349
f 3260/74/336 3259/72/336 3227/72/336
f 3215/48/352 3247/48/352 3246/46/353
f 3234/22/354 3233/19/354 3201/19/354
f 3229/76/339 3261/76/339 3260/74/339
f 3216/50/356 3248/50/356 3247/48/356
f 3235/24/357 3234/22/357 3202/22/357
f 3262/78/341 3261/76/341 3229/76/341
f 3217/52/627 3249/52/627 3248/50/627
f 3236/26/360 3235/24/360 3203/24/360
f 3231/79/343 3263/79/343 3262/78/343
f 3218/54/344 3250/54/344 3249/52/344
f 3205/28/326 3237/28/326 3236/26/326
f 3232/82/347 3264/82/797 3263/79/347
f 3219/56/348 3251/56/348 3250/54/348
f 3238/30/329 3237/28/329 3205/28/329
f 3233/86/350 3264/82/350 3232/82/350
f 3252/58/351 3251/56/351 3219/56/351
f 3207/32/331 3239/32/331 3238/30/331
f 3291/72/400 3323/72/400 3322/70/400
f 3275/40/44 3274/38/44 3242/38/44
f 3289/68/22 3288/66/22 3256/66/22
f 3276/42/45 3275/40/100 3243/40/45
f 3290/70/23 3289/68/23 3257/68/23
f 3277/44/46 3276/42/46 3244/42/46
f 3259/72/96 3291/72/96 3290/70/96
f 3278/46/102 3277/44/102 3245/44/102
f 3260/74/25 3292/74/25 3291/72/25
f 3279/48/48 3278/46/48 3246/46/48
f 3234/22/34 3266/22/34 3265/19/34
f 3261/76/27 3293/76/576 3292/74/576
f 3280/50/50 3279/48/50 3247/48/50
f 3235/24/35 3267/24/35 3266/22/35
f 3262/78/29 3294/78/99 3293/76/99
f 3281/52/51 3280/50/51 3248/50/51
f 3268/26/36 3267/24/36 3235/24/36
f 3295/79/31 3294/78/31 3262/78/30
f 3282/54/14 3281/52/14 3249/52/14
f 3237/28/37 3269/28/38 3268/26/38
f 3296/82/32 3295/79/32 3263/79/32
f 3283/56/15 3282/54/15 3250/54/15
f 3270/30/39 3269/28/39 3237/28/53
f 3265/86/33 3296/82/33 3264/82/33
f 3284/58/17 3283/56/17 3251/56/17
f 3271/32/184 3270/30/184 3238/30/184
f 3285/60/18 3284/58/18 3252/58/18
f 3272/34/41 3271/32/41 3239/32/41
f 3286/62/106 3285/60/106 3253/60/364
f 3273/36/42 3272/34/42 3240/34/42
f 3287/64/110 3286/62/110 3254/62/109
f 3274/38/43 3273/36/43 3241/36/43
f 3331/24/35 3330/22/35 3298/22/35
f 3278/46/373 3310/46/373 3309/44/373
f 3292/74/403 3324/74/403 3323/72/403
f 3311/48/742 3310/46/742 3278/46/742
f 3298/22/379 3297/19/762 3265/19/379
f 3325/76/405 3324/74/405 3292/74/405
f 3312/50/382 3311/48/381 3279/48/382
f 3267/24/629 3299/24/629 3298/22/629
f 3326/78/365 3325/76/365 3293/76/365
f 3281/52/385 3313/52/385 3312/50/385
f 3268/26/386 3300/26/386 3299/24/386
f 3295/79/743 3327/79/798 3326/78/368
f 3282/54/369 3314/54/369 3313/52/369
f 3269/28/390 3301/28/390 3300/26/390
f 3296/82/371 3328/82/371 3327/79/371
f 3315/56/372 3314/54/372 3282/54/372
f 3270/30/393 3302/30/393 3301/28/393
f 3265/86/374 3297/86/374 3328/82/374
f 3316/58/376 3315/56/377 3283/56/377
f 3303/32/396 3302/30/799 3270/30/396
f 3317/60/380 3316/58/380 3284/58/380
f 3304/34/398 3303/32/398 3271/32/398
f 3318/62/384 3317/60/384 3285/60/384
f 3273/36/401 3305/36/401 3304/34/401
f 3319/64/389 3318/62/389 3286/62/389
f 3306/38/404 3305/36/404 3273/36/404
f 3320/66/392 3319/64/392 3287/64/392
f 3307/40/362 3306/38/362 3274/38/362
f 3289/68/395 3321/68/395 3320/66/395
f 3308/42/366 3307/40/366 3275/40/366
f 3322/70/633 3321/68/633 3289/68/633
f 3277/44/370 3309/44/370 3308/42/370
f 3366/30/413 3365/28/413 3333/28/413
f 3358/78/29 3357/76/29 3325/76/29
f 3345/52/107 3344/50/107 3312/50/107
f 3332/26/108 3331/24/108 3299/24/108
f 3359/79/30 3358/78/575 3326/78/30
f 3346/54/14 3345/52/14 3313/52/14
f 3333/28/37 3332/26/37 3300/26/37
f 3360/82/32 3359/79/32 3327/79/32
f 3347/56/15 3346/54/446 3314/54/15
f 3334/30/293 3333/28/293 3301/28/293
f 3329/86/33 3360/82/694 3328/82/33
f 3348/58/17 3347/56/16 3315/56/16
f 3335/32/40 3334/30/40 3302/30/40
f 3349/60/18 3348/58/18 3316/58/18
f 3336/34/41 3335/32/41 3303/32/41
f 3350/62/19 3349/60/19 3317/60/19
f 3337/36/42 3336/34/42 3304/34/42
f 3351/64/110 3350/62/110 3318/62/110
f 3338/38/43 3337/36/43 3305/36/43
f 3352/66/21 3351/64/21 3319/64/21
f 3339/40/44 3338/38/44 3306/38/44
f 3353/68/22 3352/66/22 3320/66/22
f 3340/42/100 3339/40/100 3307/40/100
f 3354/70/23 3353/68/23 3321/68/23
f 3341/44/46 3340/42/46 3308/42/46
f 3355/72/96 3354/70/96 3322/70/96
f 3342/46/47 3341/44/146 3309/44/47
f 3356/74/26 3355/72/26 3323/72/26
f 3343/48/48 3342/46/291 3310/46/48
f 3330/22/34 3329/19/34 3297/19/34
f 3357/76/27 3356/74/27 3324/74/27
f 3344/50/50 3343/48/50 3311/48/50
f 3401/36/42 3400/34/42 3368/34/42
f 3361/86/705 3392/82/434 3360/82/705
f 3380/58/435 3379/56/435 3347/56/435
f 3335/32/415 3367/32/415 3366/30/415
f 3349/60/440 3381/60/441 3380/58/440
f 3368/34/636 3367/32/636 3335/32/636
f 3382/62/406 3381/60/406 3349/60/406
f 3337/36/421 3369/36/421 3368/34/421
f 3351/64/409 3383/64/409 3382/62/409
f 3370/38/423 3369/36/423 3337/36/423
f 3352/66/411 3384/66/411 3383/64/411
f 3371/40/425 3370/38/635 3338/38/635
f 3353/68/414 3385/68/414 3384/66/414
f 3372/42/634 3371/40/634 3339/40/634
f 3354/70/637 3386/70/637 3385/68/417
f 3341/44/430 3373/44/430 3372/42/430
f 3355/72/420 3387/72/420 3386/70/420
f 3374/46/433 3373/44/433 3341/44/433
f 3388/74/422 3387/72/422 3355/72/422
f 3375/48/641 3374/46/437 3342/46/437
f 3330/22/439 3362/22/439 3361/19/439
f 3357/76/424 3389/76/800 3388/74/424
f 3376/50/442 3375/48/442 3343/48/442
f 3363/24/443 3362/22/443 3330/22/443
f 3358/78/426 3390/78/426 3389/76/426
f 3377/52/407 3376/50/407 3344/50/407
f 3332/26/408 3364/26/408 3363/24/408
f 3391/79/428 3390/78/428 3358/78/428
f 3378/54/429 3377/52/429 3345/52/429
f 3333/28/410 3365/28/410 3364/26/410
f 3360/82/431 3392/82/431 3391/79/431
f 3379/56/432 3378/54/801 3346/54/432
f 3436/42/456 3435/40/456 3403/40/456
f 3415/64/109 3414/62/20 3382/62/20
f 3402/38/43 3401/36/43 3369/36/43
f 3416/66/21 3415/64/21 3383/64/21
f 3403/40/44 3402/38/44 3370/38/44
f 3417/68/22 3416/66/584 3384/66/584
f 3404/42/100 3403/40/45 3371/40/45
f 3418/70/23 3417/68/23 3385/68/23
f 3405/44/46 3404/42/46 3372/42/46
f 3419/72/24 3418/70/96 3386/70/96
f 3406/46/146 3405/44/47 3373/44/47
f 3420/74/26 3419/72/25 3387/72/25
f 3407/48/147 3406/46/147 3374/46/147
f 3394/22/34 3393/19/34 3361/19/34
f 3421/76/27 3420/74/27 3388/74/27
f 3408/50/50 3407/48/50 3375/48/50
f 3395/24/35 3394/22/292 3362/22/292
f 3422/78/29 3421/76/29 3389/76/29
f 3409/52/51 3408/50/107 3376/50/107
f 3396/26/108 3395/24/36 3363/24/36
f 3423/79/30 3422/78/30 3390/78/30
f 3410/54/14 3409/52/14 3377/52/14
f 3397/28/37 3396/26/37 3364/26/37
f 3424/82/32 3423/79/32 3391/79/32
f 3411/56/15 3410/54/15 3378/54/15
f 3398/30/293 3397/28/53 3365/28/293
f 3393/86/103 3424/82/103 3392/82/103
f 3412/58/17 3411/56/17 3379/56/17
f 3399/32/184 3398/30/149 3366/30/149
f 3413/60/18 3412/58/18 3380/58/18
f 3400/34/41 3399/32/41 3367/32/41
f 3414/62/19 3413/60/106 3381/60/106
f 3471/48/291 3470/46/48 3438/46/48
f 3450/70/485 3449/68/485 3417/68/485
f 3437/44/647 3436/42/647 3404/42/647
f 3451/72/487 3450/70/487 3418/70/487
f 3438/46/464 3437/44/464 3405/44/464
f 3420/74/445 3452/74/445 3451/72/444
f 3439/48/468 3438/46/468 3406/46/468
f 3394/22/469 3426/22/469 3425/19/469
f 3421/76/452 3453/76/452 3452/74/744
f 3408/50/472 3440/50/472 3439/48/472
f 3427/24/474 3426/22/474 3394/22/474
f 3454/78/650 3453/76/455 3421/76/455
f 3409/52/476 3441/52/776 3440/50/476
f 3396/26/644 3428/26/644 3427/24/644
f 3455/79/457 3454/78/457 3422/78/457
f 3442/54/648 3441/52/648 3409/52/648
f 3397/28/480 3429/28/643 3428/26/480
f 3424/82/461 3456/82/461 3455/79/461
f 3411/56/463 3443/56/463 3442/54/462
f 3430/30/482 3429/28/482 3397/28/482
f 3425/86/465 3456/82/465 3424/82/465
f 3412/58/466 3444/58/466 3443/56/466
f 3431/32/484 3430/30/642 3398/30/484
f 3413/60/709 3445/60/709 3444/58/645
f 3400/34/486 3432/34/486 3431/32/486
f 3414/62/475 3446/62/475 3445/60/475
f 3401/36/488 3433/36/488 3432/34/488
f 3415/64/479 3447/64/479 3446/62/479
f 3402/38/450 3434/38/450 3433/36/450
f 3448/66/481 3447/64/481 3415/64/481
f 3403/40/454 3435/40/454 3434/38/454
f 3449/68/745 3448/66/483 3416/66/483
f 3474/54/520 3506/54/520 3505/52/520
f 3458/22/34 3457/19/34 3425/19/34
f 3485/76/27 3484/74/27 3452/74/27
f 3472/50/50 3471/48/50 3439/48/50
f 3459/24/35 3458/22/35 3426/22/35
f 3486/78/99 3485/76/99 3453/76/99
f 3473/52/107 3472/50/107 3440/50/107
f 3460/26/108 3459/24/108 3427/24/108
f 3487/79/31 3486/78/101 3454/78/31
f 3474/54/14 3473/52/14 3441/52/14
f 3461/28/37 3460/26/37 3428/26/37
f 3488/82/32 3487/79/32 3455/79/32
f 3475/56/15 3474/54/15 3442/54/15
f 3462/30/447 3461/28/449 3429/28/449
f 3457/86/33 3488/82/33 3456/82/33
f 3476/58/16 3475/56/16 3443/56/16
f 3463/32/40 3462/30/149 3430/30/40
f 3477/60/18 3476/58/18 3444/58/18
f 3464/34/41 3463/32/41 3431/32/41
f 3478/62/19 3477/60/19 3445/60/19
f 3465/36/42 3464/34/42 3432/34/42
f 3479/64/110 3478/62/109 3446/62/109
f 3466/38/43 3465/36/43 3433/36/43
f 3480/66/21 3479/64/21 3447/64/21
f 3467/40/44 3466/38/44 3434/38/44
f 3481/68/584 3480/66/584 3448/66/584
f 3468/42/100 3467/40/100 3435/40/100
f 3482/70/23 3481/68/23 3449/68/23
f 3469/44/46 3468/42/46 3436/42/46
f 3483/72/96 3482/70/96 3450/70/96
f 3470/46/146 3469/44/146 3437/44/146
f 3484/74/25 3483/72/25 3451/72/25
f 3541/60/18 3540/58/18 3508/58/18
f 3493/28/500 3492/26/500 3460/26/500
f 3520/82/522 3519/79/522 3487/79/522
f 3507/56/524 3506/54/524 3474/54/524
f 3494/30/504 3493/28/504 3461/28/504
f 3489/86/527 3520/82/653 3488/82/527
f 3476/58/747 3508/58/747 3507/56/747
f 3463/32/506 3495/32/506 3494/30/506
f 3509/60/490 3508/58/490 3476/58/490
f 3496/34/509 3495/32/509 3463/32/509
f 3510/62/494 3509/60/494 3477/60/494
f 3497/36/511 3496/34/511 3464/34/511
f 3511/64/499 3510/62/499 3478/62/499
f 3498/38/656 3497/36/513 3465/36/513
f 3480/66/501 3512/66/502 3511/64/501
f 3499/40/516 3498/38/516 3466/38/516
f 3481/68/505 3513/68/505 3512/66/659
f 3468/42/518 3500/42/518 3499/40/518
f 3482/70/508 3514/70/508 3513/68/508
f 3469/44/521 3501/44/521 3500/42/521
f 3483/72/510 3515/72/510 3514/70/510
f 3502/46/526 3501/44/526 3469/44/526
f 3484/74/512 3516/74/512 3515/72/512
f 3503/48/529 3502/46/529 3470/46/529
f 3490/22/489 3489/19/489 3457/19/489
f 3485/76/514 3517/76/514 3516/74/514
f 3472/50/492 3504/50/492 3503/48/492
f 3491/24/493 3490/22/493 3458/22/493
f 3486/78/517 3518/78/802 3517/76/517
f 3473/52/496 3505/52/496 3504/50/496
f 3460/26/498 3492/26/498 3491/24/498
f 3487/79/519 3519/79/519 3518/78/519
f 3576/66/568 3575/64/568 3543/64/568
f 3528/34/41 3527/32/41 3495/32/41
f 3542/62/19 3541/60/585 3509/60/148
f 3529/36/42 3528/34/42 3496/34/42
f 3543/64/20 3542/62/20 3510/62/20
f 3530/38/43 3529/36/43 3497/36/43
f 3544/66/21 3543/64/21 3511/64/21
f 3531/40/44 3530/38/44 3498/38/44
f 3545/68/22 3544/66/584 3512/66/584
f 3532/42/45 3531/40/45 3499/40/45
f 3546/70/23 3545/68/23 3513/68/23
f 3533/44/46 3532/42/46 3500/42/46
f 3547/72/96 3546/70/24 3514/70/24
f 3534/46/47 3533/44/47 3501/44/47
f 3548/74/25 3547/72/25 3515/72/25
f 3535/48/291 3534/46/48 3502/46/291
f 3522/22/34 3521/19/34 3489/19/34
f 3549/76/27 3548/74/27 3516/74/27
f 3536/50/50 3535/48/50 3503/48/50
f 3523/24/35 3522/22/35 3490/22/35
f 3550/78/28 3549/76/28 3517/76/28
f 3537/52/107 3536/50/107 3504/50/107
f 3524/26/108 3523/24/108 3491/24/108
f 3551/79/30 3550/78/30 3518/78/30
f 3538/54/14 3537/52/14 3505/52/14
f 3525/28/37 3524/26/37 3492/26/37
f 3552/82/32 3551/79/32 3519/79/32
f 3539/56/446 3538/54/446 3506/54/446
f 3526/30/293 3525/28/293 3493/28/293
f 3521/86/33 3552/82/33 3520/82/33
f 3540/58/17 3539/56/16 3507/56/16
f 3527/32/184 3526/30/184 3494/30/184
f 3601/52/107 3600/50/107 3568/50/107
f 3531/40/540 3563/40/803 3562/38/540
f 3577/68/570 3576/66/750 3544/66/750
f 3532/42/542 3564/42/542 3563/40/751
f 3578/70/720 3577/68/573 3545/68/573
f 3565/44/670 3564/42/670 3532/42/670
f 3579/72/533 3578/70/533 3546/70/533
f 3566/46/549 3565/44/549 3533/44/549
f 3580/74/752 3579/72/752 3547/72/752
f 3567/48/553 3566/46/553 3534/46/553
f 3522/22/554 3554/22/554 3553/19/554
f 3581/76/539 3580/74/753 3548/74/753
f 3568/50/557 3567/48/557 3535/48/557
f 3555/24/559 3554/22/558 3522/22/558
f 3582/78/541 3581/76/541 3549/76/541
f 3569/52/562 3568/50/562 3536/50/562
f 3556/26/666 3555/24/666 3523/24/666
f 3551/79/543 3583/79/543 3582/78/543
f 3570/54/754 3569/52/544 3537/52/544
f 3557/28/755 3556/26/755 3524/26/755
f 3552/82/756 3584/82/756 3583/79/547
f 3571/56/548 3570/54/548 3538/54/548
f 3526/30/662 3558/30/662 3557/28/663
f 3521/86/550 3553/86/550 3584/82/550
f 3540/58/551 3572/58/551 3571/56/551
f 3559/32/661 3558/30/572 3526/30/572
f 3541/60/556 3573/60/556 3572/58/556
f 3528/34/757 3560/34/757 3559/32/660
f 3574/62/560 3573/60/560 3541/60/560
f 3529/36/673 3561/36/673 3560/34/673
f 3575/64/665 3574/62/565 3542/62/565
f 3530/38/538 3562/38/538 3561/36/538
f 3585/89/574 3586/122/574 3587/95/574
f 3587/95/574 3588/123/574 3589/124/574
f 3589/124/574 3590/125/574 3591/126/574
f 3591/126/574 3592/127/574 3593/128/574
f 3593/128/574 3594/129/764 3595/94/574
f 3595/94/574 3596/130/574 3597/131/574
f 3597/131/574 3598/132/574 3599/133/574
f 3599/133/574 3600/134/574 3601/87/574
f 3601/87/574 3602/135/574 3603/93/574
f 3603/93/574 3604/136/574 3605/137/574
f 3605/137/574 3606/138/804 3607/139/574
f 3607/139/574 3608/140/574 3609/88/574
f 3609/88/574 3610/141/574 3611/142/574
f 3611/142/574 3612/143/574 3613/144/574
f 3613/144/574 3614/145/574 3615/146/574
f 3615/146/574 3616/147/574 3585/89/574
f 3585/89/574 3587/95/574 3589/124/574
f 3589/124/574 3591/126/574 3593/128/574
f 3593/128/574 3595/94/574 3597/131/574
f 3597/131/574 3599/133/574 3601/87/574
f 3601/87/574 3603/93/574 3605/137/574
f 3605/137/574 3607/139/574 3609/88/574
f 3609/88/574 3611/142/574 3613/144/574
f 3613/144/574 3615/146/574 3585/89/574
f 3585/89/574 3589/124/574 3593/128/574
f 3593/128/574 3597/131/574 3601/87/574
f 3601/87/574 3605/137/574 3609/88/574
f 3609/88/574 3613/144/574 3585/89/574
f 3585/89/574 3593/128/574 3601/87/574
f 3615/79/31 3614/78/31 3582/78/31
f 3602/54/14 3601/52/14 3569/52/14
f 3616/82/32 3615/79/32 3583/79/32
f 3586/22/34 3585/19/34 3553/19/34
f 3603/56/15 3602/54/15 3570/54/15
f 3585/86/33 3616/82/33 3584/82/33
f 3587/24/35 3586/22/35 3554/22/35
f 3604/58/17 3603/56/17 3571/56/17
f 3588/26/108 3587/24/108 3555/24/108
f 3605/60/18 3604/58/18 3572/58/18
f 3592/34/41 3591/32/41 3559/32/41
f 3589/28/37 3588/26/37 3556/26/37
f 3606/62/19 3605/60/19 3573/60/19
f 3593/36/42 3592/34/42 3560/34/42
f 3590/30/293 3589/28/293 3557/28/293
f 3607/64/110 3606/62/110 3574/62/110
f 3594/38/43 3593/36/43 3561/36/43
f 3591/32/149 3590/30/149 3558/30/149
f 3608/66/21 3607/64/21 3575/64/21
f 3595/40/44 3594/38/44 3562/38/44
f 3609/68/22 3608/66/584 3576/66/22
f 3596/42/100 3595/40/100 3563/40/100
f 3610/70/23 3609/68/23 3577/68/23
f 3597/44/46 3596/42/46 3564/42/46
f 3611/72/24 3610/70/24 3578/70/24
f 3598/46/146 3597/44/146 3565/44/146
f 3612/74/26 3611/72/25 3579/72/25
f 3599/48/291 3598/46/291 3566/46/291
f 3613/76/27 3612/74/27 3580/74/27
f 3600/50/50 3599/48/50 3567/48/50
f 3614/78/28 3613/76/99 3581/76/29
o Pinturas
v 2.316611 5.110714 1.771419
v 2.313724 5.113571 4.167219
v -2.321512 5.110424 1.765830
v -2.324399 5.113280 4.161630
v -2.321505 4.990620 1.765973
v 2.316618 4.990910 1.771562
v 2.313731 4.993766 4.167360
v -2.324392 4.993476 4.161773
v 2.317234 -5.106194 1.783599
v 2.314347 -5.103337 4.179399
v -2.320889 -5.106484 1.778010
v -2.323776 -5.103628 4.173810
v -2.320896 -4.986680 1.777867
v 2.317227 -4.986390 1.783456
v 2.314340 -4.983533 4.179255
v -2.323783 -4.983822 4.173666
vn -0.0001 1.0000 -0.0012
vn 0.0001 -1.0000 0.0012
vn -0.0012 0.0012 1.0000
vn 0.0012 -0.0012 -1.0000
vn -1.0000 -0.0001 -0.0012
vn 1.0000 0.0001 0.0012
vt -0.002918 -0.000145
vt 0.996717 1.001696
vt 0.995167 -0.001696
vt -0.002918 0.001405
vt 0.273017 1.000000
vt 0.726983 0.988274
vt 0.726983 1.000000
vt 0.273017 0.988274
vt 1.000000 0.382753
vt 0.988274 0.617247
vt 1.000000 0.617247
vt 0.988274 0.382753
vt 0.995167 -0.001695
vt 0.003283 0.998595
vt -0.001367 0.012256
vt 0.726983 0.011726
vt 0.273017 0.000000
vt 0.726983 0.000000
vt 0.273017 0.011726
vt 0.011726 0.617247
vt 0.000000 0.382753
vt 0.000000 0.617247
vt 0.011726 0.382753
vt -0.001367 1.000145
vt 0.003283 0.995495
vt -0.006018 0.006055
s 1
usemtl Material.002
f 3619/148/805 3618/149/805 3617/150/805
f 3623/149/806 3621/151/806 3622/150/806
f 3620/152/807 3623/153/807 3618/154/807
f 3617/154/808 3621/155/808 3619/152/808
f 3619/156/809 3624/157/809 3620/158/809
f 3618/158/810 3622/159/810 3617/156/810
f 3625/160/806 3628/161/806 3627/162/806
f 3631/163/807 3628/164/807 3626/165/807
f 3629/166/808 3625/165/808 3627/164/808
f 3632/167/809 3627/168/809 3628/169/809
f 3630/170/810 3626/169/810 3625/168/810
f 3619/148/805 3620/171/805 3618/149/805
f 3623/149/806 3624/172/806 3621/151/806
f 3620/152/807 3624/155/807 3623/153/807
f 3617/154/808 3622/153/808 3621/155/808
f 3619/156/809 3621/159/809 3624/157/809
f 3618/158/810 3623/157/810 3622/159/810
f 3625/160/806 3626/149/806 3628/161/806
f 3631/163/807 3632/166/807 3628/164/807
f 3629/166/808 3630/163/808 3625/165/808
f 3632/167/809 3629/170/809 3627/168/809
f 3630/170/810 3631/167/810 3626/169/810
usemtl Material.003
f 3630/160/805 3632/161/805 3631/149/805
f 3630/160/805 3629/173/805 3632/161/805
o Piso
v -5.126413 5.125780 -0.012287
v -5.125787 -5.126420 -0.000066
v 5.125787 5.126420 0.000066
v 5.126413 -5.125780 0.012287
vn -0.0012 0.0012 1.0000
vt 1.000000 0.000000
vt 0.000000 1.000000
vt 0.000000 0.000000
vt 1.000000 1.000000
s 1
usemtl Piso
f 3634/174/811 3635/175/811 3633/176/811
f 3634/174/811 3636/177/811 3635/175/811
o Portal
v -9.432363 -1.213740 2.585880
v -9.432511 1.218748 2.582980
v -9.429304 1.215576 -0.078889
v -9.429155 -1.216913 -0.075989
vn 1.0000 0.0001 0.0012
vt 0.343604 0.656396
vt 0.656396 0.343604
vt 0.343604 0.343604
vt 0.656396 0.656396
s 1
usemtl Material.001
f 3637/178/812 3639/179/812 3638/180/812
f 3637/178/812 3640/181/812 3639/179/812
o PuertaDeslizable
v -5.861557 -1.213517 2.590182
v -5.861705 1.218972 2.587282
v -5.858498 1.215799 -0.074587
v -5.858349 -1.216689 -0.071687
vn 1.0000 0.0001 0.0012
vt 0.343604 0.656396
vt 0.656396 0.343604
vt 0.343604 0.343604
vt 0.656396 0.656396
s 1
usemtl Material.001
f 3641/182/813 3643/183/813 3642/184/813
f 3641/182/813 3644/185/813 3643/183/813
o Puertas
v 5.081605 1.435110 -0.037003
v 5.081693 -0.001414 -0.035291
v 5.078254 1.438425 2.744018
v 5.078342 0.001901 2.745730
v 5.006420 1.438421 2.743931
v 5.009771 1.435106 -0.037090
v 5.009859 -0.001418 -0.035378
v 5.006508 0.001897 2.745644
v 5.081781 -1.434574 -0.033583
v 5.081693 0.001950 -0.035295
v 5.078430 -1.431259 2.747438
v 5.078342 0.005265 2.745726
v 5.006595 -1.431263 2.747352
v 5.009947 -1.434579 -0.033669
v 5.009859 0.001946 -0.035382
v 5.006508 0.005261 2.745640
vn 1.0000 0.0001 0.0012
vn -1.0000 -0.0001 -0.0012
vn 0.0001 -1.0000 0.0012
vn -0.0001 1.0000 -0.0012
vn -0.0012 0.0012 1.0000
vn 0.0012 -0.0012 -1.0000
vt 0.297305 0.935592
vt 0.710632 0.064408
vt 0.297305 0.064408
vt 0.704889 0.066079
vt 0.295111 0.933921
vt 0.295111 0.066079
vt 0.710632 0.935592
vt 0.302181 0.065927
vt 0.708402 0.934073
vt 0.302181 0.934073
vt 0.708402 0.065927
vt 0.704889 0.933921
s 1
usemtl Puerta
f 3647/186/814 3646/187/814 3645/188/814
f 3651/189/815 3649/190/815 3650/191/815
f 3648/192/816 3651/187/816 3646/187/816
f 3645/188/817 3649/186/817 3647/186/817
f 3647/186/818 3652/192/818 3648/192/818
f 3646/187/819 3650/188/819 3645/188/819
f 3653/193/814 3656/194/814 3655/195/814
f 3658/193/815 3660/194/815 3659/196/815
f 3659/196/817 3656/194/817 3654/196/817
f 3657/195/816 3653/193/816 3655/195/816
f 3660/194/818 3655/195/818 3656/194/818
f 3658/193/819 3654/196/819 3653/193/819
f 3647/186/814 3648/192/814 3646/187/814
f 3651/189/815 3652/197/815 3649/190/815
f 3648/192/816 3652/192/816 3651/187/816
f 3645/188/817 3650/188/817 3649/186/817
f 3647/186/818 3649/186/818 3652/192/818
f 3646/187/819 3651/187/819 3650/188/819
f 3653/193/814 3654/196/814 3656/194/814
f 3658/193/815 3657/195/815 3660/194/815
f 3659/196/817 3660/194/817 3656/194/817
f 3657/195/816 3658/193/816 3653/193/816
f 3660/194/818 3657/195/818 3655/195/818
f 3658/193/819 3659/196/819 3654/196/819
o Techo
v -5.133085 -5.119201 6.057033
v -5.133712 5.132999 6.044816
v 5.119115 -5.118559 6.069386
v 5.118488 5.133640 6.057168
vn 0.0012 -0.0012 -1.0000
vt 2.695688 -1.695688
vt -1.695688 2.695688
vt -1.695688 -1.695688
vt 2.695688 2.695688
s 1
usemtl Concreto
f 3662/198/820 3663/199/820 3661/200/820
f 3662/198/820 3664/201/820 3663/199/820
